county,county_date,area,confirmed_cases,date
Sutter,,Live Oak,68.0,2020-07-19 00:00:00
Sutter,,Other,52.0,2020-07-19 00:00:00
Sutter,,Yuba City,400.0,2020-07-19 00:00:00
Sutter,,Live Oak,68.0,2020-07-20 00:00:00
Sutter,,Other,55.0,2020-07-20 00:00:00
Sutter,,Yuba City,416.0,2020-07-20 00:00:00
Sutter,,Live Oak,72.0,2020-07-22 00:00:00
Sutter,,Other,58.0,2020-07-22 00:00:00
Sutter,,Yuba City,437.0,2020-07-22 00:00:00
Sutter,,Live Oak,79.0,2020-07-23 00:00:00
Sutter,,Other,60.0,2020-07-23 00:00:00
Sutter,,Yuba City,462.0,2020-07-23 00:00:00
Sutter,,Live Oak,81.0,2020-07-24 00:00:00
Sutter,,Other,60.0,2020-07-24 00:00:00
Sutter,,Yuba City,474.0,2020-07-24 00:00:00
Sutter,,Live Oak,84.0,2020-07-25 00:00:00
Sutter,,Other,64.0,2020-07-25 00:00:00
Sutter,,Yuba City,489.0,2020-07-25 00:00:00
Sutter,,Live Oak,84.0,2020-07-26 00:00:00
Sutter,,Other,67.0,2020-07-26 00:00:00
Sutter,,Yuba City,496.0,2020-07-26 00:00:00
Sutter,,Live Oak,84.0,2020-07-28 00:00:00
Sutter,,Other,70.0,2020-07-28 00:00:00
Sutter,,Yuba City,516.0,2020-07-28 00:00:00
Sutter,,Live Oak,88.0,2020-07-29 00:00:00
Sutter,,Other,72.0,2020-07-29 00:00:00
Sutter,,Yuba City,571.0,2020-07-29 00:00:00
Sutter,,Live Oak,88.0,2020-07-30 00:00:00
Sutter,,Other,73.0,2020-07-30 00:00:00
Sutter,,Yuba City,594.0,2020-07-30 00:00:00
Sutter,,Live Oak,89.0,2020-07-31 00:00:00
Sutter,,Other,74.0,2020-07-31 00:00:00
Sutter,,Yuba City,605.0,2020-07-31 00:00:00
Sutter,,Live Oak,90.0,2020-08-01 00:00:00
Sutter,,Other,73.0,2020-08-01 00:00:00
Sutter,,Yuba City,623.0,2020-08-01 00:00:00
Sutter,,Live Oak,81.0,2020-08-03 00:00:00
Sutter,,Other,75.0,2020-08-03 00:00:00
Sutter,,Yuba City,629.0,2020-08-03 00:00:00
Sutter,,Live Oak,97.0,2020-08-04 00:00:00
Sutter,,Other,74.0,2020-08-04 00:00:00
Sutter,,Yuba City,669.0,2020-08-04 00:00:00
Sutter,,Live Oak,103.0,2020-08-05 00:00:00
Sutter,,Other,77.0,2020-08-05 00:00:00
Sutter,,Yuba City,701.0,2020-08-05 00:00:00
Sutter,,Live Oak,107.0,2020-08-06 00:00:00
Sutter,,Other,77.0,2020-08-06 00:00:00
Sutter,,Yuba City,709.0,2020-08-06 00:00:00
Sutter,,Live Oak,111.0,2020-08-07 00:00:00
Sutter,,Other,77.0,2020-08-07 00:00:00
Sutter,,Yuba City,733.0,2020-08-07 00:00:00
Sutter,,Live Oak,115.0,2020-08-08 00:00:00
Sutter,,Other,77.0,2020-08-08 00:00:00
Sutter,,Yuba City,750.0,2020-08-08 00:00:00
Sutter,,Live Oak,124.0,2020-08-11 00:00:00
Sutter,,Other,83.0,2020-08-11 00:00:00
Sutter,,Yuba City,812.0,2020-08-11 00:00:00
Sutter,,Live Oak,127.0,2020-08-12 00:00:00
Sutter,,Other,85.0,2020-08-12 00:00:00
Sutter,,Yuba City,829.0,2020-08-12 00:00:00
Sutter,,Live Oak,128.0,2020-08-13 00:00:00
Sutter,,Other,90.0,2020-08-13 00:00:00
Sutter,,Yuba City,852.0,2020-08-13 00:00:00
Sutter,,Live Oak,129.0,2020-08-14 00:00:00
Sutter,,Other,90.0,2020-08-14 00:00:00
Sutter,,Yuba City,872.0,2020-08-14 00:00:00
Sutter,,Live Oak,135.0,2020-08-16 00:00:00
Sutter,,Other,96.0,2020-08-16 00:00:00
Sutter,,Yuba City,906.0,2020-08-16 00:00:00
Sutter,,Live Oak,138.0,2020-08-17 00:00:00
Sutter,,Other,97.0,2020-08-17 00:00:00
Sutter,,Yuba City,922.0,2020-08-17 00:00:00
Sutter,,Live Oak,144.0,2020-08-18 00:00:00
Sutter,,Other,97.0,2020-08-18 00:00:00
Sutter,,Yuba City,937.0,2020-08-18 00:00:00
Sutter,,Live Oak,145.0,2020-08-19 00:00:00
Sutter,,Other,99.0,2020-08-19 00:00:00
Sutter,,Yuba City,942.0,2020-08-19 00:00:00
Sutter,,Live Oak,149.0,2020-08-20 00:00:00
Sutter,,Other,99.0,2020-08-20 00:00:00
Sutter,,Yuba City,965.0,2020-08-20 00:00:00
Sutter,,Live Oak,149.0,2020-08-21 00:00:00
Sutter,,Other,99.0,2020-08-21 00:00:00
Sutter,,Yuba City,975.0,2020-08-21 00:00:00
Sutter,,Live Oak,149.0,2020-08-23 00:00:00
Sutter,,Other,101.0,2020-08-23 00:00:00
Sutter,,Yuba City,1010.0,2020-08-23 00:00:00
Sutter,,Live Oak,150.0,2020-08-24 00:00:00
Sutter,,Other,101.0,2020-08-24 00:00:00
Sutter,,Yuba City,1032.0,2020-08-24 00:00:00
Sutter,,Live Oak,156.0,2020-08-25 00:00:00
Sutter,,Other,101.0,2020-08-25 00:00:00
Sutter,,Yuba City,1100.0,2020-08-25 00:00:00
Sutter,,Live Oak,159.0,2020-08-26 00:00:00
Sutter,,Other,101.0,2020-08-26 00:00:00
Sutter,,Yuba City,1100.0,2020-08-26 00:00:00
Sutter,,Live Oak,161.0,2020-08-27 00:00:00
Sutter,,Other,105.0,2020-08-27 00:00:00
Sutter,,Yuba City,1100.0,2020-08-27 00:00:00
Sutter,,Live Oak,161.0,2020-08-28 00:00:00
Sutter,,Other,105.0,2020-08-28 00:00:00
Sutter,,Yuba City,1102.0,2020-08-28 00:00:00
Sutter,,Live Oak,163.0,2020-08-31 00:00:00
Sutter,,Other,106.0,2020-08-31 00:00:00
Sutter,,Yuba City,1131.0,2020-08-31 00:00:00
Sutter,,Live Oak,171.0,2020-09-05 00:00:00
Sutter,,Other,111.0,2020-09-05 00:00:00
Sutter,,Yuba City,1183.0,2020-09-05 00:00:00
Sutter,,Live Oak,171.0,2020-09-06 00:00:00
Sutter,,Other,111.0,2020-09-06 00:00:00
Sutter,,Yuba City,1200.0,2020-09-06 00:00:00
Sutter,,Live Oak,171.0,2020-09-10 00:00:00
Sutter,,Other,111.0,2020-09-10 00:00:00
Sutter,,Yuba City,1200.0,2020-09-10 00:00:00
Sutter,,Live Oak,173.0,2020-09-11 00:00:00
Sutter,,Other,118.0,2020-09-11 00:00:00
Sutter,,Yuba City,1273.0,2020-09-11 00:00:00
Sutter,,Live Oak,173.0,2020-09-14 00:00:00
Sutter,,Other,118.0,2020-09-14 00:00:00
Sutter,,Yuba City,1300.0,2020-09-14 00:00:00
Sutter,,Live Oak,175.0,2020-09-18 00:00:00
Sutter,,Other,130.0,2020-09-18 00:00:00
Sutter,,Yuba City,1300.0,2020-09-18 00:00:00
Sutter,,Live Oak,185.0,2020-09-28 00:00:00
Sutter,,Other,129.0,2020-09-28 00:00:00
Sutter,,Yuba City,1400.0,2020-09-28 00:00:00
Sutter,,Live Oak,185.0,2020-09-30 00:00:00
Sutter,,Other,129.0,2020-09-30 00:00:00
Sutter,,Yuba City,1403.0,2020-09-30 00:00:00
Sutter,,Live Oak,191.0,2020-10-02 00:00:00
Sutter,,Other,131.0,2020-10-02 00:00:00
Sutter,,Yuba City,1426.0,2020-10-02 00:00:00
Sutter,,Live Oak,192.0,2020-10-09 00:00:00
Sutter,,Other,131.0,2020-10-09 00:00:00
Sutter,,Yuba City,1452.0,2020-10-09 00:00:00
Sutter,,Live Oak,192.0,2020-10-12 00:00:00
Sutter,,Other,131.0,2020-10-12 00:00:00
Sutter,,Yuba City,1459.0,2020-10-12 00:00:00
Sutter,,Live Oak,192.0,2020-10-16 00:00:00
Sutter,,Other,132.0,2020-10-16 00:00:00
Sutter,,Yuba City,1500.0,2020-10-16 00:00:00
Sutter,,Live Oak,193.0,2020-10-22 00:00:00
Sutter,,Other,135.0,2020-10-22 00:00:00
Sutter,,Yuba City,1509.0,2020-10-22 00:00:00
Sutter,,Live Oak,196.0,2020-10-30 00:00:00
Sutter,,Other,137.0,2020-10-30 00:00:00
Sutter,,Yuba City,1579.0,2020-10-30 00:00:00
Sutter,,Live Oak,196.0,2020-11-04 00:00:00
Sutter,,Other,137.0,2020-11-04 00:00:00
Sutter,,Yuba City,1600.0,2020-11-04 00:00:00
Sutter,,Live Oak,210.0,2020-11-06 00:00:00
Sutter,,Other,139.0,2020-11-06 00:00:00
Sutter,,Yuba City,1600.0,2020-11-06 00:00:00
Sutter,,Live Oak,210.0,2020-11-12 00:00:00
Sutter,,Other,139.0,2020-11-12 00:00:00
Sutter,,Yuba City,1643.0,2020-11-12 00:00:00
Sutter,,Live Oak,229.0,2020-11-15 00:00:00
Sutter,,Other,148.0,2020-11-15 00:00:00
Sutter,,Yuba City,1808.0,2020-11-15 00:00:00
Sutter,,Live Oak,282.0,2020-11-20 00:00:00
Sutter,,Other,169.0,2020-11-20 00:00:00
Sutter,,Yuba City,2187.0,2020-11-20 00:00:00
Sutter,,Live Oak,334.0,2020-11-28 00:00:00
Sutter,,Other,199.0,2020-11-28 00:00:00
Sutter,,Yuba City,2687.0,2020-11-28 00:00:00
Sutter,2020-12-05,Live Oak,408.0,2020-12-04
Sutter,2020-12-05,Other,239.0,2020-12-04
Sutter,2020-12-05,Yuba City,3268.0,2020-12-04
Sutter,2020-12-05,Live Oak,408.0,2020-12-05
Sutter,2020-12-05,Other,239.0,2020-12-05
Sutter,2020-12-05,Yuba City,3268.0,2020-12-05
Sutter,2020-12-05,Live Oak,408.0,2020-12-06
Sutter,2020-12-05,Other,239.0,2020-12-06
Sutter,2020-12-05,Yuba City,3268.0,2020-12-06
Sutter,2020-12-05,Live Oak,408.0,2020-12-07
Sutter,2020-12-05,Other,239.0,2020-12-07
Sutter,2020-12-05,Yuba City,3268.0,2020-12-07
Sutter,2020-12-05,Live Oak,408.0,2020-12-08
Sutter,2020-12-05,Other,239.0,2020-12-08
Sutter,2020-12-05,Yuba City,3268.0,2020-12-08
Sutter,2020-12-05,Live Oak,408.0,2020-12-09
Sutter,2020-12-05,Other,239.0,2020-12-09
Sutter,2020-12-05,Yuba City,3268.0,2020-12-09
Sutter,2020-12-05,Live Oak,408.0,2020-12-10
Sutter,2020-12-05,Other,239.0,2020-12-10
Sutter,2020-12-05,Yuba City,3268.0,2020-12-10
Sutter,2020-12-12,Live Oak,482.0,2020-12-11
Sutter,2020-12-12,Other,272.0,2020-12-11
Sutter,2020-12-12,Yuba City,3903.0,2020-12-11
Sutter,2020-12-12,Live Oak,482.0,2020-12-12
Sutter,2020-12-12,Other,272.0,2020-12-12
Sutter,2020-12-12,Yuba City,3903.0,2020-12-12
Sutter,2020-12-12,Live Oak,482.0,2020-12-13
Sutter,2020-12-12,Other,272.0,2020-12-13
Sutter,2020-12-12,Yuba City,3903.0,2020-12-13
Sutter,2020-12-12,Live Oak,482.0,2020-12-14
Sutter,2020-12-12,Other,272.0,2020-12-14
Sutter,2020-12-12,Yuba City,3903.0,2020-12-14
Sutter,2020-12-12,Live Oak,482.0,2020-12-15
Sutter,2020-12-12,Other,272.0,2020-12-15
Sutter,2020-12-12,Yuba City,3903.0,2020-12-15
Sutter,2020-12-12,Live Oak,482.0,2020-12-16
Sutter,2020-12-12,Other,272.0,2020-12-16
Sutter,2020-12-12,Yuba City,3903.0,2020-12-16
Sutter,2020-12-12,Live Oak,482.0,2020-12-17
Sutter,2020-12-12,Other,272.0,2020-12-17
Sutter,2020-12-12,Yuba City,3903.0,2020-12-17
Sutter,2020-12-19,Live Oak,599.0,2020-12-18
Sutter,2020-12-19,Other,303.0,2020-12-18
Sutter,2020-12-19,Yuba City,4547.0,2020-12-18
Sutter,2020-12-19,Live Oak,599.0,2020-12-19
Sutter,2020-12-19,Other,303.0,2020-12-19
Sutter,2020-12-19,Yuba City,4547.0,2020-12-19
Sutter,2020-12-19,Live Oak,599.0,2020-12-20
Sutter,2020-12-19,Other,303.0,2020-12-20
Sutter,2020-12-19,Yuba City,4547.0,2020-12-20
Sutter,2020-12-19,Live Oak,599.0,2020-12-21
Sutter,2020-12-19,Other,303.0,2020-12-21
Sutter,2020-12-19,Yuba City,4547.0,2020-12-21
Sutter,2020-12-19,Live Oak,599.0,2020-12-22
Sutter,2020-12-19,Other,303.0,2020-12-22
Sutter,2020-12-19,Yuba City,4547.0,2020-12-22
Sutter,2020-12-19,Live Oak,599.0,2020-12-23
Sutter,2020-12-19,Other,303.0,2020-12-23
Sutter,2020-12-19,Yuba City,4547.0,2020-12-23
Sutter,2020-12-19,Live Oak,599.0,2020-12-24
Sutter,2020-12-19,Other,303.0,2020-12-24
Sutter,2020-12-19,Yuba City,4547.0,2020-12-24
Sutter,2020-12-19,Live Oak,599.0,2020-12-25
Sutter,2020-12-19,Other,303.0,2020-12-25
Sutter,2020-12-19,Yuba City,4547.0,2020-12-25
Sutter,2020-12-19,Live Oak,599.0,2020-12-26
Sutter,2020-12-19,Other,303.0,2020-12-26
Sutter,2020-12-19,Yuba City,4547.0,2020-12-26
Sutter,2020-12-19,Live Oak,599.0,2020-12-27
Sutter,2020-12-19,Other,303.0,2020-12-27
Sutter,2020-12-19,Yuba City,4547.0,2020-12-27
Sutter,2020-12-24,Live Oak,675.0,2020-12-28
Sutter,2020-12-24,Other,342.0,2020-12-28
Sutter,2020-12-24,Yuba City,5020.0,2020-12-28
Sutter,2020-12-24,Live Oak,675.0,2020-12-29
Sutter,2020-12-24,Other,342.0,2020-12-29
Sutter,2020-12-24,Yuba City,5020.0,2020-12-29
Sutter,2020-12-24,Live Oak,675.0,2020-12-30
Sutter,2020-12-24,Other,342.0,2020-12-30
Sutter,2020-12-24,Yuba City,5020.0,2020-12-30
Sutter,2020-12-24,Live Oak,675.0,2020-12-31
Sutter,2020-12-24,Other,342.0,2020-12-31
Sutter,2020-12-24,Yuba City,5020.0,2020-12-31
Sutter,2020-12-24,Live Oak,675.0,2021-01-01
Sutter,2020-12-24,Other,342.0,2021-01-01
Sutter,2020-12-24,Yuba City,5020.0,2021-01-01
Sutter,2020-12-24,Live Oak,675.0,2021-01-02
Sutter,2020-12-24,Other,342.0,2021-01-02
Sutter,2020-12-24,Yuba City,5020.0,2021-01-02
Sutter,2021-01-02,Live Oak,727.0,2021-01-03
Sutter,2021-01-02,Other,364.0,2021-01-03
Sutter,2021-01-02,Yuba City,5414.0,2021-01-03
Sutter,2021-01-02,Live Oak,727.0,2021-01-04
Sutter,2021-01-02,Other,364.0,2021-01-04
Sutter,2021-01-02,Yuba City,5414.0,2021-01-04
Sutter,2021-01-02,Live Oak,727.0,2021-01-05
Sutter,2021-01-02,Other,364.0,2021-01-05
Sutter,2021-01-02,Yuba City,5414.0,2021-01-05
Sutter,2021-01-02,Live Oak,727.0,2021-01-06
Sutter,2021-01-02,Other,364.0,2021-01-06
Sutter,2021-01-02,Yuba City,5414.0,2021-01-06
Sutter,2021-01-02,Live Oak,727.0,2021-01-07
Sutter,2021-01-02,Other,364.0,2021-01-07
Sutter,2021-01-02,Yuba City,5414.0,2021-01-07
Sutter,2021-01-02,Live Oak,727.0,2021-01-08
Sutter,2021-01-02,Other,364.0,2021-01-08
Sutter,2021-01-02,Yuba City,5414.0,2021-01-08
Sutter,2021-01-09,Live Oak,809.0,2021-01-09
Sutter,2021-01-09,Other,392.0,2021-01-09
Sutter,2021-01-09,Yuba City,5817.0,2021-01-09
Sutter,2021-01-09,Live Oak,809.0,2021-01-10
Sutter,2021-01-09,Other,392.0,2021-01-10
Sutter,2021-01-09,Yuba City,5817.0,2021-01-10
Sutter,2021-01-09,Live Oak,809.0,2021-01-11
Sutter,2021-01-09,Other,392.0,2021-01-11
Sutter,2021-01-09,Yuba City,5817.0,2021-01-11
Sutter,2021-01-09,Live Oak,809.0,2021-01-12
Sutter,2021-01-09,Other,392.0,2021-01-12
Sutter,2021-01-09,Yuba City,5817.0,2021-01-12
Sutter,2021-01-09,Live Oak,809.0,2021-01-13
Sutter,2021-01-09,Other,392.0,2021-01-13
Sutter,2021-01-09,Yuba City,5817.0,2021-01-13
Sutter,2021-01-09,Live Oak,809.0,2021-01-14
Sutter,2021-01-09,Other,392.0,2021-01-14
Sutter,2021-01-09,Yuba City,5817.0,2021-01-14
Sutter,2021-01-16,Live Oak,879.0,2021-01-15
Sutter,2021-01-16,Other,426.0,2021-01-15
Sutter,2021-01-16,Yuba City,6179.0,2021-01-15
Sutter,2021-01-16,Live Oak,879.0,2021-01-16
Sutter,2021-01-16,Other,426.0,2021-01-16
Sutter,2021-01-16,Yuba City,6179.0,2021-01-16
Sutter,2021-01-16,Live Oak,879.0,2021-01-17
Sutter,2021-01-16,Other,426.0,2021-01-17
Sutter,2021-01-16,Yuba City,6179.0,2021-01-17
Sutter,2021-01-16,Live Oak,879.0,2021-01-18
Sutter,2021-01-16,Other,426.0,2021-01-18
Sutter,2021-01-16,Yuba City,6179.0,2021-01-18
Sutter,2021-01-16,Live Oak,879.0,2021-01-19
Sutter,2021-01-16,Other,426.0,2021-01-19
Sutter,2021-01-16,Yuba City,6179.0,2021-01-19
Sutter,2021-01-16,Live Oak,879.0,2021-01-20
Sutter,2021-01-16,Other,426.0,2021-01-20
Sutter,2021-01-16,Yuba City,6179.0,2021-01-20
Sutter,2021-01-16,Live Oak,879.0,2021-01-21
Sutter,2021-01-16,Other,426.0,2021-01-21
Sutter,2021-01-16,Yuba City,6179.0,2021-01-21
Sutter,2021-01-23,Live Oak,928.0,2021-01-22
Sutter,2021-01-23,Other,464.0,2021-01-22
Sutter,2021-01-23,Yuba City,6535.0,2021-01-22
Sutter,2021-01-23,Live Oak,928.0,2021-01-23
Sutter,2021-01-23,Other,464.0,2021-01-23
Sutter,2021-01-23,Yuba City,6535.0,2021-01-23
Sutter,2021-01-23,Live Oak,928.0,2021-01-24
Sutter,2021-01-23,Other,464.0,2021-01-24
Sutter,2021-01-23,Yuba City,6535.0,2021-01-24
Sutter,2021-01-23,Live Oak,928.0,2021-01-25
Sutter,2021-01-23,Other,464.0,2021-01-25
Sutter,2021-01-23,Yuba City,6535.0,2021-01-25
Sutter,2021-01-23,Live Oak,928.0,2021-01-26
Sutter,2021-01-23,Other,464.0,2021-01-26
Sutter,2021-01-23,Yuba City,6535.0,2021-01-26
Sutter,2021-01-23,Live Oak,928.0,2021-01-27
Sutter,2021-01-23,Other,464.0,2021-01-27
Sutter,2021-01-23,Yuba City,6535.0,2021-01-27
Sutter,2021-01-23,Live Oak,928.0,2021-01-28
Sutter,2021-01-23,Other,464.0,2021-01-28
Sutter,2021-01-23,Yuba City,6535.0,2021-01-28
Sutter,2021-01-30,Live Oak,969.0,2021-01-29
Sutter,2021-01-30,Other,483.0,2021-01-29
Sutter,2021-01-30,Yuba City,6812.0,2021-01-29
Sutter,2021-01-30,Live Oak,969.0,2021-01-30
Sutter,2021-01-30,Other,483.0,2021-01-30
Sutter,2021-01-30,Yuba City,6812.0,2021-01-30
Sutter,2021-01-30,Live Oak,969.0,2021-01-31
Sutter,2021-01-30,Other,483.0,2021-01-31
Sutter,2021-01-30,Yuba City,6812.0,2021-01-31
Sutter,2021-01-30,Live Oak,969.0,2021-02-01
Sutter,2021-01-30,Other,483.0,2021-02-01
Sutter,2021-01-30,Yuba City,6812.0,2021-02-01
Sutter,2021-01-30,Live Oak,969.0,2021-02-02
Sutter,2021-01-30,Other,483.0,2021-02-02
Sutter,2021-01-30,Yuba City,6812.0,2021-02-02
Sutter,2021-01-30,Live Oak,969.0,2021-02-03
Sutter,2021-01-30,Other,483.0,2021-02-03
Sutter,2021-01-30,Yuba City,6812.0,2021-02-03
Sutter,2021-01-30,Live Oak,969.0,2021-02-04
Sutter,2021-01-30,Other,483.0,2021-02-04
Sutter,2021-01-30,Yuba City,6812.0,2021-02-04
Sutter,2021-02-06,Live Oak,988.0,2021-02-05
Sutter,2021-02-06,Other,497.0,2021-02-05
Sutter,2021-02-06,Yuba City,7031.0,2021-02-05
Sutter,2021-02-06,Live Oak,988.0,2021-02-06
Sutter,2021-02-06,Other,497.0,2021-02-06
Sutter,2021-02-06,Yuba City,7031.0,2021-02-06
Sutter,2021-02-06,Live Oak,988.0,2021-02-07
Sutter,2021-02-06,Other,497.0,2021-02-07
Sutter,2021-02-06,Yuba City,7031.0,2021-02-07
Sutter,2021-02-06,Live Oak,988.0,2021-02-08
Sutter,2021-02-06,Other,497.0,2021-02-08
Sutter,2021-02-06,Yuba City,7031.0,2021-02-08
Sutter,2021-02-06,Live Oak,988.0,2021-02-09
Sutter,2021-02-06,Other,497.0,2021-02-09
Sutter,2021-02-06,Yuba City,7031.0,2021-02-09
Sutter,2021-02-06,Live Oak,988.0,2021-02-10
Sutter,2021-02-06,Other,497.0,2021-02-10
Sutter,2021-02-06,Yuba City,7031.0,2021-02-10
Sutter,2021-02-06,Live Oak,988.0,2021-02-11
Sutter,2021-02-06,Other,497.0,2021-02-11
Sutter,2021-02-06,Yuba City,7031.0,2021-02-11
Sutter,2021-02-13,Live Oak,999.0,2021-02-12
Sutter,2021-02-13,Other,502.0,2021-02-12
Sutter,2021-02-13,Yuba City,7155.0,2021-02-12
Sutter,2021-02-13,Live Oak,999.0,2021-02-13
Sutter,2021-02-13,Other,502.0,2021-02-13
Sutter,2021-02-13,Yuba City,7155.0,2021-02-13
Sutter,2021-02-13,Live Oak,999.0,2021-02-14
Sutter,2021-02-13,Other,502.0,2021-02-14
Sutter,2021-02-13,Yuba City,7155.0,2021-02-14
Sutter,2021-02-13,Live Oak,999.0,2021-02-15
Sutter,2021-02-13,Other,502.0,2021-02-15
Sutter,2021-02-13,Yuba City,7155.0,2021-02-15
Sutter,2021-02-13,Live Oak,999.0,2021-02-16
Sutter,2021-02-13,Other,502.0,2021-02-16
Sutter,2021-02-13,Yuba City,7155.0,2021-02-16
Sutter,2021-02-13,Live Oak,999.0,2021-02-17
Sutter,2021-02-13,Other,502.0,2021-02-17
Sutter,2021-02-13,Yuba City,7155.0,2021-02-17
Sutter,2021-02-13,Live Oak,999.0,2021-02-18
Sutter,2021-02-13,Other,502.0,2021-02-18
Sutter,2021-02-13,Yuba City,7155.0,2021-02-18
Sutter,2021-02-20,Live Oak,1017.0,2021-02-19
Sutter,2021-02-20,Other,503.0,2021-02-19
Sutter,2021-02-20,Yuba City,7246.0,2021-02-19
Sutter,2021-02-20,Live Oak,1017.0,2021-02-20
Sutter,2021-02-20,Other,503.0,2021-02-20
Sutter,2021-02-20,Yuba City,7246.0,2021-02-20
Sutter,2021-02-20,Live Oak,1017.0,2021-02-21
Sutter,2021-02-20,Other,503.0,2021-02-21
Sutter,2021-02-20,Yuba City,7246.0,2021-02-21
Sutter,2021-02-20,Live Oak,1017.0,2021-02-22
Sutter,2021-02-20,Other,503.0,2021-02-22
Sutter,2021-02-20,Yuba City,7246.0,2021-02-22
Sutter,2021-02-20,Live Oak,1017.0,2021-02-23
Sutter,2021-02-20,Other,503.0,2021-02-23
Sutter,2021-02-20,Yuba City,7246.0,2021-02-23
Sutter,2021-02-20,Live Oak,1017.0,2021-02-24
Sutter,2021-02-20,Other,503.0,2021-02-24
Sutter,2021-02-20,Yuba City,7246.0,2021-02-24
Sutter,2021-02-20,Live Oak,1017.0,2021-02-25
Sutter,2021-02-20,Other,503.0,2021-02-25
Sutter,2021-02-20,Yuba City,7246.0,2021-02-25
Sutter,2021-02-27,Live Oak,1027.0,2021-02-26
Sutter,2021-02-27,Other,508.0,2021-02-26
Sutter,2021-02-27,Yuba City,7325.0,2021-02-26
Sutter,2021-02-27,Live Oak,1027.0,2021-02-27
Sutter,2021-02-27,Other,508.0,2021-02-27
Sutter,2021-02-27,Yuba City,7325.0,2021-02-27
Sutter,2021-02-27,Live Oak,1027.0,2021-02-28
Sutter,2021-02-27,Other,508.0,2021-02-28
Sutter,2021-02-27,Yuba City,7325.0,2021-02-28
Sutter,2021-02-27,Live Oak,1027.0,2021-03-01
Sutter,2021-02-27,Other,508.0,2021-03-01
Sutter,2021-02-27,Yuba City,7325.0,2021-03-01
Sutter,2021-02-27,Live Oak,1027.0,2021-03-02
Sutter,2021-02-27,Other,508.0,2021-03-02
Sutter,2021-02-27,Yuba City,7325.0,2021-03-02
Sutter,2021-02-27,Live Oak,1027.0,2021-03-03
Sutter,2021-02-27,Other,508.0,2021-03-03
Sutter,2021-02-27,Yuba City,7325.0,2021-03-03
Sutter,2021-02-27,Live Oak,1027.0,2021-03-04
Sutter,2021-02-27,Other,508.0,2021-03-04
Sutter,2021-02-27,Yuba City,7325.0,2021-03-04
Sutter,2021-03-06,Live Oak,1035.0,2021-03-05
Sutter,2021-03-06,Other,510.0,2021-03-05
Sutter,2021-03-06,Yuba City,7378.0,2021-03-05
Sutter,2021-03-06,Live Oak,1035.0,2021-03-06
Sutter,2021-03-06,Other,510.0,2021-03-06
Sutter,2021-03-06,Yuba City,7378.0,2021-03-06
Sutter,2021-03-06,Live Oak,1035.0,2021-03-07
Sutter,2021-03-06,Other,510.0,2021-03-07
Sutter,2021-03-06,Yuba City,7378.0,2021-03-07
Sutter,2021-03-06,Live Oak,1035.0,2021-03-08
Sutter,2021-03-06,Other,510.0,2021-03-08
Sutter,2021-03-06,Yuba City,7378.0,2021-03-08
Sutter,2021-03-06,Live Oak,1035.0,2021-03-09
Sutter,2021-03-06,Other,510.0,2021-03-09
Sutter,2021-03-06,Yuba City,7378.0,2021-03-09
Sutter,2021-03-06,Live Oak,1035.0,2021-03-10
Sutter,2021-03-06,Other,510.0,2021-03-10
Sutter,2021-03-06,Yuba City,7378.0,2021-03-10
Sutter,2021-03-06,Live Oak,1035.0,2021-03-11
Sutter,2021-03-06,Other,510.0,2021-03-11
Sutter,2021-03-06,Yuba City,7378.0,2021-03-11
Sutter,2021-03-13,Live Oak,1038.0,2021-03-12
Sutter,2021-03-13,Other,509.0,2021-03-12
Sutter,2021-03-13,Yuba City,7430.0,2021-03-12
Sutter,2021-03-13,Live Oak,1038.0,2021-03-13
Sutter,2021-03-13,Other,509.0,2021-03-13
Sutter,2021-03-13,Yuba City,7430.0,2021-03-13
Sutter,2021-03-13,Live Oak,1038.0,2021-03-14
Sutter,2021-03-13,Other,509.0,2021-03-14
Sutter,2021-03-13,Yuba City,7430.0,2021-03-14
Sutter,2021-03-13,Live Oak,1038.0,2021-03-15
Sutter,2021-03-13,Other,509.0,2021-03-15
Sutter,2021-03-13,Yuba City,7430.0,2021-03-15
Sutter,2021-03-13,Live Oak,1038.0,2021-03-16
Sutter,2021-03-13,Other,509.0,2021-03-16
Sutter,2021-03-13,Yuba City,7430.0,2021-03-16
Sutter,2021-03-13,Live Oak,1038.0,2021-03-17
Sutter,2021-03-13,Other,509.0,2021-03-17
Sutter,2021-03-13,Yuba City,7430.0,2021-03-17
Sutter,2021-03-13,Live Oak,1038.0,2021-03-18
Sutter,2021-03-13,Other,509.0,2021-03-18
Sutter,2021-03-13,Yuba City,7430.0,2021-03-18
Sutter,2021-03-19,Live Oak,1046.0,2021-03-19
Sutter,2021-03-19,Other,511.0,2021-03-19
Sutter,2021-03-19,Yuba City,7485.0,2021-03-19
Sutter,2021-03-19,Live Oak,1046.0,2021-03-20
Sutter,2021-03-19,Other,511.0,2021-03-20
Sutter,2021-03-19,Yuba City,7485.0,2021-03-20
Sutter,2021-03-19,Live Oak,1046.0,2021-03-21
Sutter,2021-03-19,Other,511.0,2021-03-21
Sutter,2021-03-19,Yuba City,7485.0,2021-03-21
Sutter,2021-03-19,Live Oak,1046.0,2021-03-22
Sutter,2021-03-19,Other,511.0,2021-03-22
Sutter,2021-03-19,Yuba City,7485.0,2021-03-22
Sutter,2021-03-19,Live Oak,1046.0,2021-03-23
Sutter,2021-03-19,Other,511.0,2021-03-23
Sutter,2021-03-19,Yuba City,7485.0,2021-03-23
Sutter,2021-03-19,Live Oak,1046.0,2021-03-24
Sutter,2021-03-19,Other,511.0,2021-03-24
Sutter,2021-03-19,Yuba City,7485.0,2021-03-24
Sutter,2021-03-19,Live Oak,1046.0,2021-03-25
Sutter,2021-03-19,Other,511.0,2021-03-25
Sutter,2021-03-19,Yuba City,7485.0,2021-03-25
Sutter,2021-03-26,Live Oak,1054.0,2021-03-26
Sutter,2021-03-26,Other,516.0,2021-03-26
Sutter,2021-03-26,Yuba City,7540.0,2021-03-26
Sutter,2021-03-26,Live Oak,1054.0,2021-03-27
Sutter,2021-03-26,Other,516.0,2021-03-27
Sutter,2021-03-26,Yuba City,7540.0,2021-03-27
Sutter,2021-03-26,Live Oak,1054.0,2021-03-28
Sutter,2021-03-26,Other,516.0,2021-03-28
Sutter,2021-03-26,Yuba City,7540.0,2021-03-28
Sutter,2021-03-26,Live Oak,1054.0,2021-03-29
Sutter,2021-03-26,Other,516.0,2021-03-29
Sutter,2021-03-26,Yuba City,7540.0,2021-03-29
Sutter,2021-03-26,Live Oak,1054.0,2021-03-30
Sutter,2021-03-26,Other,516.0,2021-03-30
Sutter,2021-03-26,Yuba City,7540.0,2021-03-30
Sutter,2021-03-26,Live Oak,1054.0,2021-03-31
Sutter,2021-03-26,Other,516.0,2021-03-31
Sutter,2021-03-26,Yuba City,7540.0,2021-03-31
Sutter,2021-03-26,Live Oak,1054.0,2021-04-01
Sutter,2021-03-26,Other,516.0,2021-04-01
Sutter,2021-03-26,Yuba City,7540.0,2021-04-01
Sutter,2021-04-02,Live Oak,1058.0,2021-04-02
Sutter,2021-04-02,Other,529.0,2021-04-02
Sutter,2021-04-02,Yuba City,7588.0,2021-04-02
Sutter,2021-04-02,Live Oak,1058.0,2021-04-03
Sutter,2021-04-02,Other,529.0,2021-04-03
Sutter,2021-04-02,Yuba City,7588.0,2021-04-03
Sutter,2021-04-02,Live Oak,1058.0,2021-04-04
Sutter,2021-04-02,Other,529.0,2021-04-04
Sutter,2021-04-02,Yuba City,7588.0,2021-04-04
Sutter,2021-04-02,Live Oak,1058.0,2021-04-05
Sutter,2021-04-02,Other,529.0,2021-04-05
Sutter,2021-04-02,Yuba City,7588.0,2021-04-05
Sutter,2021-04-02,Live Oak,1058.0,2021-04-06
Sutter,2021-04-02,Other,529.0,2021-04-06
Sutter,2021-04-02,Yuba City,7588.0,2021-04-06
Sutter,2021-04-02,Live Oak,1058.0,2021-04-07
Sutter,2021-04-02,Other,529.0,2021-04-07
Sutter,2021-04-02,Yuba City,7588.0,2021-04-07
Sutter,2021-04-02,Live Oak,1058.0,2021-04-08
Sutter,2021-04-02,Other,529.0,2021-04-08
Sutter,2021-04-02,Yuba City,7588.0,2021-04-08
Sutter,2021-04-09,Live Oak,1060.0,2021-04-09
Sutter,2021-04-09,Other,531.0,2021-04-09
Sutter,2021-04-09,Yuba City,7634.0,2021-04-09
Sutter,2021-04-09,Live Oak,1060.0,2021-04-10
Sutter,2021-04-09,Other,531.0,2021-04-10
Sutter,2021-04-09,Yuba City,7634.0,2021-04-10
Sutter,2021-04-09,Live Oak,1060.0,2021-04-11
Sutter,2021-04-09,Other,531.0,2021-04-11
Sutter,2021-04-09,Yuba City,7634.0,2021-04-11
Sutter,2021-04-09,Live Oak,1060.0,2021-04-12
Sutter,2021-04-09,Other,531.0,2021-04-12
Sutter,2021-04-09,Yuba City,7634.0,2021-04-12
Sutter,2021-04-09,Live Oak,1060.0,2021-04-13
Sutter,2021-04-09,Other,531.0,2021-04-13
Sutter,2021-04-09,Yuba City,7634.0,2021-04-13
Sutter,2021-04-09,Live Oak,1060.0,2021-04-14
Sutter,2021-04-09,Other,531.0,2021-04-14
Sutter,2021-04-09,Yuba City,7634.0,2021-04-14
Sutter,2021-04-09,Live Oak,1060.0,2021-04-15
Sutter,2021-04-09,Other,531.0,2021-04-15
Sutter,2021-04-09,Yuba City,7634.0,2021-04-15
Sutter,2021-04-16,Live Oak,1062.0,2021-04-16
Sutter,2021-04-16,Other,537.0,2021-04-16
Sutter,2021-04-16,Yuba City,7669.0,2021-04-16
Sutter,2021-04-16,Live Oak,1062.0,2021-04-17
Sutter,2021-04-16,Other,537.0,2021-04-17
Sutter,2021-04-16,Yuba City,7669.0,2021-04-17
Sutter,2021-04-16,Live Oak,1062.0,2021-04-18
Sutter,2021-04-16,Other,537.0,2021-04-18
Sutter,2021-04-16,Yuba City,7669.0,2021-04-18
Sutter,2021-04-16,Live Oak,1062.0,2021-04-19
Sutter,2021-04-16,Other,537.0,2021-04-19
Sutter,2021-04-16,Yuba City,7669.0,2021-04-19
Sutter,2021-04-16,Live Oak,1062.0,2021-04-20
Sutter,2021-04-16,Other,537.0,2021-04-20
Sutter,2021-04-16,Yuba City,7669.0,2021-04-20
Sutter,2021-04-16,Live Oak,1062.0,2021-04-21
Sutter,2021-04-16,Other,537.0,2021-04-21
Sutter,2021-04-16,Yuba City,7669.0,2021-04-21
Sutter,2021-04-16,Live Oak,1062.0,2021-04-22
Sutter,2021-04-16,Other,537.0,2021-04-22
Sutter,2021-04-16,Yuba City,7669.0,2021-04-22
Sutter,2021-04-23,Live Oak,1063.0,2021-04-23
Sutter,2021-04-23,Other,543.0,2021-04-23
Sutter,2021-04-23,Yuba City,7720.0,2021-04-23
Sutter,2021-04-23,Live Oak,1063.0,2021-04-24
Sutter,2021-04-23,Other,543.0,2021-04-24
Sutter,2021-04-23,Yuba City,7720.0,2021-04-24
Sutter,2021-04-23,Live Oak,1063.0,2021-04-25
Sutter,2021-04-23,Other,543.0,2021-04-25
Sutter,2021-04-23,Yuba City,7720.0,2021-04-25
Sutter,2021-04-23,Live Oak,1063.0,2021-04-26
Sutter,2021-04-23,Other,543.0,2021-04-26
Sutter,2021-04-23,Yuba City,7720.0,2021-04-26
Sutter,2021-04-23,Live Oak,1063.0,2021-04-27
Sutter,2021-04-23,Other,543.0,2021-04-27
Sutter,2021-04-23,Yuba City,7720.0,2021-04-27
Sutter,2021-04-23,Live Oak,1063.0,2021-04-28
Sutter,2021-04-23,Other,543.0,2021-04-28
Sutter,2021-04-23,Yuba City,7720.0,2021-04-28
Sutter,2021-04-23,Live Oak,1063.0,2021-04-29
Sutter,2021-04-23,Other,543.0,2021-04-29
Sutter,2021-04-23,Yuba City,7720.0,2021-04-29
Sutter,2021-04-30,Live Oak,1065.0,2021-04-30
Sutter,2021-04-30,Other,546.0,2021-04-30
Sutter,2021-04-30,Yuba City,7755.0,2021-04-30
Sutter,2021-04-30,Live Oak,1065.0,2021-05-01
Sutter,2021-04-30,Other,546.0,2021-05-01
Sutter,2021-04-30,Yuba City,7755.0,2021-05-01
Sutter,2021-04-30,Live Oak,1065.0,2021-05-02
Sutter,2021-04-30,Other,546.0,2021-05-02
Sutter,2021-04-30,Yuba City,7755.0,2021-05-02
Sutter,2021-04-30,Live Oak,1065.0,2021-05-03
Sutter,2021-04-30,Other,546.0,2021-05-03
Sutter,2021-04-30,Yuba City,7755.0,2021-05-03
Sutter,2021-04-30,Live Oak,1065.0,2021-05-04
Sutter,2021-04-30,Other,546.0,2021-05-04
Sutter,2021-04-30,Yuba City,7755.0,2021-05-04
Sutter,2021-04-30,Live Oak,1065.0,2021-05-05
Sutter,2021-04-30,Other,546.0,2021-05-05
Sutter,2021-04-30,Yuba City,7755.0,2021-05-05
Sutter,2021-04-30,Live Oak,1065.0,2021-05-06
Sutter,2021-04-30,Other,546.0,2021-05-06
Sutter,2021-04-30,Yuba City,7755.0,2021-05-06
Sutter,2021-05-07,Live Oak,1068.0,2021-05-07
Sutter,2021-05-07,Other,549.0,2021-05-07
Sutter,2021-05-07,Yuba City,7794.0,2021-05-07
Sutter,2021-05-07,Live Oak,1068.0,2021-05-08
Sutter,2021-05-07,Other,549.0,2021-05-08
Sutter,2021-05-07,Yuba City,7794.0,2021-05-08
Sutter,2021-05-07,Live Oak,1068.0,2021-05-09
Sutter,2021-05-07,Other,549.0,2021-05-09
Sutter,2021-05-07,Yuba City,7794.0,2021-05-09
Sutter,2021-05-07,Live Oak,1068.0,2021-05-10
Sutter,2021-05-07,Other,549.0,2021-05-10
Sutter,2021-05-07,Yuba City,7794.0,2021-05-10
Sutter,2021-05-07,Live Oak,1068.0,2021-05-11
Sutter,2021-05-07,Other,549.0,2021-05-11
Sutter,2021-05-07,Yuba City,7794.0,2021-05-11
Sutter,2021-05-07,Live Oak,1068.0,2021-05-12
Sutter,2021-05-07,Other,549.0,2021-05-12
Sutter,2021-05-07,Yuba City,7794.0,2021-05-12
Sutter,2021-05-07,Live Oak,1068.0,2021-05-13
Sutter,2021-05-07,Other,549.0,2021-05-13
Sutter,2021-05-07,Yuba City,7794.0,2021-05-13
Sutter,2021-05-14,Live Oak,1070.0,2021-05-14
Sutter,2021-05-14,Other,550.0,2021-05-14
Sutter,2021-05-14,Yuba City,7821.0,2021-05-14
Sutter,2021-05-14,Live Oak,1070.0,2021-05-15
Sutter,2021-05-14,Other,550.0,2021-05-15
Sutter,2021-05-14,Yuba City,7821.0,2021-05-15
Sutter,2021-05-14,Live Oak,1070.0,2021-05-16
Sutter,2021-05-14,Other,550.0,2021-05-16
Sutter,2021-05-14,Yuba City,7821.0,2021-05-16
Sutter,2021-05-14,Live Oak,1070.0,2021-05-17
Sutter,2021-05-14,Other,550.0,2021-05-17
Sutter,2021-05-14,Yuba City,7821.0,2021-05-17
Sutter,2021-05-14,Live Oak,1070.0,2021-05-18
Sutter,2021-05-14,Other,550.0,2021-05-18
Sutter,2021-05-14,Yuba City,7821.0,2021-05-18
Sutter,2021-05-14,Live Oak,1070.0,2021-05-19
Sutter,2021-05-14,Other,550.0,2021-05-19
Sutter,2021-05-14,Yuba City,7821.0,2021-05-19
Sutter,2021-05-14,Live Oak,1070.0,2021-05-20
Sutter,2021-05-14,Other,550.0,2021-05-20
Sutter,2021-05-14,Yuba City,7821.0,2021-05-20
Sutter,2021-05-21,Live Oak,1077.0,2021-05-21
Sutter,2021-05-21,Other,554.0,2021-05-21
Sutter,2021-05-21,Yuba City,7849.0,2021-05-21
Sutter,2021-05-21,Live Oak,1077.0,2021-05-22
Sutter,2021-05-21,Other,554.0,2021-05-22
Sutter,2021-05-21,Yuba City,7849.0,2021-05-22
Sutter,2021-05-21,Live Oak,1077.0,2021-05-23
Sutter,2021-05-21,Other,554.0,2021-05-23
Sutter,2021-05-21,Yuba City,7849.0,2021-05-23
Sutter,2021-05-21,Live Oak,1077.0,2021-05-24
Sutter,2021-05-21,Other,554.0,2021-05-24
Sutter,2021-05-21,Yuba City,7849.0,2021-05-24
Sutter,2021-05-21,Live Oak,1077.0,2021-05-25
Sutter,2021-05-21,Other,554.0,2021-05-25
Sutter,2021-05-21,Yuba City,7849.0,2021-05-25
Sutter,2021-05-21,Live Oak,1077.0,2021-05-26
Sutter,2021-05-21,Other,554.0,2021-05-26
Sutter,2021-05-21,Yuba City,7849.0,2021-05-26
Sutter,2021-05-21,Live Oak,1077.0,2021-05-27
Sutter,2021-05-21,Other,554.0,2021-05-27
Sutter,2021-05-21,Yuba City,7849.0,2021-05-27
Sutter,2021-05-28,Live Oak,1079.0,2021-05-28
Sutter,2021-05-28,Other,556.0,2021-05-28
Sutter,2021-05-28,Yuba City,7892.0,2021-05-28
Sutter,2021-05-28,Live Oak,1079.0,2021-05-29
Sutter,2021-05-28,Other,556.0,2021-05-29
Sutter,2021-05-28,Yuba City,7892.0,2021-05-29
Sutter,2021-05-28,Live Oak,1079.0,2021-05-30
Sutter,2021-05-28,Other,556.0,2021-05-30
Sutter,2021-05-28,Yuba City,7892.0,2021-05-30
Sutter,2021-05-28,Live Oak,1079.0,2021-05-31
Sutter,2021-05-28,Other,556.0,2021-05-31
Sutter,2021-05-28,Yuba City,7892.0,2021-05-31
Sutter,2021-05-28,Live Oak,1079.0,2021-06-01
Sutter,2021-05-28,Other,556.0,2021-06-01
Sutter,2021-05-28,Yuba City,7892.0,2021-06-01
Sutter,2021-05-28,Live Oak,1079.0,2021-06-02
Sutter,2021-05-28,Other,556.0,2021-06-02
Sutter,2021-05-28,Yuba City,7892.0,2021-06-02
Sutter,2021-05-28,Live Oak,1079.0,2021-06-03
Sutter,2021-05-28,Other,556.0,2021-06-03
Sutter,2021-05-28,Yuba City,7892.0,2021-06-03
Sutter,2021-06-04,Live Oak,1080.0,2021-06-04
Sutter,2021-06-04,Other,563.0,2021-06-04
Sutter,2021-06-04,Yuba City,7930.0,2021-06-04
Sutter,2021-06-04,Live Oak,1080.0,2021-06-05
Sutter,2021-06-04,Other,563.0,2021-06-05
Sutter,2021-06-04,Yuba City,7930.0,2021-06-05
Sutter,2021-06-04,Live Oak,1080.0,2021-06-06
Sutter,2021-06-04,Other,563.0,2021-06-06
Sutter,2021-06-04,Yuba City,7930.0,2021-06-06
Sutter,2021-06-04,Live Oak,1080.0,2021-06-07
Sutter,2021-06-04,Other,563.0,2021-06-07
Sutter,2021-06-04,Yuba City,7930.0,2021-06-07
Sutter,2021-06-04,Live Oak,1080.0,2021-06-08
Sutter,2021-06-04,Other,563.0,2021-06-08
Sutter,2021-06-04,Yuba City,7930.0,2021-06-08
Sutter,2021-06-04,Live Oak,1080.0,2021-06-09
Sutter,2021-06-04,Other,563.0,2021-06-09
Sutter,2021-06-04,Yuba City,7930.0,2021-06-09
Sutter,2021-06-04,Live Oak,1080.0,2021-06-10
Sutter,2021-06-04,Other,563.0,2021-06-10
Sutter,2021-06-04,Yuba City,7930.0,2021-06-10
Sutter,2021-06-11,Live Oak,1084.0,2021-06-11
Sutter,2021-06-11,Other,570.0,2021-06-11
Sutter,2021-06-11,Yuba City,7960.0,2021-06-11
Sutter,2021-06-11,Live Oak,1084.0,2021-06-12
Sutter,2021-06-11,Other,570.0,2021-06-12
Sutter,2021-06-11,Yuba City,7960.0,2021-06-12
Sutter,2021-06-11,Live Oak,1084.0,2021-06-13
Sutter,2021-06-11,Other,570.0,2021-06-13
Sutter,2021-06-11,Yuba City,7960.0,2021-06-13
Sutter,2021-06-11,Live Oak,1084.0,2021-06-14
Sutter,2021-06-11,Other,570.0,2021-06-14
Sutter,2021-06-11,Yuba City,7960.0,2021-06-14
Sutter,2021-06-11,Live Oak,1084.0,2021-06-17
Sutter,2021-06-11,Other,570.0,2021-06-17
Sutter,2021-06-11,Yuba City,7960.0,2021-06-17
Sutter,2021-06-18,Live Oak,1089.0,2021-06-18
Sutter,2021-06-18,Other,576.0,2021-06-18
Sutter,2021-06-18,Yuba City,7991.0,2021-06-18
Sutter,2021-06-18,Live Oak,1089.0,2021-06-19
Sutter,2021-06-18,Other,576.0,2021-06-19
Sutter,2021-06-18,Yuba City,7991.0,2021-06-19
Sutter,2021-06-18,Live Oak,1089.0,2021-06-20
Sutter,2021-06-18,Other,576.0,2021-06-20
Sutter,2021-06-18,Yuba City,7991.0,2021-06-20
Sutter,2021-06-18,Live Oak,1089.0,2021-06-21
Sutter,2021-06-18,Other,576.0,2021-06-21
Sutter,2021-06-18,Yuba City,7991.0,2021-06-21
Sutter,2021-06-18,Live Oak,1089.0,2021-06-22
Sutter,2021-06-18,Other,576.0,2021-06-22
Sutter,2021-06-18,Yuba City,7991.0,2021-06-22
Sutter,2021-06-18,Live Oak,1089.0,2021-06-23
Sutter,2021-06-18,Other,576.0,2021-06-23
Sutter,2021-06-18,Yuba City,7991.0,2021-06-23
Sutter,2021-06-18,Live Oak,1089.0,2021-06-24
Sutter,2021-06-18,Other,576.0,2021-06-24
Sutter,2021-06-18,Yuba City,7991.0,2021-06-24
Sutter,2021-06-25,Live Oak,1092.0,2021-06-25
Sutter,2021-06-25,Other,578.0,2021-06-25
Sutter,2021-06-25,Yuba City,8014.0,2021-06-25
Sutter,2021-06-25,Live Oak,1092.0,2021-06-26
Sutter,2021-06-25,Other,578.0,2021-06-26
Sutter,2021-06-25,Yuba City,8014.0,2021-06-26
Sutter,2021-06-25,Live Oak,1092.0,2021-06-27
Sutter,2021-06-25,Other,578.0,2021-06-27
Sutter,2021-06-25,Yuba City,8014.0,2021-06-27
Sutter,2021-06-25,Live Oak,1092.0,2021-06-28
Sutter,2021-06-25,Other,578.0,2021-06-28
Sutter,2021-06-25,Yuba City,8014.0,2021-06-28
Sutter,2021-06-25,Live Oak,1092.0,2021-06-29
Sutter,2021-06-25,Other,578.0,2021-06-29
Sutter,2021-06-25,Yuba City,8014.0,2021-06-29
Sutter,2021-06-25,Live Oak,1092.0,2021-06-30
Sutter,2021-06-25,Other,578.0,2021-06-30
Sutter,2021-06-25,Yuba City,8014.0,2021-06-30
Sutter,2021-06-25,Live Oak,1092.0,2021-07-01
Sutter,2021-06-25,Other,578.0,2021-07-01
Sutter,2021-06-25,Yuba City,8014.0,2021-07-01
Sutter,2021-07-02,Live Oak,1094.0,2021-07-02
Sutter,2021-07-02,Other,578.0,2021-07-02
Sutter,2021-07-02,Yuba City,8049.0,2021-07-02
Sutter,2021-07-02,Live Oak,1094.0,2021-07-03
Sutter,2021-07-02,Other,578.0,2021-07-03
Sutter,2021-07-02,Yuba City,8049.0,2021-07-03
Sutter,2021-07-02,Live Oak,1094.0,2021-07-04
Sutter,2021-07-02,Other,578.0,2021-07-04
Sutter,2021-07-02,Yuba City,8049.0,2021-07-04
Sutter,2021-07-02,Live Oak,1094.0,2021-07-05
Sutter,2021-07-02,Other,578.0,2021-07-05
Sutter,2021-07-02,Yuba City,8049.0,2021-07-05
Sutter,2021-07-02,Live Oak,1094.0,2021-07-06
Sutter,2021-07-02,Other,578.0,2021-07-06
Sutter,2021-07-02,Yuba City,8049.0,2021-07-06
Sutter,2021-07-02,Live Oak,1094.0,2021-07-07
Sutter,2021-07-02,Other,578.0,2021-07-07
Sutter,2021-07-02,Yuba City,8049.0,2021-07-07
Sutter,2021-07-02,Live Oak,1094.0,2021-07-08
Sutter,2021-07-02,Other,578.0,2021-07-08
Sutter,2021-07-02,Yuba City,8049.0,2021-07-08
Sutter,2021-07-09,Live Oak,1098.0,2021-07-09
Sutter,2021-07-09,Other,578.0,2021-07-09
Sutter,2021-07-09,Yuba City,8093.0,2021-07-09
Sutter,2021-07-09,Live Oak,1098.0,2021-07-10
Sutter,2021-07-09,Other,578.0,2021-07-10
Sutter,2021-07-09,Yuba City,8093.0,2021-07-10
Sutter,2021-07-09,Live Oak,1098.0,2021-07-11
Sutter,2021-07-09,Other,578.0,2021-07-11
Sutter,2021-07-09,Yuba City,8093.0,2021-07-11
Sutter,2021-07-09,Live Oak,1098.0,2021-07-12
Sutter,2021-07-09,Other,578.0,2021-07-12
Sutter,2021-07-09,Yuba City,8093.0,2021-07-12
Sutter,2021-07-09,Live Oak,1098.0,2021-07-13
Sutter,2021-07-09,Other,578.0,2021-07-13
Sutter,2021-07-09,Yuba City,8093.0,2021-07-13
Sutter,2021-07-09,Live Oak,1098.0,2021-07-14
Sutter,2021-07-09,Other,578.0,2021-07-14
Sutter,2021-07-09,Yuba City,8093.0,2021-07-14
Sutter,2021-07-09,Live Oak,1098.0,2021-07-15
Sutter,2021-07-09,Other,578.0,2021-07-15
Sutter,2021-07-09,Yuba City,8093.0,2021-07-15
Sutter,2021-07-16,Live Oak,1103.0,2021-07-16
Sutter,2021-07-16,Other,581.0,2021-07-16
Sutter,2021-07-16,Yuba City,8187.0,2021-07-16
Sutter,2021-07-16,Live Oak,1103.0,2021-07-17
Sutter,2021-07-16,Other,581.0,2021-07-17
Sutter,2021-07-16,Yuba City,8187.0,2021-07-17
Sutter,2021-07-16,Live Oak,1103.0,2021-07-18
Sutter,2021-07-16,Other,581.0,2021-07-18
Sutter,2021-07-16,Yuba City,8187.0,2021-07-18
Sutter,2021-07-16,Live Oak,1103.0,2021-07-19
Sutter,2021-07-16,Other,581.0,2021-07-19
Sutter,2021-07-16,Yuba City,8187.0,2021-07-19
Sutter,2021-07-16,Live Oak,1103.0,2021-07-20
Sutter,2021-07-16,Other,581.0,2021-07-20
Sutter,2021-07-16,Yuba City,8187.0,2021-07-20
Sutter,2021-07-16,Live Oak,1103.0,2021-07-21
Sutter,2021-07-16,Other,581.0,2021-07-21
Sutter,2021-07-16,Yuba City,8187.0,2021-07-21
Sutter,2021-07-16,Live Oak,1103.0,2021-07-22
Sutter,2021-07-16,Other,581.0,2021-07-22
Sutter,2021-07-16,Yuba City,8187.0,2021-07-22
Sutter,2021-07-23,Live Oak,1112.0,2021-07-23
Sutter,2021-07-23,Other,587.0,2021-07-23
Sutter,2021-07-23,Yuba City,8289.0,2021-07-23
Sutter,2021-07-23,Live Oak,1112.0,2021-07-24
Sutter,2021-07-23,Other,587.0,2021-07-24
Sutter,2021-07-23,Yuba City,8289.0,2021-07-24
Sutter,2021-07-23,Live Oak,1112.0,2021-07-25
Sutter,2021-07-23,Other,587.0,2021-07-25
Sutter,2021-07-23,Yuba City,8289.0,2021-07-25
Sutter,2021-07-23,Live Oak,1112.0,2021-07-26
Sutter,2021-07-23,Other,587.0,2021-07-26
Sutter,2021-07-23,Yuba City,8289.0,2021-07-26
Sutter,2021-07-23,Live Oak,1112.0,2021-07-27
Sutter,2021-07-23,Other,587.0,2021-07-27
Sutter,2021-07-23,Yuba City,8289.0,2021-07-27
Sutter,2021-07-23,Live Oak,1112.0,2021-07-28
Sutter,2021-07-23,Other,587.0,2021-07-28
Sutter,2021-07-23,Yuba City,8289.0,2021-07-28
Sutter,2021-07-23,Live Oak,1112.0,2021-07-29
Sutter,2021-07-23,Other,587.0,2021-07-29
Sutter,2021-07-23,Yuba City,8289.0,2021-07-29
Sutter,2021-07-30,Live Oak,1132.0,2021-07-30
Sutter,2021-07-30,Other,597.0,2021-07-30
Sutter,2021-07-30,Yuba City,8474.0,2021-07-30
Sutter,2021-07-30,Live Oak,1132.0,2021-07-31
Sutter,2021-07-30,Other,597.0,2021-07-31
Sutter,2021-07-30,Yuba City,8474.0,2021-07-31
Sutter,2021-07-30,Live Oak,1132.0,2021-08-01
Sutter,2021-07-30,Other,597.0,2021-08-01
Sutter,2021-07-30,Yuba City,8474.0,2021-08-01
Sutter,2021-07-30,Live Oak,1132.0,2021-08-02
Sutter,2021-07-30,Other,597.0,2021-08-02
Sutter,2021-07-30,Yuba City,8474.0,2021-08-02
Sutter,2021-07-30,Live Oak,1132.0,2021-08-03
Sutter,2021-07-30,Other,597.0,2021-08-03
Sutter,2021-07-30,Yuba City,8474.0,2021-08-03
Sutter,2021-07-30,Live Oak,1132.0,2021-08-04
Sutter,2021-07-30,Other,597.0,2021-08-04
Sutter,2021-07-30,Yuba City,8474.0,2021-08-04
Sutter,2021-07-30,Live Oak,1132.0,2021-08-05
Sutter,2021-07-30,Other,597.0,2021-08-05
Sutter,2021-07-30,Yuba City,8474.0,2021-08-05
Sutter,2021-08-06,Live Oak,1158.0,2021-08-06
Sutter,2021-08-06,Other,620.0,2021-08-06
Sutter,2021-08-06,Yuba City,8720.0,2021-08-06
Sutter,2021-08-06,Live Oak,1158.0,2021-08-07
Sutter,2021-08-06,Other,620.0,2021-08-07
Sutter,2021-08-06,Yuba City,8720.0,2021-08-07
Sutter,2021-08-06,Live Oak,1158.0,2021-08-08
Sutter,2021-08-06,Other,620.0,2021-08-08
Sutter,2021-08-06,Yuba City,8720.0,2021-08-08
Sutter,2021-08-06,Live Oak,1158.0,2021-08-09
Sutter,2021-08-06,Other,620.0,2021-08-09
Sutter,2021-08-06,Yuba City,8720.0,2021-08-09
Sutter,2021-08-06,Live Oak,1158.0,2021-08-10
Sutter,2021-08-06,Other,620.0,2021-08-10
Sutter,2021-08-06,Yuba City,8720.0,2021-08-10
Sutter,2021-08-13,Live Oak,1185.0,2021-08-15
Sutter,2021-08-13,Other,645.0,2021-08-15
Sutter,2021-08-13,Yuba City,9032.0,2021-08-15
Sutter,2021-08-13,Live Oak,1185.0,2021-08-16
Sutter,2021-08-13,Other,645.0,2021-08-16
Sutter,2021-08-13,Yuba City,9032.0,2021-08-16
Sutter,2021-08-13,Live Oak,1185.0,2021-08-17
Sutter,2021-08-13,Other,645.0,2021-08-17
Sutter,2021-08-13,Yuba City,9032.0,2021-08-17
Sutter,2021-08-13,Live Oak,1185.0,2021-08-18
Sutter,2021-08-13,Other,645.0,2021-08-18
Sutter,2021-08-13,Yuba City,9032.0,2021-08-18
Sutter,2021-08-20,Live Oak,1215.0,2021-08-22
Sutter,2021-08-20,Other,671.0,2021-08-22
Sutter,2021-08-20,Yuba City,9357.0,2021-08-22
Sutter,2021-08-20,Live Oak,1215.0,2021-08-23
Sutter,2021-08-20,Other,671.0,2021-08-23
Sutter,2021-08-20,Yuba City,9357.0,2021-08-23
Sutter,2021-08-20,Live Oak,1215.0,2021-08-24
Sutter,2021-08-20,Other,671.0,2021-08-24
Sutter,2021-08-20,Yuba City,9357.0,2021-08-24
Sutter,2021-08-20,Live Oak,1215.0,2021-08-25
Sutter,2021-08-20,Other,671.0,2021-08-25
Sutter,2021-08-20,Yuba City,9357.0,2021-08-25
Sutter,2021-08-20,Live Oak,1215.0,2021-08-26
Sutter,2021-08-20,Other,671.0,2021-08-26
Sutter,2021-08-20,Yuba City,9357.0,2021-08-26
Sutter,2021-08-27,Live Oak,1278.0,2021-08-27
Sutter,2021-08-27,Other,709.0,2021-08-27
Sutter,2021-08-27,Yuba City,9777.0,2021-08-27
Sutter,2021-08-27,Live Oak,1278.0,2021-08-28
Sutter,2021-08-27,Other,709.0,2021-08-28
Sutter,2021-08-27,Yuba City,9777.0,2021-08-28
Sutter,2021-08-27,Live Oak,1278.0,2021-08-29
Sutter,2021-08-27,Other,709.0,2021-08-29
Sutter,2021-08-27,Yuba City,9777.0,2021-08-29
Sutter,2021-08-27,Live Oak,1278.0,2021-08-30
Sutter,2021-08-27,Other,709.0,2021-08-30
Sutter,2021-08-27,Yuba City,9777.0,2021-08-30
Sutter,2021-08-27,Live Oak,1278.0,2021-08-31
Sutter,2021-08-27,Other,709.0,2021-08-31
Sutter,2021-08-27,Yuba City,9777.0,2021-08-31
Sutter,2021-08-27,Live Oak,1278.0,2021-09-01
Sutter,2021-08-27,Other,709.0,2021-09-01
Sutter,2021-08-27,Yuba City,9777.0,2021-09-01
Sutter,2021-08-27,Live Oak,1278.0,2021-09-02
Sutter,2021-08-27,Other,709.0,2021-09-02
Sutter,2021-08-27,Yuba City,9777.0,2021-09-02
Sutter,2021-09-03,Live Oak,1317.0,2021-09-03
Sutter,2021-09-03,Other,752.0,2021-09-03
Sutter,2021-09-03,Yuba City,10155.0,2021-09-03
Sutter,2021-09-03,Live Oak,1317.0,2021-09-04
Sutter,2021-09-03,Other,752.0,2021-09-04
Sutter,2021-09-03,Yuba City,10155.0,2021-09-04
Sutter,2021-09-03,Live Oak,1317.0,2021-09-05
Sutter,2021-09-03,Other,752.0,2021-09-05
Sutter,2021-09-03,Yuba City,10155.0,2021-09-05
Sutter,2021-09-03,Live Oak,1317.0,2021-09-06
Sutter,2021-09-03,Other,752.0,2021-09-06
Sutter,2021-09-03,Yuba City,10155.0,2021-09-06
Sutter,2021-09-03,Live Oak,1317.0,2021-09-07
Sutter,2021-09-03,Other,752.0,2021-09-07
Sutter,2021-09-03,Yuba City,10155.0,2021-09-07
Sutter,2021-09-03,Live Oak,1317.0,2021-09-08
Sutter,2021-09-03,Other,752.0,2021-09-08
Sutter,2021-09-03,Yuba City,10155.0,2021-09-08
Sutter,2021-09-03,Live Oak,1317.0,2021-09-09
Sutter,2021-09-03,Other,752.0,2021-09-09
Sutter,2021-09-03,Yuba City,10155.0,2021-09-09
Sutter,2021-09-11,Live Oak,1351.0,2021-09-10
Sutter,2021-09-11,Other,792.0,2021-09-10
Sutter,2021-09-11,Yuba City,10475.0,2021-09-10
Sutter,2021-09-11,Live Oak,1351.0,2021-09-11
Sutter,2021-09-11,Other,792.0,2021-09-11
Sutter,2021-09-11,Yuba City,10475.0,2021-09-11
Sutter,2021-09-11,Live Oak,1351.0,2021-09-12
Sutter,2021-09-11,Other,792.0,2021-09-12
Sutter,2021-09-11,Yuba City,10475.0,2021-09-12
Sutter,2021-09-11,Live Oak,1351.0,2021-09-13
Sutter,2021-09-11,Other,792.0,2021-09-13
Sutter,2021-09-11,Yuba City,10475.0,2021-09-13
Sutter,2021-09-11,Live Oak,1351.0,2021-09-14
Sutter,2021-09-11,Other,792.0,2021-09-14
Sutter,2021-09-11,Yuba City,10475.0,2021-09-14
Sutter,2021-09-11,Live Oak,1351.0,2021-09-15
Sutter,2021-09-11,Other,792.0,2021-09-15
Sutter,2021-09-11,Yuba City,10475.0,2021-09-15
Sutter,2021-09-11,Live Oak,1351.0,2021-09-16
Sutter,2021-09-11,Other,792.0,2021-09-16
Sutter,2021-09-11,Yuba City,10475.0,2021-09-16
Sutter,2021-09-11,Live Oak,1351.0,2021-09-17
Sutter,2021-09-11,Other,792.0,2021-09-17
Sutter,2021-09-11,Yuba City,10475.0,2021-09-17
Sutter,2021-09-11,Live Oak,1351.0,2021-09-18
Sutter,2021-09-11,Other,792.0,2021-09-18
Sutter,2021-09-11,Yuba City,10475.0,2021-09-18
Sutter,2021-09-11,Live Oak,1351.0,2021-09-19
Sutter,2021-09-11,Other,792.0,2021-09-19
Sutter,2021-09-11,Yuba City,10475.0,2021-09-19
Sutter,2021-09-11,Live Oak,1351.0,2021-09-20
Sutter,2021-09-11,Other,792.0,2021-09-20
Sutter,2021-09-11,Yuba City,10475.0,2021-09-20
Sutter,2021-09-11,Live Oak,1351.0,2021-09-24
Sutter,2021-09-11,Other,792.0,2021-09-24
Sutter,2021-09-11,Yuba City,10475.0,2021-09-24
Sutter,2021-09-11,Live Oak,1351.0,2021-09-25
Sutter,2021-09-11,Other,792.0,2021-09-25
Sutter,2021-09-11,Yuba City,10475.0,2021-09-25
Sutter,2021-09-11,Live Oak,1351.0,2021-09-26
Sutter,2021-09-11,Other,792.0,2021-09-26
Sutter,2021-09-11,Yuba City,10475.0,2021-09-26
Sutter,2021-09-11,Live Oak,1351.0,2021-09-27
Sutter,2021-09-11,Other,792.0,2021-09-27
Sutter,2021-09-11,Yuba City,10475.0,2021-09-27
Sutter,2021-09-11,Live Oak,1351.0,2021-09-28
Sutter,2021-09-11,Other,792.0,2021-09-28
Sutter,2021-09-11,Yuba City,10475.0,2021-09-28
Sutter,2021-09-11,Live Oak,1351.0,2021-09-29
Sutter,2021-09-11,Other,792.0,2021-09-29
Sutter,2021-09-11,Yuba City,10475.0,2021-09-29
Sutter,2021-09-11,Live Oak,1351.0,2021-09-30
Sutter,2021-09-11,Other,792.0,2021-09-30
Sutter,2021-09-11,Yuba City,10475.0,2021-09-30
Sutter,2021-09-11,Live Oak,1351.0,2021-10-02
Sutter,2021-09-11,Other,792.0,2021-10-02
Sutter,2021-09-11,Yuba City,10475.0,2021-10-02
Sutter,2021-09-11,Live Oak,1351.0,2021-10-03
Sutter,2021-09-11,Other,792.0,2021-10-03
Sutter,2021-09-11,Yuba City,10475.0,2021-10-03
Sutter,2021-09-11,Live Oak,1351.0,2021-10-04
Sutter,2021-09-11,Other,792.0,2021-10-04
Sutter,2021-09-11,Yuba City,10475.0,2021-10-04
Sutter,2021-09-11,Live Oak,1351.0,2021-10-05
Sutter,2021-09-11,Other,792.0,2021-10-05
Sutter,2021-09-11,Yuba City,10475.0,2021-10-05
Sutter,2021-09-11,Live Oak,1351.0,2021-10-06
Sutter,2021-09-11,Other,792.0,2021-10-06
Sutter,2021-09-11,Yuba City,10475.0,2021-10-06
Sutter,2021-09-11,Live Oak,1351.0,2021-10-07
Sutter,2021-09-11,Other,792.0,2021-10-07
Sutter,2021-09-11,Yuba City,10475.0,2021-10-07
Sutter,2021-09-11,Live Oak,1351.0,2021-10-08
Sutter,2021-09-11,Other,792.0,2021-10-08
Sutter,2021-09-11,Yuba City,10475.0,2021-10-08
Sutter,2021-09-11,Live Oak,1351.0,2021-10-09
Sutter,2021-09-11,Other,792.0,2021-10-09
Sutter,2021-09-11,Yuba City,10475.0,2021-10-09
Sutter,2021-09-11,Live Oak,1351.0,2021-10-10
Sutter,2021-09-11,Other,792.0,2021-10-10
Sutter,2021-09-11,Yuba City,10475.0,2021-10-10
Sutter,2021-09-11,Live Oak,1351.0,2021-10-11
Sutter,2021-09-11,Other,792.0,2021-10-11
Sutter,2021-09-11,Yuba City,10475.0,2021-10-11
Sutter,2021-09-11,Live Oak,1351.0,2021-10-12
Sutter,2021-09-11,Other,792.0,2021-10-12
Sutter,2021-09-11,Yuba City,10475.0,2021-10-12
Sutter,2021-09-11,Live Oak,1351.0,2021-10-13
Sutter,2021-09-11,Other,792.0,2021-10-13
Sutter,2021-09-11,Yuba City,10475.0,2021-10-13
Sutter,2021-09-11,Live Oak,1351.0,2021-10-14
Sutter,2021-09-11,Other,792.0,2021-10-14
Sutter,2021-09-11,Yuba City,10475.0,2021-10-14
Sutter,2021-09-11,Live Oak,1351.0,2021-10-23
Sutter,2021-09-11,Other,792.0,2021-10-23
Sutter,2021-09-11,Yuba City,10475.0,2021-10-23
Sutter,2021-09-11,Live Oak,1351.0,2021-10-24
Sutter,2021-09-11,Other,792.0,2021-10-24
Sutter,2021-09-11,Yuba City,10475.0,2021-10-24
Sutter,2021-09-11,Live Oak,1351.0,2021-10-25
Sutter,2021-09-11,Other,792.0,2021-10-25
Sutter,2021-09-11,Yuba City,10475.0,2021-10-25
Sutter,2021-10-20,Live Oak,1511.0,2021-10-26
Sutter,2021-10-20,Other,878.0,2021-10-26
Sutter,2021-10-20,Yuba City,11494.0,2021-10-26
Sutter,2021-10-27,Live Oak,1534.0,2021-10-27
Sutter,2021-10-27,Other,891.0,2021-10-27
Sutter,2021-10-27,Yuba City,11629.0,2021-10-27
Sutter,2021-10-27,Live Oak,1534.0,2021-10-28
Sutter,2021-10-27,Other,891.0,2021-10-28
Sutter,2021-10-27,Yuba City,11629.0,2021-10-28
Sutter,2021-10-27,Live Oak,1534.0,2021-10-29
Sutter,2021-10-27,Other,891.0,2021-10-29
Sutter,2021-10-27,Yuba City,11629.0,2021-10-29
Sutter,2021-10-27,Live Oak,1534.0,2021-10-30
Sutter,2021-10-27,Other,891.0,2021-10-30
Sutter,2021-10-27,Yuba City,11629.0,2021-10-30
Sutter,2021-10-27,Live Oak,1534.0,2021-10-31
Sutter,2021-10-27,Other,891.0,2021-10-31
Sutter,2021-10-27,Yuba City,11629.0,2021-10-31
Sutter,2021-10-27,Live Oak,1534.0,2021-11-01
Sutter,2021-10-27,Other,891.0,2021-11-01
Sutter,2021-10-27,Yuba City,11629.0,2021-11-01
Sutter,2021-10-27,Live Oak,1534.0,2021-11-02
Sutter,2021-10-27,Other,891.0,2021-11-02
Sutter,2021-10-27,Yuba City,11629.0,2021-11-02
Sutter,2021-11-03,Live Oak,1545.0,2021-11-03
Sutter,2021-11-03,Other,910.0,2021-11-03
Sutter,2021-11-03,Yuba City,11719.0,2021-11-03
Sutter,2021-11-03,Live Oak,1545.0,2021-11-04
Sutter,2021-11-03,Other,910.0,2021-11-04
Sutter,2021-11-03,Yuba City,11719.0,2021-11-04
Sutter,2021-11-03,Live Oak,1545.0,2021-11-05
Sutter,2021-11-03,Other,910.0,2021-11-05
Sutter,2021-11-03,Yuba City,11719.0,2021-11-05
Sutter,2021-11-03,Live Oak,1545.0,2021-11-06
Sutter,2021-11-03,Other,910.0,2021-11-06
Sutter,2021-11-03,Yuba City,11719.0,2021-11-06
Sutter,2021-11-03,Live Oak,1545.0,2021-11-07
Sutter,2021-11-03,Other,910.0,2021-11-07
Sutter,2021-11-03,Yuba City,11719.0,2021-11-07
Sutter,2021-11-03,Live Oak,1547.0,2021-11-08
Sutter,2021-11-03,Other,912.0,2021-11-08
Sutter,2021-11-03,Yuba City,11734.0,2021-11-08
Sutter,2021-11-03,Live Oak,1547.0,2021-11-09
Sutter,2021-11-03,Other,912.0,2021-11-09
Sutter,2021-11-03,Yuba City,11734.0,2021-11-09
Sutter,2021-11-10,Live Oak,1566.0,2021-11-10
Sutter,2021-11-10,Other,928.0,2021-11-10
Sutter,2021-11-10,Yuba City,11812.0,2021-11-10
Sutter,2021-11-10,Live Oak,1566.0,2021-11-11
Sutter,2021-11-10,Other,928.0,2021-11-11
Sutter,2021-11-10,Yuba City,11812.0,2021-11-11
Sutter,2021-11-10,Live Oak,1566.0,2021-11-12
Sutter,2021-11-10,Other,928.0,2021-11-12
Sutter,2021-11-10,Yuba City,11812.0,2021-11-12
Sutter,2021-11-10,Live Oak,1566.0,2021-11-13
Sutter,2021-11-10,Other,928.0,2021-11-13
Sutter,2021-11-10,Yuba City,11812.0,2021-11-13
Sutter,2021-11-10,Live Oak,1566.0,2021-11-14
Sutter,2021-11-10,Other,928.0,2021-11-14
Sutter,2021-11-10,Yuba City,11812.0,2021-11-14
Sutter,2021-11-10,Live Oak,1566.0,2021-11-15
Sutter,2021-11-10,Other,928.0,2021-11-15
Sutter,2021-11-10,Yuba City,11812.0,2021-11-15
Sutter,2021-11-10,Live Oak,1566.0,2021-11-16
Sutter,2021-11-10,Other,928.0,2021-11-16
Sutter,2021-11-10,Yuba City,11812.0,2021-11-16
Sutter,2021-11-17,Live Oak,1571.0,2021-11-19
Sutter,2021-11-17,Other,938.0,2021-11-19
Sutter,2021-11-17,Yuba City,11881.0,2021-11-19
Sutter,2021-11-17,Live Oak,1571.0,2021-11-20
Sutter,2021-11-17,Other,938.0,2021-11-20
Sutter,2021-11-17,Yuba City,11881.0,2021-11-20
Sutter,2021-11-17,Live Oak,1571.0,2021-11-21
Sutter,2021-11-17,Other,938.0,2021-11-21
Sutter,2021-11-17,Yuba City,11881.0,2021-11-21
Sutter,2021-11-17,Live Oak,1571.0,2021-11-22
Sutter,2021-11-17,Other,938.0,2021-11-22
Sutter,2021-11-17,Yuba City,11881.0,2021-11-22
Sutter,2021-11-17,Live Oak,1571.0,2021-11-23
Sutter,2021-11-17,Other,938.0,2021-11-23
Sutter,2021-11-17,Yuba City,11881.0,2021-11-23
Sutter,2021-11-24,Live Oak,1579.0,2021-11-24
Sutter,2021-11-24,Other,953.0,2021-11-24
Sutter,2021-11-24,Yuba City,11942.0,2021-11-24
Sutter,2021-11-24,Live Oak,1579.0,2021-11-25
Sutter,2021-11-24,Other,953.0,2021-11-25
Sutter,2021-11-24,Yuba City,11942.0,2021-11-25
Sutter,2021-11-24,Live Oak,1579.0,2021-11-26
Sutter,2021-11-24,Other,953.0,2021-11-26
Sutter,2021-11-24,Yuba City,11942.0,2021-11-26
Sutter,2021-11-24,Live Oak,1579.0,2021-11-27
Sutter,2021-11-24,Other,953.0,2021-11-27
Sutter,2021-11-24,Yuba City,11942.0,2021-11-27
Sutter,2021-11-24,Live Oak,1579.0,2021-11-28
Sutter,2021-11-24,Other,953.0,2021-11-28
Sutter,2021-11-24,Yuba City,11942.0,2021-11-28
Sutter,2021-11-24,Live Oak,1579.0,2021-11-29
Sutter,2021-11-24,Other,953.0,2021-11-29
Sutter,2021-11-24,Yuba City,11942.0,2021-11-29
Sutter,2021-11-24,Live Oak,1579.0,2021-11-30
Sutter,2021-11-24,Other,953.0,2021-11-30
Sutter,2021-11-24,Yuba City,11942.0,2021-11-30
Sutter,2021-12-01,Live Oak,1595.0,2021-12-01
Sutter,2021-12-01,Other,969.0,2021-12-01
Sutter,2021-12-01,Yuba City,12048.0,2021-12-01
Sutter,2021-12-01,Live Oak,1595.0,2021-12-02
Sutter,2021-12-01,Other,969.0,2021-12-02
Sutter,2021-12-01,Yuba City,12048.0,2021-12-02
Sutter,2021-12-01,Live Oak,1595.0,2021-12-03
Sutter,2021-12-01,Other,969.0,2021-12-03
Sutter,2021-12-01,Yuba City,12048.0,2021-12-03
Sutter,2021-12-01,Live Oak,1595.0,2021-12-04
Sutter,2021-12-01,Other,969.0,2021-12-04
Sutter,2021-12-01,Yuba City,12048.0,2021-12-04
Sutter,2021-12-01,Live Oak,1595.0,2021-12-05
Sutter,2021-12-01,Other,969.0,2021-12-05
Sutter,2021-12-01,Yuba City,12048.0,2021-12-05
Sutter,2021-12-01,Live Oak,1595.0,2021-12-06
Sutter,2021-12-01,Other,969.0,2021-12-06
Sutter,2021-12-01,Yuba City,12048.0,2021-12-06
Sutter,2021-12-01,Live Oak,1595.0,2021-12-07
Sutter,2021-12-01,Other,969.0,2021-12-07
Sutter,2021-12-01,Yuba City,12048.0,2021-12-07
Sutter,2021-12-15,Live Oak,1620.0,2021-12-16
Sutter,2021-12-15,Other,995.0,2021-12-16
Sutter,2021-12-15,Yuba City,12213.0,2021-12-16
Sutter,2021-12-15,Live Oak,1620.0,2021-12-17
Sutter,2021-12-15,Other,995.0,2021-12-17
Sutter,2021-12-15,Yuba City,12213.0,2021-12-17
Sutter,2021-12-15,Live Oak,1620.0,2021-12-18
Sutter,2021-12-15,Other,995.0,2021-12-18
Sutter,2021-12-15,Yuba City,12213.0,2021-12-18
Sutter,2021-12-15,Live Oak,1620.0,2021-12-19
Sutter,2021-12-15,Other,995.0,2021-12-19
Sutter,2021-12-15,Yuba City,12213.0,2021-12-19
Sutter,2021-12-15,Live Oak,1620.0,2021-12-20
Sutter,2021-12-15,Other,995.0,2021-12-20
Sutter,2021-12-15,Yuba City,12213.0,2021-12-20
Sutter,2021-12-15,Live Oak,1620.0,2021-12-21
Sutter,2021-12-15,Other,995.0,2021-12-21
Sutter,2021-12-15,Yuba City,12213.0,2021-12-21
Sutter,2021-12-22,Live Oak,1622.0,2021-12-22
Sutter,2021-12-22,Other,1007.0,2021-12-22
Sutter,2021-12-22,Yuba City,12302.0,2021-12-22
Sutter,2021-12-22,Live Oak,1622.0,2021-12-23
Sutter,2021-12-22,Other,1007.0,2021-12-23
Sutter,2021-12-22,Yuba City,12302.0,2021-12-23
Sutter,2021-12-22,Live Oak,1622.0,2021-12-24
Sutter,2021-12-22,Other,1007.0,2021-12-24
Sutter,2021-12-22,Yuba City,12302.0,2021-12-24
Sutter,2021-12-22,Live Oak,1622.0,2021-12-25
Sutter,2021-12-22,Other,1007.0,2021-12-25
Sutter,2021-12-22,Yuba City,12302.0,2021-12-25
Sutter,2021-12-22,Live Oak,1622.0,2021-12-26
Sutter,2021-12-22,Other,1007.0,2021-12-26
Sutter,2021-12-22,Yuba City,12302.0,2021-12-26
Sutter,2021-12-22,Live Oak,1622.0,2021-12-27
Sutter,2021-12-22,Other,1007.0,2021-12-27
Sutter,2021-12-22,Yuba City,12302.0,2021-12-27
Sutter,2021-12-22,Live Oak,1622.0,2021-12-28
Sutter,2021-12-22,Other,1007.0,2021-12-28
Sutter,2021-12-22,Yuba City,12302.0,2021-12-28
Sutter,2021-12-22,Live Oak,1622.0,2021-12-29
Sutter,2021-12-22,Other,1007.0,2021-12-29
Sutter,2021-12-22,Yuba City,12302.0,2021-12-29
Sutter,2021-12-22,Live Oak,1622.0,2021-12-30
Sutter,2021-12-22,Other,1007.0,2021-12-30
Sutter,2021-12-22,Yuba City,12302.0,2021-12-30
Sutter,2021-12-22,Live Oak,1622.0,2021-12-31
Sutter,2021-12-22,Other,1007.0,2021-12-31
Sutter,2021-12-22,Yuba City,12302.0,2021-12-31
Sutter,2021-12-22,Live Oak,1622.0,2022-01-01
Sutter,2021-12-22,Other,1007.0,2022-01-01
Sutter,2021-12-22,Yuba City,12302.0,2022-01-01
Sutter,2021-12-22,Live Oak,1622.0,2022-01-02
Sutter,2021-12-22,Other,1007.0,2022-01-02
Sutter,2021-12-22,Yuba City,12302.0,2022-01-02
Sutter,2021-12-22,Live Oak,1622.0,2022-01-03
Sutter,2021-12-22,Other,1007.0,2022-01-03
Sutter,2021-12-22,Yuba City,12302.0,2022-01-03
Sutter,2021-12-22,Live Oak,1622.0,2022-01-04
Sutter,2021-12-22,Other,1007.0,2022-01-04
Sutter,2021-12-22,Yuba City,12302.0,2022-01-04
Sutter,2021-12-22,Live Oak,1622.0,2022-01-05
Sutter,2021-12-22,Other,1007.0,2022-01-05
Sutter,2021-12-22,Yuba City,12302.0,2022-01-05
Sutter,2022-01-06,Live Oak,1670.0,2022-01-06
Sutter,2022-01-06,Other,1053.0,2022-01-06
Sutter,2022-01-06,Yuba City,12951.0,2022-01-06
Sutter,2022-01-06,Live Oak,1670.0,2022-01-07
Sutter,2022-01-06,Other,1053.0,2022-01-07
Sutter,2022-01-06,Yuba City,12951.0,2022-01-07
Sutter,2022-01-06,Live Oak,1670.0,2022-01-08
Sutter,2022-01-06,Other,1053.0,2022-01-08
Sutter,2022-01-06,Yuba City,12951.0,2022-01-08
Sutter,2022-01-06,Live Oak,1670.0,2022-01-09
Sutter,2022-01-06,Other,1053.0,2022-01-09
Sutter,2022-01-06,Yuba City,12951.0,2022-01-09
Sutter,2022-01-06,Live Oak,1670.0,2022-01-10
Sutter,2022-01-06,Other,1053.0,2022-01-10
Sutter,2022-01-06,Yuba City,12951.0,2022-01-10
Sutter,2022-01-06,Live Oak,1670.0,2022-01-11
Sutter,2022-01-06,Other,1053.0,2022-01-11
Sutter,2022-01-06,Yuba City,12951.0,2022-01-11
Sutter,2022-01-12,Live Oak,1783.0,2022-01-12
Sutter,2022-01-12,Other,1099.0,2022-01-12
Sutter,2022-01-12,Yuba City,14062.0,2022-01-12
Sutter,2022-01-12,Live Oak,1783.0,2022-01-13
Sutter,2022-01-12,Other,1099.0,2022-01-13
Sutter,2022-01-12,Yuba City,14062.0,2022-01-13
Sutter,2022-01-12,Live Oak,1783.0,2022-01-14
Sutter,2022-01-12,Other,1099.0,2022-01-14
Sutter,2022-01-12,Yuba City,14062.0,2022-01-14
Sutter,2022-01-12,Live Oak,1783.0,2022-01-15
Sutter,2022-01-12,Other,1099.0,2022-01-15
Sutter,2022-01-12,Yuba City,14062.0,2022-01-15
Sutter,2022-01-12,Live Oak,1783.0,2022-01-16
Sutter,2022-01-12,Other,1099.0,2022-01-16
Sutter,2022-01-12,Yuba City,14062.0,2022-01-16
Sutter,2022-01-12,Live Oak,1783.0,2022-01-17
Sutter,2022-01-12,Other,1099.0,2022-01-17
Sutter,2022-01-12,Yuba City,14062.0,2022-01-17
Sutter,2022-01-12,Live Oak,1783.0,2022-01-18
Sutter,2022-01-12,Other,1099.0,2022-01-18
Sutter,2022-01-12,Yuba City,14062.0,2022-01-18
Sutter,2022-01-12,Live Oak,1783.0,2022-01-19
Sutter,2022-01-12,Other,1099.0,2022-01-19
Sutter,2022-01-12,Yuba City,14062.0,2022-01-19
Sutter,2022-01-20,Live Oak,1927.0,2022-01-20
Sutter,2022-01-20,Other,1152.0,2022-01-20
Sutter,2022-01-20,Yuba City,15274.0,2022-01-20
Sutter,2022-01-20,Live Oak,1927.0,2022-01-21
Sutter,2022-01-20,Other,1152.0,2022-01-21
Sutter,2022-01-20,Yuba City,15274.0,2022-01-21
Sutter,2022-01-20,Live Oak,1927.0,2022-01-22
Sutter,2022-01-20,Other,1152.0,2022-01-22
Sutter,2022-01-20,Yuba City,15274.0,2022-01-22
Sutter,2022-01-20,Live Oak,1927.0,2022-01-23
Sutter,2022-01-20,Other,1152.0,2022-01-23
Sutter,2022-01-20,Yuba City,15274.0,2022-01-23
Sutter,2022-01-20,Live Oak,1927.0,2022-01-24
Sutter,2022-01-20,Other,1152.0,2022-01-24
Sutter,2022-01-20,Yuba City,15274.0,2022-01-24
Sutter,2022-01-20,Live Oak,1927.0,2022-01-25
Sutter,2022-01-20,Other,1152.0,2022-01-25
Sutter,2022-01-20,Yuba City,15274.0,2022-01-25
Sutter,2022-01-26,Live Oak,2139.0,2022-01-26
Sutter,2022-01-26,Other,1214.0,2022-01-26
Sutter,2022-01-26,Yuba City,16707.0,2022-01-26
Sutter,2022-01-26,Live Oak,2139.0,2022-01-27
Sutter,2022-01-26,Other,1214.0,2022-01-27
Sutter,2022-01-26,Yuba City,16707.0,2022-01-27
Sutter,2022-01-26,Live Oak,2139.0,2022-01-28
Sutter,2022-01-26,Other,1214.0,2022-01-28
Sutter,2022-01-26,Yuba City,16707.0,2022-01-28
Sutter,2022-01-26,Live Oak,2139.0,2022-01-29
Sutter,2022-01-26,Other,1214.0,2022-01-29
Sutter,2022-01-26,Yuba City,16707.0,2022-01-29
Sutter,2022-01-26,Live Oak,2139.0,2022-01-30
Sutter,2022-01-26,Other,1214.0,2022-01-30
Sutter,2022-01-26,Yuba City,16707.0,2022-01-30
Sutter,2022-01-26,Live Oak,2139.0,2022-01-31
Sutter,2022-01-26,Other,1214.0,2022-01-31
Sutter,2022-01-26,Yuba City,16707.0,2022-01-31
Sutter,2022-01-26,Live Oak,2139.0,2022-02-01
Sutter,2022-01-26,Other,1214.0,2022-02-01
Sutter,2022-01-26,Yuba City,16707.0,2022-02-01
Sutter,2022-02-02,Live Oak,2265.0,2022-02-02
Sutter,2022-02-02,Other,1251.0,2022-02-02
Sutter,2022-02-02,Yuba City,17428.0,2022-02-02
Sutter,2022-02-02,Live Oak,2265.0,2022-02-03
Sutter,2022-02-02,Other,1251.0,2022-02-03
Sutter,2022-02-02,Yuba City,17428.0,2022-02-03
Sutter,2022-02-02,Live Oak,2265.0,2022-02-04
Sutter,2022-02-02,Other,1251.0,2022-02-04
Sutter,2022-02-02,Yuba City,17428.0,2022-02-04
Sutter,2022-02-02,Live Oak,2265.0,2022-02-05
Sutter,2022-02-02,Other,1251.0,2022-02-05
Sutter,2022-02-02,Yuba City,17428.0,2022-02-05
Sutter,2022-02-02,Live Oak,2265.0,2022-02-06
Sutter,2022-02-02,Other,1251.0,2022-02-06
Sutter,2022-02-02,Yuba City,17428.0,2022-02-06
Sutter,2022-02-02,Live Oak,2265.0,2022-02-07
Sutter,2022-02-02,Other,1251.0,2022-02-07
Sutter,2022-02-02,Yuba City,17428.0,2022-02-07
Sutter,2022-02-02,Live Oak,2265.0,2022-02-08
Sutter,2022-02-02,Other,1251.0,2022-02-08
Sutter,2022-02-02,Yuba City,17428.0,2022-02-08
Sutter,2022-02-09,Live Oak,2351.0,2022-02-09
Sutter,2022-02-09,Other,1285.0,2022-02-09
Sutter,2022-02-09,Yuba City,17841.0,2022-02-09
Sutter,2022-02-09,Live Oak,2351.0,2022-02-10
Sutter,2022-02-09,Other,1285.0,2022-02-10
Sutter,2022-02-09,Yuba City,17841.0,2022-02-10
Sutter,2022-02-09,Live Oak,2351.0,2022-02-11
Sutter,2022-02-09,Other,1285.0,2022-02-11
Sutter,2022-02-09,Yuba City,17841.0,2022-02-11
Sutter,2022-02-09,Live Oak,2351.0,2022-02-12
Sutter,2022-02-09,Other,1285.0,2022-02-12
Sutter,2022-02-09,Yuba City,17841.0,2022-02-12
Sutter,2022-02-09,Live Oak,2351.0,2022-02-13
Sutter,2022-02-09,Other,1285.0,2022-02-13
Sutter,2022-02-09,Yuba City,17841.0,2022-02-13
Sutter,2022-02-09,Live Oak,2351.0,2022-02-14
Sutter,2022-02-09,Other,1285.0,2022-02-14
Sutter,2022-02-09,Yuba City,17841.0,2022-02-14
Sutter,2022-02-09,Live Oak,2351.0,2022-02-15
Sutter,2022-02-09,Other,1285.0,2022-02-15
Sutter,2022-02-09,Yuba City,17841.0,2022-02-15
Sutter,2022-02-16,Live Oak,2410.0,2022-02-16
Sutter,2022-02-16,Other,1292.0,2022-02-16
Sutter,2022-02-16,Yuba City,18137.0,2022-02-16
Sutter,2022-02-16,Live Oak,2410.0,2022-02-17
Sutter,2022-02-16,Other,1292.0,2022-02-17
Sutter,2022-02-16,Yuba City,18137.0,2022-02-17
Sutter,2022-02-16,Live Oak,2410.0,2022-02-18
Sutter,2022-02-16,Other,1292.0,2022-02-18
Sutter,2022-02-16,Yuba City,18137.0,2022-02-18
