age,confirmed_cases,cases_pct,deaths,deaths_pct,population_pct,date
18-34,22869,25.9,36,1.0,24.3,2020-05-21
35-49,22083,25.0,167,4.7,19.3,2020-05-21
5-17,3166,3.6,0,0.0,16.7,2020-05-21
50-59,15096,17.1,306,8.6,12.5,2020-05-21
60-64,6365,7.2,230,6.5,5.9,2020-05-21
65-69,4740,5.4,337,9.5,5.0,2020-05-21
70-74,3547,4.0,371,10.5,4.1,2020-05-21
75-79,2837,3.2,441,12.4,2.7,2020-05-21
80+,6740,7.6,1656,46.7,3.9,2020-05-21
<5,883,1.0,0,0.0,5.8,2020-05-21
Total,88444,100.0,3544,100.0,100.0,2020-05-21
missing,118,0.1,0,0.0,0.0,2020-05-21
18-34,23501,25.9,36,1.0,24.3,2020-05-22
35-49,22630,25.0,167,4.7,19.3,2020-05-22
5-17,3338,3.7,0,0.0,16.7,2020-05-22
50-59,15455,17.1,310,8.6,12.5,2020-05-22
60-64,6483,7.2,234,6.5,5.9,2020-05-22
65-69,4819,5.3,342,9.5,5.0,2020-05-22
70-74,3614,4.0,381,10.6,4.1,2020-05-22
75-79,2837,3.2,441,12.4,2.7,2020-05-22
80+,6841,7.5,1669,46.5,3.9,2020-05-22
<5,935,1.0,0,0.0,5.8,2020-05-22
Total,90631,100.0,3589,100.0,100.0,2020-05-22
missing,125,0.1,0,0.0,0.0,2020-05-22
18-34,27064,26.6,41,1.1,24.3,2020-05-27
35-49,25491,25.1,177,4.6,19.3,2020-05-27
5-17,4204,4.1,0,0.0,16.7,2020-05-27
50-59,17063,16.8,330,8.6,12.5,2020-05-27
60-64,7091,7.0,249,6.5,5.9,2020-05-27
65-69,5235,5.1,359,9.4,5.0,2020-05-27
70-74,3909,3.8,410,10.7,4.1,2020-05-27
75-79,3090,3.0,475,12.4,2.7,2020-05-27
80+,7228,7.1,1775,46.5,3.9,2020-05-27
<5,1167,1.1,0,0.0,5.8,2020-05-27
Total,101697,100.0,3816,100.0,100.0,2020-05-27
missing,155,0.2,0,0.0,0.0,2020-05-27
18-34,27736,26.7,41,1.1,24.3,2020-05-28
35-49,26059,25.1,181,4.6,19.3,2020-05-28
5-17,4338,4.2,0,0.0,16.7,2020-05-28
50-59,17403,16.8,339,8.7,12.5,2020-05-28
60-64,7214,6.9,260,6.7,5.9,2020-05-28
65-69,5319,5.1,366,9.4,5.0,2020-05-28
70-74,3981,3.8,418,10.7,4.1,2020-05-28
75-79,3127,3.0,485,12.4,2.7,2020-05-28
80+,7346,7.1,1814,46.5,3.9,2020-05-28
<5,1204,1.2,0,0.0,5.8,2020-05-28
Total,103886,100.0,3904,100.0,100.0,2020-05-28
missing,159,0.2,0,0.0,0.0,2020-05-28
18-34,28753,26.9,42,1.1,24.3,2020-05-29
35-49,26799,25.1,186,4.7,19.3,2020-05-29
5-17,4592,4.3,0,0.0,16.7,2020-05-29
50-59,17845,16.7,351,8.8,12.5,2020-05-29
60-64,7378,6.9,267,6.7,5.9,2020-05-29
65-69,5418,5.1,372,9.3,5.0,2020-05-29
70-74,4056,3.8,427,10.7,4.1,2020-05-29
75-79,3177,3.0,489,12.3,2.7,2020-05-29
80+,7422,6.9,1851,46.4,3.9,2020-05-29
<5,1269,1.2,0,0.0,5.8,2020-05-29
Total,106878,100.0,3985,100.0,100.0,2020-05-29
missing,169,0.2,0,0.0,0.0,2020-05-29
18-34,29987,27.1,42,1.0,24.3,2020-05-30
35-49,27751,25.1,188,4.7,19.3,2020-05-30
5-17,4901,4.4,0,0.0,16.7,2020-05-30
50-59,18410,16.6,355,8.8,12.5,2020-05-30
60-64,7554,6.8,272,6.7,5.9,2020-05-30
65-69,5545,5.0,374,9.3,5.0,2020-05-30
70-74,4147,3.8,430,10.6,4.1,2020-05-30
75-79,3229,2.9,500,12.4,2.7,2020-05-30
80+,7534,6.8,1882,46.5,3.9,2020-05-30
<5,1353,1.2,0,0.0,5.8,2020-05-30
Missing,172,0.2,0,0.0,0.0,2020-05-30
Total,110583,100.0,4043,100.0,100.0,2020-05-30
18-34,30791,27.2,43,1.1,24.3,2020-05-31
35-49,28353,25.1,188,4.6,19.3,2020-05-31
5-17,5084,4.5,0,0.0,16.7,2020-05-31
50-59,18727,16.6,358,8.8,12.5,2020-05-31
60-64,7678,6.8,278,6.8,5.9,2020-05-31
65-69,5637,5.0,381,9.3,5.0,2020-05-31
70-74,4218,3.7,434,10.6,4.1,2020-05-31
75-79,3284,2.9,503,12.3,2.7,2020-05-31
80+,7653,6.8,1895,46.4,3.9,2020-05-31
<5,1404,1.2,0,0.0,5.8,2020-05-31
Missing,177,0.2,0,0.0,0.0,2020-05-31
Total,113006,100.0,4080,100.0,100.0,2020-05-31
18-34,31535,27.3,45,1.1,24.3,2020-06-01
35-49,28958,25.1,190,4.6,19.3,2020-06-01
5-17,5235,4.5,0,0.0,16.7,2020-06-01
50-59,19086,16.6,362,8.8,12.5,2020-06-01
60-64,7794,6.8,280,6.8,5.9,2020-06-01
65-69,5724,5.0,386,9.4,5.0,2020-06-01
70-74,4274,3.7,438,10.6,4.1,2020-06-01
75-79,3316,2.9,508,12.3,2.7,2020-06-01
80+,7740,6.7,1918,46.5,3.9,2020-06-01
<5,1471,1.3,0,0.0,5.8,2020-06-01
Missing,177,0.2,0,0.0,0.0,2020-06-01
Total,115310,100.0,4127,100.0,100.0,2020-06-01
18-34,32315,27.5,46,1.1,24.3,2020-06-02
35-49,29581,25.1,202,4.8,19.3,2020-06-02
5-17,5397,4.6,0,0.0,16.7,2020-06-02
50-59,19418,16.5,375,8.9,12.5,2020-06-02
60-64,7916,6.7,287,6.8,5.9,2020-06-02
65-69,5807,4.9,394,9.3,5.0,2020-06-02
70-74,4356,3.7,446,10.5,4.1,2020-06-02
75-79,3371,2.9,518,12.2,2.7,2020-06-02
80+,7820,6.6,1963,46.4,3.9,2020-06-02
<5,1528,1.3,0,0.0,5.8,2020-06-02
Missing,178,0.2,0,0.0,0.0,2020-06-02
Total,117687,100.0,4231,100.0,100.0,2020-06-02
18-34,33029,27.6,47,1.1,24.3,2020-06-03
35-49,30123,25.1,203,4.7,19.3,2020-06-03
5-17,5544,4.6,0,0.0,16.7,2020-06-03
50-59,19730,16.5,378,8.8,12.5,2020-06-03
60-64,8032,6.7,293,6.8,5.9,2020-06-03
65-69,5865,4.9,401,9.3,5.0,2020-06-03
70-74,4415,3.7,454,10.6,4.1,2020-06-03
75-79,3410,2.8,528,12.3,2.7,2020-06-03
80+,7905,6.6,1994,46.4,3.9,2020-06-03
<5,1575,1.3,0,0.0,5.8,2020-06-03
Missing,179,0.1,0,0.0,0.0,2020-06-03
Total,119807,100.0,4298,100.0,100.0,2020-06-03
18-34,33992,27.7,48,1.1,24.3,2020-06-04
35-49,30922,25.2,209,4.8,19.3,2020-06-04
5-17,5771,4.7,0,0.0,16.7,2020-06-04
50-59,20181,16.4,385,8.8,12.5,2020-06-04
60-64,8215,6.7,301,6.9,5.9,2020-06-04
65-69,5970,4.9,407,9.3,5.0,2020-06-04
70-74,4492,3.7,460,10.5,4.1,2020-06-04
75-79,3479,2.8,535,12.2,2.7,2020-06-04
80+,8061,6.6,2023,46.3,3.9,2020-06-04
<5,1637,1.3,0,0.0,5.8,2020-06-04
Missing,181,0.1,0,0.0,0.0,2020-06-04
Total,122901,100.0,4368,100.0,100.0,2020-06-04
18-34,36051,28.0,49,1.1,24.3,2020-06-06
35-49,32361,25.1,220,4.9,19.3,2020-06-06
5-17,6182,4.8,0,0.0,16.7,2020-06-06
50-59,21049,16.3,400,8.9,12.5,2020-06-06
60-64,8507,6.6,309,6.9,5.9,2020-06-06
65-69,6187,4.8,419,9.3,5.0,2020-06-06
70-74,4637,3.6,471,10.5,4.1,2020-06-06
75-79,3593,2.8,550,12.2,2.7,2020-06-06
80+,8287,6.4,2083,46.3,3.9,2020-06-06
<5,1765,1.4,0,0.0,5.8,2020-06-06
Missing,193,0.1,0,0.0,0.0,2020-06-06
Total,128812,100.0,4501,100.0,100.0,2020-06-06
18-34,36930,28.1,49,1.1,24.3,2020-06-07
35-49,32985,25.1,222,4.9,19.3,2020-06-07
5-17,6422,4.9,0,0.0,16.7,2020-06-07
50-59,21394,16.3,403,8.9,12.5,2020-06-07
60-64,8631,6.6,312,6.9,5.9,2020-06-07
65-69,6265,4.8,420,9.3,5.0,2020-06-07
70-74,4698,3.6,472,10.4,4.1,2020-06-07
75-79,3621,2.8,554,12.2,2.7,2020-06-07
80+,8355,6.4,2096,46.3,3.9,2020-06-07
<5,1826,1.4,0,0.0,5.8,2020-06-07
Missing,192,0.1,0,0.0,0.0,2020-06-07
Total,131319,100.0,4528,100.0,100.0,2020-06-07
18-34,38568,28.3,49,1.1,24.3,2020-06-09
35-49,34261,25.2,231,5.0,19.3,2020-06-09
5-17,6844,5.0,0,0.0,16.7,2020-06-09
50-59,22071,16.2,419,9.0,12.5,2020-06-09
60-64,8843,6.5,322,6.9,5.9,2020-06-09
65-69,6426,4.7,430,9.2,5.0,2020-06-09
70-74,4795,3.5,486,10.4,4.1,2020-06-09
75-79,3686,2.7,575,12.3,2.7,2020-06-09
80+,8562,6.3,2151,46.1,3.9,2020-06-09
<5,1956,1.4,0,0.0,5.8,2020-06-09
Missing,179,0.1,0,0.0,0.0,2020-06-09
Total,136191,100.0,4663,100.0,100.0,2020-06-09
18-34,39624,28.4,52,1.1,24.3,2020-06-10
35-49,34998,25.1,239,5.0,19.3,2020-06-10
5-17,7102,5.1,0,0.0,16.7,2020-06-10
50-59,22533,16.2,429,9.0,12.5,2020-06-10
60-64,8997,6.5,327,6.9,5.9,2020-06-10
65-69,6531,4.7,440,9.2,5.0,2020-06-10
70-74,4859,3.5,497,10.4,4.1,2020-06-10
75-79,3742,2.7,588,12.3,2.7,2020-06-10
80+,8674,6.2,2196,46.0,3.9,2020-06-10
<5,2034,1.5,0,0.0,5.8,2020-06-10
Missing,187,0.1,1,0.0,0.0,2020-06-10
Total,139281,100.0,4769,100.0,100.0,2020-06-10
18-34,41766,28.7,52,1.1,24.3,2020-06-12
35-49,36675,25.2,244,5.0,19.3,2020-06-12
5-17,7625,5.2,0,0.0,16.7,2020-06-12
50-59,23486,16.1,439,9.0,12.5,2020-06-12
60-64,9297,6.4,339,6.9,5.9,2020-06-12
65-69,6735,4.6,450,9.2,5.0,2020-06-12
70-74,4980,3.4,506,10.4,4.1,2020-06-12
75-79,3841,2.6,601,12.3,2.7,2020-06-12
80+,8847,6.1,2247,46.1,3.9,2020-06-12
<5,2194,1.5,0,0.0,5.8,2020-06-12
Missing,197,0.1,1,0.0,0.0,2020-06-12
Total,145643,100.0,4879,100.0,100.0,2020-06-12
18-34,42906,28.8,55,1.1,24.3,2020-06-13
35-49,37442,25.2,249,5.0,19.3,2020-06-13
5-17,7912,5.3,0,0.0,16.7,2020-06-13
50-59,23926,16.1,447,9.0,12.5,2020-06-13
60-64,9431,6.3,345,7.0,5.9,2020-06-13
65-69,6841,4.6,457,9.2,5.0,2020-06-13
70-74,5054,3.4,516,10.4,4.1,2020-06-13
75-79,3901,2.6,605,12.2,2.7,2020-06-13
80+,8966,6.0,2286,46.1,3.9,2020-06-13
<5,2272,1.5,0,0.0,5.8,2020-06-13
Missing,204,0.1,1,0.0,0.0,2020-06-13
Total,148855,100.0,4961,100.0,100.0,2020-06-13
18-34,43836,28.9,56,1.1,24.3,2020-06-14
35-49,38107,25.2,251,5.0,19.3,2020-06-14
5-17,8121,5.4,0,0.0,16.7,2020-06-14
50-59,24306,16.0,450,9.0,12.5,2020-06-14
60-64,9565,6.3,348,7.0,5.9,2020-06-14
65-69,6894,4.6,458,9.2,5.0,2020-06-14
70-74,5126,3.4,518,10.4,4.1,2020-06-14
75-79,3932,2.6,609,12.2,2.7,2020-06-14
80+,9029,6.0,2289,46.0,3.9,2020-06-14
<5,2330,1.5,0,0.0,5.8,2020-06-14
Missing,206,0.1,1,0.0,0.0,2020-06-14
Total,151452,100.0,4980,100.0,100.0,2020-06-14
18-34,44670,29.1,56,1.1,24.3,2020-06-15
35-49,38584,25.1,252,5.0,19.3,2020-06-15
5-17,8315,5.4,0,0.0,16.7,2020-06-15
50-59,24633,16.0,453,9.1,12.5,2020-06-15
60-64,9657,6.3,348,7.0,5.9,2020-06-15
65-69,6948,4.5,458,9.2,5.0,2020-06-15
70-74,5159,3.4,519,10.4,4.1,2020-06-15
75-79,3951,2.6,614,12.3,2.7,2020-06-15
80+,9051,5.9,2301,46.0,3.9,2020-06-15
<5,2387,1.6,0,0.0,5.8,2020-06-15
Missing,205,0.1,1,0.0,0.0,2020-06-15
Total,153560,100.0,5002,100.0,100.0,2020-06-15
18-34,45832,29.2,56,1.1,24.3,2020-06-16
35-49,39493,25.2,256,5.1,19.3,2020-06-16
5-17,8589,5.5,0,0.0,16.7,2020-06-16
50-59,25077,16.0,460,9.1,12.5,2020-06-16
60-64,9845,6.3,352,7.0,5.9,2020-06-16
65-69,7093,4.5,465,9.2,5.0,2020-06-16
70-74,5237,3.3,529,10.4,4.1,2020-06-16
75-79,4009,2.6,619,12.2,2.7,2020-06-16
80+,9164,5.8,2326,45.9,3.9,2020-06-16
<5,2475,1.6,0,0.0,5.8,2020-06-16
Missing,201,0.1,1,0.0,0.0,2020-06-16
Total,157015,100.0,5064,100.0,100.0,2020-06-16
18-34,50190,29.6,59,1.1,24.3,2020-06-19
35-49,42513,25.1,263,4.9,19.3,2020-06-19
5-17,9672,5.7,0,0.0,16.7,2020-06-19
50-59,26771,15.8,484,9.1,12.5,2020-06-19
60-64,10442,6.2,367,6.9,5.9,2020-06-19
65-69,7502,4.4,483,9.1,5.0,2020-06-19
70-74,5499,3.2,564,10.6,4.1,2020-06-19
75-79,4197,2.5,652,12.3,2.7,2020-06-19
80+,9543,5.6,2445,46.0,3.9,2020-06-19
<5,2769,1.6,0,0.0,5.8,2020-06-19
Missing,211,0.1,1,0.0,0.0,2020-06-19
Total,169309,100.0,5318,100.0,100.0,2020-06-19
18-34,51816,29.8,59,1.1,24.3,2020-06-20
35-49,43697,25.1,267,4.9,19.3,2020-06-20
5-17,10017,5.8,0,0.0,16.7,2020-06-20
50-59,27390,15.8,495,9.2,12.5,2020-06-20
60-64,10656,6.1,373,6.9,5.9,2020-06-20
65-69,7636,4.4,490,9.1,5.0,2020-06-20
70-74,5606,3.2,580,10.7,4.1,2020-06-20
75-79,4269,2.5,663,12.3,2.7,2020-06-20
80+,9662,5.6,2474,45.8,3.9,2020-06-20
<5,2880,1.7,0,0.0,5.8,2020-06-20
Missing,195,0.1,1,0.0,0.0,2020-06-20
Total,173824,100.0,5402,100.0,100.0,2020-06-20
18-34,53400,30.0,59,1.1,24.3,2020-06-21
35-49,44869,25.2,268,4.9,19.3,2020-06-21
5-17,10358,5.8,0,0.0,16.7,2020-06-21
50-59,27940,15.7,499,9.2,12.5,2020-06-21
60-64,10855,6.1,376,6.9,5.9,2020-06-21
65-69,7750,4.4,494,9.1,5.0,2020-06-21
70-74,5665,3.2,580,10.7,4.1,2020-06-21
75-79,4306,2.4,665,12.3,2.7,2020-06-21
80+,9735,5.5,2483,45.8,3.9,2020-06-21
<5,2988,1.7,0,0.0,5.8,2020-06-21
Missing,188,0.1,1,0.0,0.0,2020-06-21
Total,178054,100.0,5425,100.0,100.0,2020-06-21
18-34,57991,30.5,59,1.1,24.3,2020-06-23
35-49,48062,25.3,273,5.0,19.3,2020-06-23
5-17,11278,5.9,0,0.0,16.7,2020-06-23
50-59,29529,15.5,502,9.1,12.5,2020-06-23
60-64,11394,6.0,387,7.0,5.9,2020-06-23
65-69,8113,4.3,502,9.1,5.0,2020-06-23
70-74,5917,3.1,586,10.7,4.1,2020-06-23
75-79,4476,2.4,673,12.2,2.7,2020-06-23
80+,10022,5.3,2516,45.8,3.9,2020-06-23
<5,3246,1.7,0,0.0,5.8,2020-06-23
Missing,194,0.1,1,0.0,0.0,2020-06-23
Total,190222,100.0,5499,100.0,100.0,2020-06-23
18-34,61786,30.8,61,1.1,24.3,2020-06-25
35-49,50761,25.3,283,5.0,19.3,2020-06-25
5-17,11985,6.0,0,0.0,16.7,2020-06-25
50-59,30877,15.4,530,9.3,12.5,2020-06-25
60-64,11844,5.9,402,7.0,5.9,2020-06-25
65-69,8418,4.2,523,9.1,5.0,2020-06-25
70-74,6160,3.1,607,10.6,4.1,2020-06-25
75-79,4656,2.3,691,12.1,2.7,2020-06-25
80+,10310,5.1,2619,45.8,3.9,2020-06-25
<5,3464,1.7,0,0.0,5.8,2020-06-25
Missing,200,0.1,1,0.0,0.0,2020-06-25
Total,200461,100.0,5717,100.0,100.0,2020-06-25
18-34,65670,31.2,62,1.1,24.3,2020-06-27
35-49,53253,25.3,287,4.9,19.3,2020-06-27
5-17,12814,6.1,0,0.0,16.7,2020-06-27
50-59,32097,15.3,539,9.3,12.5,2020-06-27
60-64,12286,5.8,415,7.1,5.9,2020-06-27
65-69,8701,4.1,531,9.1,5.0,2020-06-27
70-74,6351,3.0,621,10.7,4.1,2020-06-27
75-79,4775,2.3,701,12.1,2.7,2020-06-27
80+,10506,5.0,2653,45.7,3.9,2020-06-27
<5,3732,1.8,0,0.0,5.8,2020-06-27
Missing,1058,0.1,1,0.0,0.0,2020-06-27
Total,211243,100.0,5810,100.0,100.0,2020-06-27
18-34,68070,31.4,62,1.1,24.3,2020-06-28
35-49,54763,25.3,288,4.9,19.3,2020-06-28
5-17,13303,6.1,0,0.0,16.7,2020-06-28
50-59,32859,15.2,543,9.3,12.5,2020-06-28
60-64,12575,5.8,421,7.2,5.9,2020-06-28
65-69,8895,4.1,535,9.1,5.0,2020-06-28
70-74,6495,3.0,625,10.7,4.1,2020-06-28
75-79,4855,2.2,706,12.1,2.7,2020-06-28
80+,10648,4.9,2669,45.6,3.9,2020-06-28
<5,3854,1.8,0,0.0,5.8,2020-06-28
Missing,233,0.1,1,0.0,0.0,2020-06-28
Total,216550,100.0,5850,100.0,100.0,2020-06-28
18-34,70732,31.7,62,1.1,24.3,2020-06-29
35-49,56350,25.3,289,4.9,19.3,2020-06-29
5-17,13772,6.2,0,0.0,16.7,2020-06-29
50-59,33667,15.1,545,9.3,12.5,2020-06-29
60-64,12819,5.8,422,7.2,5.9,2020-06-29
65-69,9075,4.1,536,9.1,5.0,2020-06-29
70-74,6598,3.0,629,10.7,4.1,2020-06-29
75-79,4929,2.2,710,12.1,2.7,2020-06-29
80+,10777,4.8,2683,45.7,3.9,2020-06-29
<5,3967,1.8,0,0.0,5.8,2020-06-29
Missing,231,0.1,1,0.0,0.0,2020-06-29
Total,222917,100.0,5877,100.0,100.0,2020-06-29
18-34,74664,32.1,63,1.1,24.3,2020-06-30
35-49,58794,25.3,292,4.9,19.3,2020-06-30
5-17,14493,6.2,0,0.0,16.7,2020-06-30
50-59,34890,15.0,555,9.3,12.5,2020-06-30
60-64,13259,5.7,430,7.2,5.9,2020-06-30
65-69,9340,4.0,542,9.1,5.0,2020-06-30
70-74,6787,2.9,640,10.7,4.1,2020-06-30
75-79,5038,2.2,721,12.1,2.7,2020-06-30
80+,10980,4.7,2734,45.7,3.9,2020-06-30
<5,4179,1.8,0,0.0,5.8,2020-06-30
Missing,233,0.1,1,0.0,0.0,2020-06-30
Total,232657,100.0,5987,100.0,100.0,2020-06-30
18-34,97289,33.6,76,1.2,24.3,2020-07-07
35-49,72966,25.2,334,5.2,19.3,2020-07-07
5-17,18686,6.5,0,0.0,16.7,2020-07-07
50-59,42199,14.6,610,9.4,12.5,2020-07-07
60-64,15818,5.5,459,7.1,5.9,2020-07-07
65-69,11045,3.8,587,9.1,5.0,2020-07-07
70-74,7923,2.7,686,10.6,4.1,2020-07-07
75-79,5746,2.0,768,11.9,2.7,2020-07-07
80+,12197,4.2,2954,45.6,3.9,2020-07-07
<5,5274,1.8,0,0.0,5.8,2020-07-07
Total,289468,100.0,6475,100.0,100.0,2020-07-07
missing,325,0.1,1,0.0,0.0,2020-07-07
18-34,134490,35.0,94,1.2,24.3,2020-07-18
35-49,96681,25.1,411,5.4,19.3,2020-07-18
5-17,25729,6.7,0,0.0,16.7,2020-07-18
50-59,54891,14.3,736,9.7,12.5,2020-07-18
60-64,20108,5.2,570,7.5,5.9,2020-07-18
65-69,13987,3.6,721,9.5,5.0,2020-07-18
70-74,9942,2.6,828,10.9,4.1,2020-07-18
75-79,6972,1.8,903,11.9,2.7,2020-07-18
80+,14265,3.7,3357,44.1,3.9,2020-07-18
<5,7184,1.9,0,0.0,5.8,2020-07-18
Total,384692,100.0,7620,100.0,100.0,2020-07-18
missing,443,0.1,0,0.0,0.0,2020-07-18
18-34,137150,35.0,94,1.2,24.3,2020-07-19
35-49,98363,25.1,412,5.4,19.3,2020-07-19
5-17,26304,6.7,0,0.0,16.7,2020-07-19
50-59,55756,14.2,739,9.7,12.5,2020-07-19
60-64,20423,5.2,572,7.5,5.9,2020-07-19
65-69,14223,3.6,725,9.5,5.0,2020-07-19
70-74,10065,2.6,830,10.8,4.1,2020-07-19
75-79,7043,1.8,907,11.9,2.7,2020-07-19
80+,14428,3.7,3372,44.1,3.9,2020-07-19
<5,7326,1.9,0,0.0,5.8,2020-07-19
Total,391538,100.0,7651,100.0,100.0,2020-07-19
missing,457,0.1,0,0.0,0.0,2020-07-19
18-34,140731,35.1,95,1.2,24.3,2020-07-20
35-49,100675,25.1,413,5.4,19.3,2020-07-20
5-17,27117,6.8,0,0.0,16.7,2020-07-20
50-59,56976,14.2,743,9.7,12.5,2020-07-20
60-64,20811,5.2,574,7.5,5.9,2020-07-20
65-69,14475,3.6,728,9.5,5.0,2020-07-20
70-74,10255,2.6,834,10.9,4.1,2020-07-20
75-79,7161,1.8,909,11.8,2.7,2020-07-20
80+,14604,3.6,3381,44.0,3.9,2020-07-20
<5,7500,1.9,0,0.0,5.8,2020-07-20
Total,400769,100.0,7677,100.0,100.0,2020-07-20
missing,464,0.1,0,0.0,0.0,2020-07-20
18-34,145577,35.2,96,1.2,24.3,2020-07-21
35-49,103835,25.1,420,5.4,19.3,2020-07-21
5-17,28181,6.8,0,0.0,16.7,2020-07-21
50-59,58648,14.2,758,9.7,12.5,2020-07-21
60-64,21408,5.2,579,7.4,5.9,2020-07-21
65-69,14916,3.6,749,9.6,5.0,2020-07-21
70-74,10504,2.5,847,10.9,4.1,2020-07-21
75-79,7343,1.8,921,11.8,2.7,2020-07-21
80+,14910,3.6,3423,43.9,3.9,2020-07-21
<5,7781,1.9,0,0.0,5.8,2020-07-21
Total,413576,100.0,7793,100.0,100.0,2020-07-21
missing,473,0.1,0,0.0,0.0,2020-07-21
18-34,149968,35.2,97,1.2,24.3,2020-07-22
35-49,106885,25.1,429,5.4,19.3,2020-07-22
5-17,29262,6.9,0,0.0,16.7,2020-07-22
50-59,60232,14.2,778,9.8,12.5,2020-07-22
60-64,21985,5.2,593,7.5,5.9,2020-07-22
65-69,15272,3.6,760,9.6,5.0,2020-07-22
70-74,10756,2.5,870,10.9,4.1,2020-07-22
75-79,7501,1.8,935,11.8,2.7,2020-07-22
80+,15215,3.6,3487,43.9,3.9,2020-07-22
<5,8073,1.9,0,0.0,5.8,2020-07-22
Total,425616,100.0,7949,100.0,100.0,2020-07-22
missing,467,0.1,0,0.0,0.0,2020-07-22
18-34,153433,35.2,105,1.3,24.3,2020-07-23
35-49,109347,25.1,442,5.5,19.3,2020-07-23
5-17,30020,6.9,0,0.0,16.7,2020-07-23
50-59,61607,14.2,793,9.8,12.5,2020-07-23
60-64,22507,5.2,609,7.5,5.9,2020-07-23
65-69,15613,3.6,774,9.6,5.0,2020-07-23
70-74,10963,2.5,892,11.0,4.1,2020-07-23
75-79,7619,1.8,942,11.6,2.7,2020-07-23
80+,15453,3.5,3539,43.7,3.9,2020-07-23
<5,8281,1.9,0,0.0,5.8,2020-07-23
Total,435334,100.0,8096,100.0,100.0,2020-07-23
missing,491,0.1,0,0.0,0.0,2020-07-23
18-34,157028,35.3,106,1.3,24.3,2020-07-24
35-49,111903,25.1,461,5.6,19.3,2020-07-24
5-17,30896,6.9,0,0.0,16.7,2020-07-24
50-59,63066,14.2,813,9.9,12.5,2020-07-24
60-64,22968,5.2,617,7.5,5.9,2020-07-24
65-69,15906,3.6,794,9.6,5.0,2020-07-24
70-74,11172,2.5,907,11.0,4.1,2020-07-24
75-79,7749,1.7,950,11.5,2.7,2020-07-24
80+,15691,3.5,3594,43.6,3.9,2020-07-24
<5,8500,1.9,0,0.0,5.8,2020-07-24
Total,445400,100.0,8242,100.0,100.0,2020-07-24
missing,521,0.1,0,0.0,0.0,2020-07-24
18-34,162522,35.3,108,1.3,24.3,2020-07-26
35-49,115773,25.1,477,5.7,19.3,2020-07-26
5-17,32256,7.0,0,0.0,16.7,2020-07-26
50-59,65155,14.1,832,9.9,12.5,2020-07-26
60-64,23645,5.1,635,7.5,5.9,2020-07-26
65-69,16378,3.6,814,9.7,5.0,2020-07-26
70-74,11419,2.5,930,11.1,4.1,2020-07-26
75-79,7930,1.7,963,11.4,2.7,2020-07-26
80+,16045,3.5,3653,43.4,3.9,2020-07-26
<5,8892,1.9,0,0.0,5.8,2020-07-26
Total,460550,100.0,8412,100.0,100.0,2020-07-26
missing,535,0.1,0,0.0,0.0,2020-07-26
18-34,164764,35.3,108,1.3,24.3,2020-07-27
35-49,117244,25.1,481,5.7,19.3,2020-07-27
5-17,32818,7.0,0,0.0,16.7,2020-07-27
50-59,65938,14.1,832,9.9,12.5,2020-07-27
60-64,23931,5.1,637,7.6,5.9,2020-07-27
65-69,16556,3.5,818,9.7,5.0,2020-07-27
70-74,11530,2.5,934,11.1,4.1,2020-07-27
75-79,8040,1.7,965,11.4,2.7,2020-07-27
80+,16176,3.5,3661,43.4,3.9,2020-07-27
<5,9018,1.9,0,0.0,5.8,2020-07-27
Total,466550,100.0,8436,100.0,100.0,2020-07-27
missing,535,0.1,0,0.0,0.0,2020-07-27
18-34,168009,35.3,113,1.3,24.3,2020-07-28
35-49,119404,25.1,493,5.8,19.3,2020-07-28
5-17,33501,7.0,0,0.0,16.7,2020-07-28
50-59,67132,14.1,846,9.9,12.5,2020-07-28
60-64,24333,5.1,651,7.6,5.9,2020-07-28
65-69,16849,3.5,825,9.7,5.0,2020-07-28
70-74,11714,2.5,941,11.0,4.1,2020-07-28
75-79,8162,1.7,971,11.4,2.7,2020-07-28
80+,16413,3.5,3676,43.2,3.9,2020-07-28
<5,9196,1.9,0,0.0,5.8,2020-07-28
Total,475305,100.0,8516,100.0,100.0,2020-07-28
missing,592,0.1,0,0.0,0.0,2020-07-28
18-34,177177,35.4,132,1.5,24.3,2020-07-31
35-49,125562,25.1,517,5.7,19.3,2020-07-31
5-17,35747,7.1,0,0.0,16.7,2020-07-31
50-59,70453,14.1,901,9.9,12.5,2020-07-31
60-64,25439,5.1,693,7.6,5.9,2020-07-31
65-69,17603,3.5,884,9.7,5.0,2020-07-31
70-74,12244,2.4,1016,11.2,4.1,2020-07-31
75-79,8499,1.7,1040,11.4,2.7,2020-07-31
80+,17014,3.4,3911,43.0,3.9,2020-07-31
<5,9773,2.0,0,0.0,5.8,2020-07-31
Total,500130,100.0,9095,100.0,100.0,2020-07-31
missing,619,0.1,1,0.0,0.0,2020-07-31
18-34,180410,35.4,135,1.5,24.3,2020-08-01
35-49,127704,25.1,531,5.7,19.3,2020-08-01
5-17,36584,7.2,0,0.0,16.7,2020-08-01
50-59,71672,14.1,918,9.9,12.5,2020-08-01
60-64,25879,5.1,708,7.7,5.9,2020-08-01
65-69,17896,3.5,902,9.7,5.0,2020-08-01
70-74,12438,2.4,1039,11.2,4.1,2020-08-01
75-79,8624,1.7,1055,11.4,2.7,2020-08-01
80+,17248,3.4,3963,42.8,3.9,2020-08-01
<5,9972,2.0,0,0.0,5.8,2020-08-01
Total,509162,100.0,9252,100.0,100.0,2020-08-01
missing,735,0.1,1,0.0,0.0,2020-08-01
18-34,184008,35.4,137,1.5,24.3,2020-08-03
35-49,130230,25.1,539,5.8,19.3,2020-08-03
5-17,37673,7.3,1,0.0,16.7,2020-08-03
50-59,73050,14.1,931,10.0,12.5,2020-08-03
60-64,26333,5.1,721,7.7,5.9,2020-08-03
65-69,18218,3.5,910,9.7,5.0,2020-08-03
70-74,12661,2.4,1052,11.3,4.1,2020-08-03
75-79,8794,1.7,1058,11.3,2.7,2020-08-03
80+,17574,3.4,3999,42.8,3.9,2020-08-03
<5,10247,2.0,0,0.0,5.8,2020-08-03
Total,519427,100.0,9349,100.0,100.0,2020-08-03
missing,639,0.1,1,0.0,0.0,2020-08-03
18-34,185766,35.4,142,1.5,24.3,2020-08-04
35-49,131521,25.1,548,5.8,19.3,2020-08-04
5-17,38154,7.3,1,0.0,16.7,2020-08-04
50-59,73772,14.1,945,9.9,12.5,2020-08-04
60-64,26636,5.1,748,7.9,5.9,2020-08-04
65-69,18393,3.5,932,9.8,5.0,2020-08-04
70-74,12805,2.4,1074,11.3,4.1,2020-08-04
75-79,8899,1.7,1072,11.3,2.7,2020-08-04
80+,17750,3.4,4057,42.6,3.9,2020-08-04
<5,10370,2.0,0,0.0,5.8,2020-08-04
Total,524722,100.0,9520,100.0,100.0,2020-08-04
missing,656,0.1,1,0.0,0.0,2020-08-04
18-34,187560,35.4,144,1.5,24.3,2020-08-05
35-49,132714,25.0,555,5.7,19.3,2020-08-05
5-17,38635,7.3,1,0.0,16.7,2020-08-05
50-59,74464,14.1,961,9.9,12.5,2020-08-05
60-64,26940,5.1,770,8.0,5.9,2020-08-05
65-69,18582,3.5,944,9.8,5.0,2020-08-05
70-74,12936,2.4,1087,11.3,4.1,2020-08-05
75-79,9014,1.7,1091,11.3,2.7,2020-08-05
80+,17926,3.4,4106,42.5,3.9,2020-08-05
<5,10523,2.0,0,0.0,5.8,2020-08-05
Total,529980,100.0,9660,100.0,100.0,2020-08-05
missing,686,0.1,1,0.0,0.0,2020-08-05
18-34,190428,35.4,146,1.5,24.3,2020-08-06
35-49,134855,25.0,568,5.8,19.3,2020-08-06
5-17,39463,7.3,1,0.0,16.7,2020-08-06
50-59,75559,14.0,976,10.0,12.5,2020-08-06
60-64,27382,5.1,782,8.0,5.9,2020-08-06
65-69,18852,3.5,965,9.8,5.0,2020-08-06
70-74,13144,2.4,1105,11.3,4.1,2020-08-06
75-79,9134,1.7,1111,11.3,2.7,2020-08-06
80+,18152,3.4,4152,42.3,3.9,2020-08-06
<5,10730,2.0,0,0.0,5.8,2020-08-06
Total,538416,100.0,9807,100.0,100.0,2020-08-06
missing,717,0.1,1,0.0,0.0,2020-08-06
18-34,195808,35.3,150,1.5,24.3,2020-08-08
35-49,138811,25.0,595,5.8,19.3,2020-08-08
5-17,40971,7.4,1,0.0,16.7,2020-08-08
50-59,77706,14.0,1025,10.1,12.5,2020-08-08
60-64,28154,5.1,813,8.0,5.9,2020-08-08
65-69,19380,3.5,1010,9.9,5.0,2020-08-08
70-74,13500,2.4,1148,11.3,4.1,2020-08-08
75-79,9354,1.7,1151,11.3,2.7,2020-08-08
80+,18595,3.4,4278,42.1,3.9,2020-08-08
<5,11133,2.0,0,0.0,5.8,2020-08-08
Total,554160,100.0,10173,100.0,100.0,2020-08-08
missing,748,0.1,2,0.0,0.0,2020-08-08
18-34,198622,35.3,153,1.5,24.3,2020-08-09
35-49,140613,25.0,597,5.8,19.3,2020-08-09
5-17,41803,7.4,1,0.0,16.7,2020-08-09
50-59,78779,14.0,1032,10.1,12.5,2020-08-09
60-64,28521,5.1,824,8.0,5.9,2020-08-09
65-69,19603,3.5,1019,9.9,5.0,2020-08-09
70-74,13662,2.4,1159,11.3,4.1,2020-08-09
75-79,9439,1.7,1162,11.3,2.7,2020-08-09
80+,18760,3.3,4298,41.9,3.9,2020-08-09
<5,11333,2.0,0,0.0,5.8,2020-08-09
Total,561911,100.0,10247,100.0,100.0,2020-08-09
missing,776,0.1,2,0.0,0.0,2020-08-09
18-34,203019,35.3,153,1.5,24.3,2020-08-10
35-49,143618,25.0,597,5.8,19.3,2020-08-10
5-17,43128,7.5,1,0.0,16.7,2020-08-10
50-59,80529,14.0,1036,10.1,12.5,2020-08-10
60-64,29185,5.1,827,8.1,5.9,2020-08-10
65-69,20000,3.5,1021,9.9,5.0,2020-08-10
70-74,13887,2.4,1163,11.3,4.1,2020-08-10
75-79,9604,1.7,1168,11.4,2.7,2020-08-10
80+,19015,3.3,4305,41.9,3.9,2020-08-10
<5,11650,2.0,0,0.0,5.8,2020-08-10
Total,574411,100.0,10272,100.0,100.0,2020-08-10
missing,776,0.1,1,0.0,0.0,2020-08-10
18-34,207037,35.3,156,1.5,24.3,2020-08-11
35-49,146481,25.0,607,5.8,19.3,2020-08-11
5-17,44323,7.6,1,0.0,16.7,2020-08-11
50-59,82086,14.0,1066,10.2,12.5,2020-08-11
60-64,29725,5.1,844,8.0,5.9,2020-08-11
65-69,20363,3.5,1043,9.9,5.0,2020-08-11
70-74,14169,2.4,1197,11.4,4.1,2020-08-11
75-79,9803,1.7,1192,11.4,2.7,2020-08-11
80+,19282,3.3,4384,41.8,3.9,2020-08-11
<5,11953,2.0,0,0.0,5.8,2020-08-11
Total,586056,100.0,10491,100.0,100.0,2020-08-11
missing,834,0.1,1,0.0,0.0,2020-08-11
18-34,209467,35.3,157,1.5,24.3,2020-08-12
35-49,148209,25.0,612,5.7,19.3,2020-08-12
5-17,45101,7.6,1,0.0,16.7,2020-08-12
50-59,83042,14.0,1083,10.2,12.5,2020-08-12
60-64,30057,5.1,858,8.0,5.9,2020-08-12
65-69,20582,3.5,1063,10.0,5.0,2020-08-12
70-74,14333,2.4,1221,11.4,4.1,2020-08-12
75-79,9904,1.7,1208,11.3,2.7,2020-08-12
80+,19479,3.3,4461,41.8,3.9,2020-08-12
<5,12129,2.0,0,0.0,5.8,2020-08-12
Total,593141,100.0,10666,100.0,100.0,2020-08-12
missing,838,0.1,2,0.0,0.0,2020-08-12
18-34,212134,35.3,160,1.5,24.3,2020-08-13
35-49,150210,25.0,623,5.8,19.3,2020-08-13
5-17,45817,7.6,1,0.0,16.7,2020-08-13
50-59,84175,14.0,1104,10.2,12.5,2020-08-13
60-64,30458,5.1,870,8.0,5.9,2020-08-13
65-69,20851,3.5,1076,9.9,5.0,2020-08-13
70-74,14526,2.4,1239,11.4,4.1,2020-08-13
75-79,10027,1.7,1230,11.4,2.7,2020-08-13
80+,19712,3.3,4526,41.8,3.9,2020-08-13
<5,12329,2.1,0,0.0,5.8,2020-08-13
Total,601075,100.0,10831,100.0,100.0,2020-08-13
missing,836,0.1,2,0.0,0.0,2020-08-13
18-34,221337,35.2,161,1.4,24.3,2020-08-16
35-49,156849,25.0,639,5.7,19.3,2020-08-16
5-17,48488,7.7,1,0.0,16.7,2020-08-16
50-59,87818,14.0,1135,10.2,12.5,2020-08-16
60-64,31811,5.1,906,8.2,5.9,2020-08-16
65-69,21779,3.5,1102,9.9,5.0,2020-08-16
70-74,15135,2.4,1274,11.5,4.1,2020-08-16
75-79,10457,1.7,1265,11.4,2.7,2020-08-16
80+,20445,3.3,4627,41.6,3.9,2020-08-16
<5,13050,2.1,0,0.0,5.8,2020-08-16
Total,628031,100.0,11114,100.0,100.0,2020-08-16
missing,862,0.1,4,0.0,0.0,2020-08-16
18-34,222911,35.2,165,1.5,24.3,2020-08-17
35-49,158012,25.0,640,5.7,19.3,2020-08-17
5-17,49038,7.8,1,0.0,16.7,2020-08-17
50-59,88414,14.0,1138,10.2,12.5,2020-08-17
60-64,32026,5.1,909,8.2,5.9,2020-08-17
65-69,21921,3.5,1106,9.9,5.0,2020-08-17
70-74,15223,2.4,1275,11.4,4.1,2020-08-17
75-79,10504,1.7,1265,11.4,2.7,2020-08-17
80+,20563,3.3,4642,41.7,3.9,2020-08-17
<5,13195,2.1,0,0.0,5.8,2020-08-17
Total,632667,100.0,11145,100.0,100.0,2020-08-17
missing,860,0.1,4,0.0,0.0,2020-08-17
18-34,225012,35.2,163,1.4,24.3,2020-08-18
35-49,159512,25.0,649,5.7,19.3,2020-08-18
5-17,49726,7.8,1,0.0,16.7,2020-08-18
50-59,89201,14.0,1156,10.2,12.5,2020-08-18
60-64,32320,5.1,928,8.2,5.9,2020-08-18
65-69,22119,3.5,1122,9.9,5.0,2020-08-18
70-74,15343,2.4,1296,11.5,4.1,2020-08-18
75-79,10587,1.7,1290,11.4,2.7,2020-08-18
80+,20757,3.2,4693,41.5,3.9,2020-08-18
<5,13392,2.1,0,0.0,5.8,2020-08-18
Total,638831,100.0,11301,100.0,100.0,2020-08-18
missing,862,0.1,3,0.0,0.0,2020-08-18
18-34,227044,35.2,167,1.5,24.3,2020-08-19
35-49,160990,25.0,666,5.8,19.3,2020-08-19
5-17,50331,7.8,1,0.0,16.7,2020-08-19
50-59,89952,14.0,1171,10.2,12.5,2020-08-19
60-64,32602,5.1,941,8.2,5.9,2020-08-19
65-69,22309,3.5,1138,9.9,5.0,2020-08-19
70-74,15461,2.4,1312,11.4,4.1,2020-08-19
75-79,10672,1.7,1306,11.4,2.7,2020-08-19
80+,20938,3.2,4761,41.5,3.9,2020-08-19
<5,13578,2.1,0,0.0,5.8,2020-08-19
Total,644751,100.0,11466,100.0,100.0,2020-08-19
missing,874,0.1,3,0.0,0.0,2020-08-19
18-34,228955,35.2,169,1.5,24.3,2020-08-20
35-49,162366,25.0,673,5.8,19.3,2020-08-20
5-17,50857,7.8,2,0.0,16.7,2020-08-20
50-59,90721,13.9,1186,10.2,12.5,2020-08-20
60-64,32870,5.1,956,8.2,5.9,2020-08-20
65-69,22500,3.5,1145,9.9,5.0,2020-08-20
70-74,15582,2.4,1321,11.4,4.1,2020-08-20
75-79,10764,1.7,1323,11.4,2.7,2020-08-20
80+,21111,3.2,4812,41.5,3.9,2020-08-20
<5,13716,2.1,0,0.0,5.8,2020-08-20
Total,650336,100.0,11590,100.0,100.0,2020-08-20
missing,894,0.1,3,0.0,0.0,2020-08-20
18-34,233463,35.2,178,1.5,24.3,2020-08-21
35-49,165597,25.0,688,5.8,19.3,2020-08-21
5-17,52145,7.9,2,0.0,16.7,2020-08-21
50-59,92513,13.9,1226,10.3,12.5,2020-08-21
60-64,33528,5.1,978,8.2,5.9,2020-08-21
65-69,22966,3.5,1198,10.0,5.0,2020-08-21
70-74,15878,2.4,1363,11.4,4.1,2020-08-21
75-79,11006,1.7,1362,11.4,2.7,2020-08-21
80+,21605,3.3,4947,41.4,3.9,2020-08-21
<5,14059,2.1,0,0.0,5.8,2020-08-21
Total,663669,100.0,11945,100.0,100.0,2020-08-21
missing,909,0.1,3,0.0,0.0,2020-08-21
18-34,235163,35.2,177,1.5,24.3,2020-08-23
35-49,166797,24.9,691,5.8,19.3,2020-08-23
5-17,52638,7.9,2,0.0,16.7,2020-08-23
50-59,93218,13.9,1229,10.3,12.5,2020-08-23
60-64,33780,5.1,980,8.2,5.9,2020-08-23
65-69,23119,3.5,1199,10.0,5.0,2020-08-23
70-74,15977,2.4,1362,11.4,4.1,2020-08-23
75-79,11079,1.7,1362,11.4,2.7,2020-08-23
80+,21726,3.2,4950,41.4,3.9,2020-08-23
<5,14190,2.1,0,0.0,5.8,2020-08-23
Total,668615,100.0,11955,100.0,100.0,2020-08-23
missing,928,0.1,3,0.0,0.0,2020-08-23
18-34,236660,35.2,179,1.5,24.3,2020-08-24
35-49,167839,24.9,692,5.8,19.3,2020-08-24
5-17,53139,7.9,2,0.0,16.7,2020-08-24
50-59,93848,13.9,1230,10.2,12.5,2020-08-24
60-64,33999,5.1,983,8.2,5.9,2020-08-24
65-69,23270,3.5,1204,10.0,5.0,2020-08-24
70-74,16064,2.4,1367,11.4,4.1,2020-08-24
75-79,11141,1.7,1368,11.4,2.7,2020-08-24
80+,21883,3.3,4975,41.4,3.9,2020-08-24
<5,14323,2.1,0,0.0,5.8,2020-08-24
Total,673095,100.0,12003,100.0,100.0,2020-08-24
missing,929,0.1,3,0.0,0.0,2020-08-24
18-34,238798,35.2,179,1.5,24.3,2020-08-25
35-49,169302,24.9,698,5.7,19.3,2020-08-25
5-17,53690,7.9,3,0.0,16.7,2020-08-25
50-59,94635,13.9,1250,10.3,12.5,2020-08-25
60-64,34294,5.0,997,8.2,5.9,2020-08-25
65-69,23499,3.5,1224,10.1,5.0,2020-08-25
70-74,16198,2.4,1393,11.5,4.1,2020-08-25
75-79,11237,1.7,1388,11.4,2.7,2020-08-25
80+,22054,3.2,5022,41.3,3.9,2020-08-25
<5,14473,2.1,0,0.0,5.8,2020-08-25
Total,679099,100.0,12158,100.0,100.0,2020-08-25
missing,919,0.1,4,0.0,0.0,2020-08-25
18-34,240386,35.2,181,1.5,24.3,2020-08-26
35-49,170282,24.9,707,5.7,19.3,2020-08-26
5-17,54133,7.9,3,0.0,16.7,2020-08-26
50-59,95248,13.9,1264,10.3,12.5,2020-08-26
60-64,34484,5.0,1002,8.1,5.9,2020-08-26
65-69,23648,3.5,1235,10.0,5.0,2020-08-26
70-74,16307,2.4,1408,11.5,4.1,2020-08-26
75-79,11334,1.7,1404,11.4,2.7,2020-08-26
80+,22200,3.2,5088,41.4,3.9,2020-08-26
<5,14598,2.1,0,0.0,5.8,2020-08-26
Total,683529,100.0,12296,100.0,100.0,2020-08-26
missing,909,0.1,4,0.0,0.0,2020-08-26
18-34,242201,35.2,182,1.5,24.3,2020-08-27
35-49,171563,24.9,719,5.8,19.3,2020-08-27
5-17,54616,7.9,4,0.0,16.7,2020-08-27
50-59,95989,13.9,1285,10.3,12.5,2020-08-27
60-64,34712,5.0,1016,8.2,5.9,2020-08-27
65-69,23835,3.5,1253,10.1,5.0,2020-08-27
70-74,16466,2.4,1426,11.4,4.1,2020-08-27
75-79,11431,1.7,1424,11.4,2.7,2020-08-27
80+,22392,3.3,5149,41.3,3.9,2020-08-27
<5,14753,2.1,0,0.0,5.8,2020-08-27
Total,688858,100.0,12461,100.0,100.0,2020-08-27
missing,900,0.1,3,0.0,0.0,2020-08-27
18-34,243927,35.2,186,1.5,24.3,2020-08-28
35-49,172688,24.9,721,5.7,19.3,2020-08-28
5-17,55074,7.9,3,0.0,16.7,2020-08-28
50-59,96734,13.9,1293,10.3,12.5,2020-08-28
60-64,34960,5.0,1024,8.1,5.9,2020-08-28
65-69,23996,3.5,1266,10.1,5.0,2020-08-28
70-74,16596,2.4,1431,11.4,4.1,2020-08-28
75-79,11496,1.7,1429,11.4,2.7,2020-08-28
80+,22577,3.3,5213,41.5,3.9,2020-08-28
<5,14890,2.1,0,0.0,5.8,2020-08-28
Total,693839,100.0,12569,100.0,100.0,2020-08-28
missing,901,0.1,3,0.0,0.0,2020-08-28
18-34,246091,35.2,191,1.5,24.3,2020-08-29
35-49,174140,24.9,731,5.7,19.3,2020-08-29
5-17,55644,8.0,3,0.0,16.7,2020-08-29
50-59,97582,13.9,1311,10.3,12.5,2020-08-29
60-64,35224,5.0,1037,8.1,5.9,2020-08-29
65-69,24195,3.5,1293,10.1,5.0,2020-08-29
70-74,16709,2.4,1447,11.4,4.1,2020-08-29
75-79,11605,1.7,1448,11.4,2.7,2020-08-29
80+,22775,3.3,5282,41.4,3.9,2020-08-29
<5,15033,2.1,0,0.0,5.8,2020-08-29
Total,699909,100.0,12745,100.0,100.0,2020-08-29
missing,911,0.1,2,0.0,0.0,2020-08-29
18-34,247525,35.2,189,1.5,24.3,2020-08-30
35-49,175166,24.9,731,5.7,19.3,2020-08-30
5-17,56087,8.0,3,0.0,16.7,2020-08-30
50-59,98130,13.9,1313,10.3,12.5,2020-08-30
60-64,35403,5.0,1038,8.1,5.9,2020-08-30
65-69,24336,3.5,1293,10.1,5.0,2020-08-30
70-74,16809,2.4,1449,11.4,4.1,2020-08-30
75-79,11671,1.7,1451,11.4,2.7,2020-08-30
80+,22913,3.3,5288,41.5,3.9,2020-08-30
<5,15137,2.1,0,0.0,5.8,2020-08-30
Total,704085,100.0,12757,100.0,100.0,2020-08-30
missing,908,0.1,2,0.0,0.0,2020-08-30
18-34,257605,35.2,207,1.5,24.3,2020-09-05
35-49,181905,24.8,779,5.7,19.3,2020-09-05
5-17,58630,8.0,3,0.0,16.7,2020-09-05
50-59,101790,13.9,1412,10.4,12.5,2020-09-05
60-64,36706,5.0,1124,8.3,5.9,2020-09-05
65-69,25275,3.5,1385,10.2,5.0,2020-09-05
70-74,17458,2.4,1528,11.2,4.1,2020-09-05
75-79,12147,1.7,1541,11.3,2.7,2020-09-05
80+,23860,3.3,5611,41.3,3.9,2020-09-05
<5,15860,2.2,0,0.0,5.8,2020-09-05
Total,732144,100.0,13592,100.0,100.0,2020-09-05
missing,908,0.1,2,0.0,0.0,2020-09-05
18-34,258736,35.2,204,1.5,24.3,2020-09-06
35-49,182600,24.8,779,5.7,19.3,2020-09-06
5-17,58936,8.0,3,0.0,16.7,2020-09-06
50-59,102221,13.9,1419,10.4,12.5,2020-09-06
60-64,36846,5.0,1124,8.3,5.9,2020-09-06
65-69,25366,3.5,1387,10.2,5.0,2020-09-06
70-74,17536,2.4,1528,11.2,4.1,2020-09-06
75-79,12205,1.7,1539,11.3,2.7,2020-09-06
80+,23939,3.3,5611,41.3,3.9,2020-09-06
<5,15950,2.2,0,0.0,5.8,2020-09-06
Total,735235,100.0,13596,100.0,100.0,2020-09-06
missing,900,0.1,2,0.0,0.0,2020-09-06
18-34,260323,35.2,207,1.5,24.3,2020-09-08
35-49,183583,24.8,783,5.7,19.3,2020-09-08
5-17,59323,8.0,3,0.0,16.7,2020-09-08
50-59,102823,13.9,1436,10.5,12.5,2020-09-08
60-64,37043,5.0,1142,8.3,5.9,2020-09-08
65-69,25498,3.5,1401,10.2,5.0,2020-09-08
70-74,17632,2.4,1534,11.2,4.1,2020-09-08
75-79,12258,1.7,1547,11.3,2.7,2020-09-08
80+,24088,3.3,5672,41.3,3.9,2020-09-08
<5,16059,2.2,0,0.0,5.8,2020-09-08
Total,739527,100.0,13727,100.0,100.0,2020-09-08
missing,897,0.1,2,0.0,0.0,2020-09-08
18-34,261566,35.2,210,1.5,24.3,2020-09-09
35-49,184334,24.8,790,5.7,19.3,2020-09-09
5-17,59607,8.0,3,0.0,16.7,2020-09-09
50-59,103257,13.9,1453,10.5,12.5,2020-09-09
60-64,37231,5.0,1163,8.4,5.9,2020-09-09
65-69,25993,3.5,1415,10.2,5.0,2020-09-09
70-74,17713,2.4,1548,11.2,4.1,2020-09-09
75-79,12313,1.7,1552,11.2,2.7,2020-09-09
80+,24184,3.3,5711,41.2,3.9,2020-09-09
<5,16162,2.2,0,0.0,5.8,2020-09-09
Total,742865,100.0,13847,100.0,100.0,2020-09-09
missing,905,0.1,2,0.0,0.0,2020-09-09
18-34,264264,35.2,212,1.5,24.3,2020-09-11
35-49,186077,24.8,798,5.7,19.3,2020-09-11
5-17,60246,8.0,3,0.0,16.7,2020-09-11
50-59,104208,13.9,1487,10.6,12.5,2020-09-11
60-64,37590,5.0,1184,8.4,5.9,2020-09-11
65-69,25848,3.4,1439,10.2,5.0,2020-09-11
70-74,17909,2.4,1575,11.2,4.1,2020-09-11
75-79,12437,1.7,1584,11.2,2.7,2020-09-11
80+,24436,3.3,5798,41.2,3.9,2020-09-11
<5,16347,2.2,0,0.0,5.8,2020-09-11
Total,750298,100.0,14082,100.0,100.0,2020-09-11
missing,936,0.1,2,0.0,0.0,2020-09-11
18-34,266983,35.2,215,1.5,24.3,2020-09-13
35-49,187828,24.8,808,5.7,19.3,2020-09-13
5-17,61016,8.1,3,0.0,16.7,2020-09-13
50-59,105210,13.9,1493,10.5,12.5,2020-09-13
60-64,37943,5.0,1200,8.4,5.9,2020-09-13
65-69,26078,3.4,1455,10.2,5.0,2020-09-13
70-74,18062,2.4,1593,11.2,4.1,2020-09-13
75-79,12547,1.7,1599,11.3,2.7,2020-09-13
80+,24646,3.3,5844,41.1,3.9,2020-09-13
<5,16544,2.2,0,0.0,5.8,2020-09-13
Total,757778,100.0,14211,100.0,100.0,2020-09-13
missing,921,0.1,1,0.0,0.0,2020-09-13
18-34,268879,35.2,216,1.5,24.3,2020-09-15
35-49,189040,24.8,814,5.6,19.3,2020-09-15
5-17,61535,8.1,3,0.0,16.7,2020-09-15
50-59,105917,13.9,1520,10.5,12.5,2020-09-15
60-64,38199,5.0,1222,8.5,5.9,2020-09-15
65-69,26250,3.4,1475,10.2,5.0,2020-09-15
70-74,18173,2.4,1610,11.2,4.1,2020-09-15
75-79,12624,1.7,1622,11.3,2.7,2020-09-15
80+,24775,3.2,5928,41.1,3.9,2020-09-15
<5,16657,2.2,0,0.0,5.8,2020-09-15
Total,762963,100.0,14411,100.0,100.0,2020-09-15
missing,914,0.1,1,0.0,0.0,2020-09-15
18-34,271302,35.2,221,1.5,24.3,2020-09-17
35-49,190701,24.8,830,5.7,19.3,2020-09-17
5-17,62121,8.1,3,0.0,16.7,2020-09-17
50-59,106919,13.9,1539,10.5,12.5,2020-09-17
60-64,38520,5.0,1244,8.5,5.9,2020-09-17
65-69,26460,3.4,1483,10.1,5.0,2020-09-17
70-74,18332,2.4,1638,11.2,4.1,2020-09-17
75-79,12719,1.7,1645,11.2,2.7,2020-09-17
80+,25010,3.2,6024,41.2,3.9,2020-09-17
<5,16825,2.2,0,0.0,5.8,2020-09-17
Total,769831,100.0,14627,100.0,100.0,2020-09-17
missing,922,0.1,0,0.0,0.0,2020-09-17
18-34,275401,35.2,229,1.5,24.3,2020-09-20
35-49,193568,24.8,852,5.7,19.3,2020-09-20
5-17,63346,8.1,2,0.0,16.7,2020-09-20
50-59,108534,13.9,1579,10.6,12.5,2020-09-20
60-64,39090,5.0,1264,8.5,5.9,2020-09-20
65-69,26823,3.4,1515,10.2,5.0,2020-09-20
70-74,18602,2.4,1655,11.1,4.1,2020-09-20
75-79,12918,1.7,1668,11.2,2.7,2020-09-20
80+,25340,3.2,6109,41.1,3.9,2020-09-20
<5,17162,2.2,0,0.0,5.8,2020-09-20
Total,781694,100.0,14873,100.0,100.0,2020-09-20
missing,910,0.1,0,0.0,0.0,2020-09-20
18-34,277363,35.2,237,1.6,24.3,2020-09-22
35-49,194937,24.8,859,5.7,19.3,2020-09-22
5-17,63903,8.1,2,0.0,16.7,2020-09-22
50-59,109356,13.9,1591,10.6,12.5,2020-09-22
60-64,39404,5.0,1279,8.5,5.9,2020-09-22
65-69,27014,3.4,1532,10.2,5.0,2020-09-22
70-74,18758,2.4,1673,11.1,4.1,2020-09-22
75-79,13014,1.7,1690,11.2,2.7,2020-09-22
80+,25526,3.2,6175,41.1,3.9,2020-09-22
<5,17274,2.2,0,0.0,5.8,2020-09-22
Total,787470,100.0,15038,100.0,100.0,2020-09-22
missing,921,0.1,0,0.0,0.0,2020-09-22
18-34,278465,35.2,239,1.6,24.3,2020-09-23
35-49,195693,24.8,862,5.7,19.3,2020-09-23
5-17,64199,8.1,2,0.0,16.7,2020-09-23
50-59,109770,13.9,1609,10.6,12.5,2020-09-23
60-64,39586,5.0,1295,8.5,5.9,2020-09-23
65-69,27120,3.4,1552,10.2,5.0,2020-09-23
70-74,18864,2.4,1685,11.1,4.1,2020-09-23
75-79,13070,1.7,1699,11.2,2.7,2020-09-23
80+,25605,3.2,6211,41.0,3.9,2020-09-23
<5,17346,2.2,0,0.0,5.8,2020-09-23
Total,790640,100.0,15154,100.0,100.0,2020-09-23
missing,922,0.1,0,0.0,0.0,2020-09-23
18-34,281145,35.2,243,1.6,24.3,2020-09-25
35-49,197556,24.7,872,5.7,19.3,2020-09-25
5-17,64963,8.1,2,0.0,16.7,2020-09-25
50-59,110782,13.9,1638,10.7,12.5,2020-09-25
60-64,39947,5.0,1315,8.6,5.9,2020-09-25
65-69,27393,3.4,1578,10.3,5.0,2020-09-25
70-74,19052,2.4,1699,11.1,4.1,2020-09-25
75-79,13169,1.6,1712,11.1,2.7,2020-09-25
80+,25820,3.2,6302,41.0,3.9,2020-09-25
<5,17522,2.2,0,0.0,5.8,2020-09-25
Total,798237,100.0,15361,100.0,100.0,2020-09-25
missing,889,0.1,0,0.0,0.0,2020-09-25
18-34,282574,35.2,246,1.6,24.3,2020-09-26
35-49,198546,24.7,874,5.7,19.3,2020-09-26
5-17,65395,8.2,2,0.0,16.7,2020-09-26
50-59,111344,13.9,1644,10.7,12.5,2020-09-26
60-64,40163,5.0,1319,8.5,5.9,2020-09-26
65-69,27513,3.4,1584,10.3,5.0,2020-09-26
70-74,19140,2.4,1708,11.1,4.1,2020-09-26
75-79,13219,1.6,1723,11.2,2.7,2020-09-26
80+,25904,3.2,6332,41.0,3.9,2020-09-26
<5,17629,2.2,0,0.0,5.8,2020-09-26
Total,802308,100.0,15432,100.0,100.0,2020-09-26
missing,881,0.1,0,0.0,0.0,2020-09-26
18-34,283560,35.2,248,1.6,24.3,2020-09-27
35-49,199301,24.7,877,5.7,19.3,2020-09-27
5-17,65705,8.2,2,0.0,16.7,2020-09-27
50-59,111758,13.9,1643,10.6,12.5,2020-09-27
60-64,40301,5.0,1319,8.5,5.9,2020-09-27
65-69,27611,3.4,1587,10.3,5.0,2020-09-27
70-74,19187,2.4,1711,11.1,4.1,2020-09-27
75-79,13268,1.6,1726,11.2,2.7,2020-09-27
80+,25987,3.2,6338,41.0,3.9,2020-09-27
<5,17702,2.2,0,0.0,5.8,2020-09-27
Total,805263,100.0,15451,100.0,100.0,2020-09-27
missing,883,0.1,0,0.0,0.0,2020-09-27
18-34,285377,35.2,252,1.6,24.3,2020-09-29
35-49,200613,24.7,884,5.6,19.3,2020-09-29
5-17,66228,8.2,2,0.0,16.7,2020-09-29
50-59,112479,13.9,1656,10.6,12.5,2020-09-29
60-64,40551,5.0,1337,8.5,5.9,2020-09-29
65-69,27824,3.4,1608,10.3,5.0,2020-09-29
70-74,19333,2.4,1744,11.1,4.1,2020-09-29
75-79,13344,1.6,1747,11.2,2.7,2020-09-29
80+,26151,3.2,6427,41.0,3.9,2020-09-29
<5,17836,2.2,0,0.0,5.8,2020-09-29
Total,810625,100.0,15657,100.0,100.0,2020-09-29
missing,889,0.1,0,0.0,0.0,2020-09-29
18-34,287663,35.2,257,1.6,24.3,2020-10-01
35-49,202183,24.7,900,5.7,19.3,2020-10-01
5-17,66864,8.2,2,0.0,16.7,2020-10-01
50-59,113424,13.9,1695,10.6,12.5,2020-10-01
60-64,40875,5.0,1358,8.5,5.9,2020-10-01
65-69,28076,3.4,1645,10.3,5.0,2020-10-01
70-74,19504,2.4,1770,11.1,4.1,2020-10-01
75-79,13453,1.6,1773,11.1,2.7,2020-10-01
80+,26338,3.2,6518,40.9,3.9,2020-10-01
<5,18007,2.2,0,0.0,5.8,2020-10-01
Total,817277,100.0,15918,100.0,100.0,2020-10-01
missing,890,0.1,0,0.0,0.0,2020-10-01
18-34,288444,35.2,252,1.6,24.3,2020-10-02
35-49,202698,24.7,901,5.7,19.3,2020-10-02
5-17,67170,8.2,2,0.0,16.7,2020-10-02
50-59,113664,13.9,1699,10.7,12.5,2020-10-02
60-64,40955,5.0,1365,8.6,5.9,2020-10-02
65-69,28114,3.4,1645,10.3,5.0,2020-10-02
70-74,19552,2.4,1777,11.2,4.1,2020-10-02
75-79,13475,1.6,1777,11.2,2.7,2020-10-02
80+,26405,3.2,6514,40.9,3.9,2020-10-02
<5,18076,2.2,0,0.0,5.8,2020-10-02
Total,819436,100.0,15932,100.0,100.0,2020-10-02
missing,883,0.1,0,0.0,0.0,2020-10-02
18-34,302097,35.2,260,1.6,24.3,2020-10-14
35-49,211835,24.7,937,5.6,19.3,2020-10-14
5-17,71126,8.3,2,0.0,16.7,2020-10-14
50-59,118986,13.9,1769,10.6,12.5,2020-10-14
60-64,42971,5.0,1411,8.5,5.9,2020-10-14
65-69,29358,3.4,1710,10.3,5.0,2020-10-14
70-74,20452,2.4,1850,11.1,4.1,2020-10-14
75-79,14122,1.6,1860,11.2,2.7,2020-10-14
80+,27427,3.2,6822,41.0,3.9,2020-10-14
<5,19133,2.2,0,0.0,5.8,2020-10-14
Total,858401,100.0,16621,100.0,100.0,2020-10-14
missing,894,0.1,0,0.0,0.0,2020-10-14
18-34,313753,35.1,265,1.5,24.3,2020-10-23
35-49,220069,24.6,964,5.6,19.3,2020-10-23
5-17,74775,8.4,2,0.0,16.7,2020-10-23
50-59,123616,13.8,1825,10.6,12.5,2020-10-23
60-64,44754,5.0,1465,8.5,5.9,2020-10-23
65-69,30581,3.4,1768,10.3,5.0,2020-10-23
70-74,21301,2.4,1918,11.1,4.1,2020-10-23
75-79,14685,1.6,1919,11.1,2.7,2020-10-23
80+,28315,3.2,7104,41.2,3.9,2020-10-23
<5,20121,2.3,0,0.0,5.8,2020-10-23
Total,892810,100.0,17231,100.0,100.0,2020-10-23
missing,840,0.1,1,0.0,0.0,2020-10-23
18-34,317572,35.1,268,1.5,24.3,2020-10-26
35-49,222959,24.7,968,5.6,19.3,2020-10-26
5-17,75957,8.4,2,0.0,16.7,2020-10-26
50-59,125229,13.8,1835,10.6,12.5,2020-10-26
60-64,45334,5.0,1472,8.5,5.9,2020-10-26
65-69,30937,3.4,1782,10.3,5.0,2020-10-26
70-74,21568,2.4,1932,11.2,4.1,2020-10-26
75-79,14844,1.6,1922,11.1,2.7,2020-10-26
80+,28552,3.2,7131,41.2,3.9,2020-10-26
<5,20403,2.3,0,0.0,5.8,2020-10-26
Total,904198,100.0,17313,100.0,100.0,2020-10-26
missing,843,0.1,1,0.0,0.0,2020-10-26
18-34,320610,35.1,275,1.6,24.3,2020-10-28
35-49,225050,24.7,982,5.6,19.3,2020-10-28
5-17,76864,8.4,2,0.0,16.7,2020-10-28
50-59,126358,13.8,1852,10.6,12.5,2020-10-28
60-64,45736,5.0,1490,8.5,5.9,2020-10-28
65-69,31227,3.4,1793,10.2,5.0,2020-10-28
70-74,21808,2.4,1950,11.1,4.1,2020-10-28
75-79,14993,1.6,1942,11.1,2.7,2020-10-28
80+,28772,3.2,7215,41.2,3.9,2020-10-28
<5,20633,2.3,0,0.0,5.8,2020-10-28
Total,912904,100.0,17502,100.0,100.0,2020-10-28
missing,853,0.1,1,0.0,0.0,2020-10-28
18-34,321946,35.1,274,1.6,24.3,2020-10-29
35-49,226017,24.6,984,5.6,19.3,2020-10-29
5-17,77249,8.4,2,0.0,16.7,2020-10-29
50-59,126924,13.8,1854,10.6,12.5,2020-10-29
60-64,45938,5.0,1495,8.5,5.9,2020-10-29
65-69,31391,3.4,1795,10.2,5.0,2020-10-29
70-74,21908,2.4,1959,11.2,4.1,2020-10-29
75-79,15077,1.6,1948,11.1,2.7,2020-10-29
80+,28871,3.1,7234,41.2,3.9,2020-10-29
<5,20745,2.3,0,0.0,5.8,2020-10-29
Total,916918,100.0,17547,100.0,100.0,2020-10-29
missing,852,0.1,2,0.0,0.0,2020-10-29
18-34,325312,35.1,277,1.6,24.3,2020-10-31
35-49,228266,24.6,996,5.6,19.3,2020-10-31
5-17,78148,8.4,2,0.0,16.7,2020-10-31
50-59,128297,13.8,1867,10.6,12.5,2020-10-31
60-64,46440,5.0,1498,8.5,5.9,2020-10-31
65-69,31722,3.4,1811,10.3,5.0,2020-10-31
70-74,22173,2.4,1971,11.2,4.1,2020-10-31
75-79,15238,1.6,1962,11.1,2.7,2020-10-31
80+,29107,3.1,7276,41.2,3.9,2020-10-31
<5,20975,2.3,0,0.0,5.8,2020-10-31
Total,926534,100.0,17662,100.0,100.0,2020-10-31
missing,856,0.1,2,0.0,0.0,2020-10-31
18-34,333931,35.1,285,1.6,24.3,2020-11-05
35-49,233996,24.6,1013,5.7,19.3,2020-11-05
5-17,80668,8.5,2,0.0,16.7,2020-11-05
50-59,131681,13.8,1890,10.6,12.5,2020-11-05
60-64,47684,5.0,1519,8.5,5.9,2020-11-05
65-69,32576,3.4,1835,10.3,5.0,2020-11-05
70-74,22760,2.4,1996,11.2,4.1,2020-11-05
75-79,15616,1.6,1989,11.1,2.7,2020-11-05
80+,29691,3.1,7368,41.2,3.9,2020-11-05
<5,21609,2.3,0,0.0,5.8,2020-11-05
Total,951094,100.0,17898,100.0,100.0,2020-11-05
missing,882,0.1,1,0.0,0.0,2020-11-05
18-34,348637,35.2,288,1.6,24.3,2020-11-11
35-49,243477,24.6,1024,5.6,19.3,2020-11-11
5-17,84955,8.6,2,0.0,16.7,2020-11-11
50-59,136988,13.8,1919,10.6,12.5,2020-11-11
60-64,49615,5.0,1544,8.5,5.9,2020-11-11
65-69,33932,3.4,1864,10.3,5.0,2020-11-11
70-74,23647,2.4,2021,11.1,4.1,2020-11-11
75-79,16218,1.6,2015,11.1,2.7,2020-11-11
80+,30606,3.1,7459,41.1,3.9,2020-11-11
<5,22627,2.3,0,0.0,5.8,2020-11-11
Total,991609,100.0,18137,100.0,100.0,2020-11-11
missing,907,0.1,1,0.0,0.0,2020-11-11
18-34,365295,35.2,290,1.6,24.3,2020-11-16
35-49,254407,24.5,1039,5.7,19.3,2020-11-16
5-17,89782,8.6,2,0.0,16.7,2020-11-16
50-59,143110,13.8,1941,10.6,12.5,2020-11-16
60-64,51822,5.0,1561,8.5,5.9,2020-11-16
65-69,35425,3.4,1885,10.3,5.0,2020-11-16
70-74,24712,2.4,2040,11.1,4.1,2020-11-16
75-79,16918,1.6,2043,11.1,2.7,2020-11-16
80+,31711,3.1,7541,41.1,3.9,2020-11-16
<5,23856,2.3,0,0.0,5.8,2020-11-16
Total,1037978,100.0,18343,100.0,100.0,2020-11-16
missing,940,0.1,1,0.0,0.0,2020-11-16
18-34,368842,35.2,291,1.6,24.3,2020-11-17
35-49,256708,24.5,1041,5.7,19.3,2020-11-17
5-17,90731,8.7,2,0.0,16.7,2020-11-17
50-59,144377,13.8,1947,10.6,12.5,2020-11-17
60-64,52340,5.0,1567,8.5,5.9,2020-11-17
65-69,35789,3.4,1891,10.3,5.0,2020-11-17
70-74,24944,2.4,2043,11.1,4.1,2020-11-17
75-79,17075,1.6,2049,11.1,2.7,2020-11-17
80+,31955,3.0,7563,41.1,3.9,2020-11-17
<5,24081,2.3,0,0.0,5.8,2020-11-17
Total,1047789,100.0,18395,100.0,100.0,2020-11-17
missing,947,0.1,1,0.0,0.0,2020-11-17
18-34,388056,35.2,296,1.6,24.3,2020-11-21
35-49,269579,24.5,1060,5.7,19.3,2020-11-21
5-17,96251,8.7,2,0.0,16.7,2020-11-21
50-59,151902,13.8,1987,10.6,12.5,2020-11-21
60-64,54995,5.0,1591,8.5,5.9,2020-11-21
65-69,37648,3.4,1925,10.3,5.0,2020-11-21
70-74,26155,2.4,2080,11.1,4.1,2020-11-21
75-79,17888,1.6,2099,11.2,2.7,2020-11-21
80+,33280,3.0,7713,41.1,3.9,2020-11-21
<5,25323,2.3,0,0.0,5.8,2020-11-21
Total,1102033,100.0,18754,100.0,100.0,2020-11-21
missing,956,0.1,1,0.0,0.0,2020-11-21
18-34,402410,35.2,298,1.6,24.3,2020-11-24
35-49,279898,24.5,1068,5.6,19.3,2020-11-24
5-17,100581,8.8,2,0.0,16.7,2020-11-24
50-59,157642,13.8,2002,10.6,12.5,2020-11-24
60-64,57114,5.0,1618,8.5,5.9,2020-11-24
65-69,39096,3.4,1944,10.3,5.0,2020-11-24
70-74,27167,2.4,2096,11.1,4.1,2020-11-24
75-79,18591,1.6,2122,11.2,2.7,2020-11-24
80+,34276,3.0,7779,41.1,3.9,2020-11-24
<5,26293,2.3,0,0.0,5.8,2020-11-24
Total,1144049,100.0,18930,100.0,100.0,2020-11-24
missing,981,0.1,1,0.0,0.0,2020-11-24
18-34,426023,35.1,301,1.6,24.3,2020-11-29
35-49,296359,24.4,1076,5.6,19.3,2020-11-29
5-17,107470,8.9,2,0.0,16.7,2020-11-29
50-59,167323,13.8,2035,10.6,12.5,2020-11-29
60-64,60630,5.0,1643,8.5,5.9,2020-11-29
65-69,41574,3.4,1972,10.3,5.0,2020-11-29
70-74,28852,2.4,2127,11.1,4.1,2020-11-29
75-79,19771,1.6,2161,11.2,2.7,2020-11-29
80+,36058,3.0,7902,41.1,3.9,2020-11-29
<5,27895,2.3,0,0.0,5.8,2020-11-29
Total,1212968,100.0,19220,100.0,100.0,2020-11-29
missing,1013,0.1,1,0.0,0.0,2020-11-29
18-34,437389,35.1,303,1.6,24.3,2020-12-01
35-49,304274,24.4,1083,5.6,19.3,2020-12-01
5-17,110813,8.9,2,0.0,16.7,2020-12-01
50-59,171897,13.8,2050,10.6,12.5,2020-12-01
60-64,62380,5.0,1653,8.5,5.9,2020-12-01
65-69,42744,3.4,1978,10.2,5.0,2020-12-01
70-74,29595,2.4,2144,11.1,4.1,2020-12-01
75-79,20307,1.6,2175,11.2,2.7,2020-12-01
80+,36902,3.0,7979,41.2,3.9,2020-12-01
<5,28614,2.3,0,0.0,5.8,2020-12-01
Total,1245948,100.0,19368,100.0,100.0,2020-12-01
missing,1033,0.1,1,0.0,0.0,2020-12-01
18-34,497862,35.0,315,1.6,24.3,2020-12-08
35-49,346529,24.4,1135,5.6,19.3,2020-12-08
5-17,129879,9.1,2,0.0,16.7,2020-12-08
50-59,195251,13.7,2118,10.5,12.5,2020-12-08
60-64,70829,5.0,1734,8.6,5.9,2020-12-08
65-69,48574,3.4,2061,10.2,5.0,2020-12-08
70-74,33509,2.4,2243,11.1,4.1,2020-12-08
75-79,22932,1.6,2284,11.3,2.7,2020-12-08
80+,41450,2.9,8361,41.3,3.9,2020-12-08
<5,32625,2.3,0,0.0,5.8,2020-12-08
Total,1420558,100.0,20255,100.0,100.0,2020-12-08
missing,1118,0.1,2,0.0,0.0,2020-12-08
18-34,507929,35.0,318,1.6,24.3,2020-12-09
35-49,353798,24.4,1143,5.6,19.3,2020-12-09
5-17,133178,9.2,2,0.0,16.7,2020-12-09
50-59,199284,13.7,2138,10.5,12.5,2020-12-09
60-64,72344,5.0,1753,8.6,5.9,2020-12-09
65-69,49572,3.4,2086,10.2,5.0,2020-12-09
70-74,34180,2.4,2265,11.1,4.1,2020-12-09
75-79,23385,1.6,2310,11.3,2.7,2020-12-09
80+,42166,2.9,8442,41.3,3.9,2020-12-09
<5,33275,2.3,0,0.0,5.8,2020-12-09
Total,1450235,100.0,20458,100.0,100.0,2020-12-09
missing,1124,0.1,1,0.0,0.0,2020-12-09
18-34,520039,35.0,319,1.5,24.3,2020-12-10
35-49,362541,24.4,1148,5.6,19.3,2020-12-10
5-17,137103,9.2,2,0.0,16.7,2020-12-10
50-59,204220,13.7,2148,10.4,12.5,2020-12-10
60-64,73991,5.0,1765,8.6,5.9,2020-12-10
65-69,50762,3.4,2101,10.2,5.0,2020-12-10
70-74,34906,2.3,2286,11.1,4.1,2020-12-10
75-79,23893,1.6,2343,11.4,2.7,2020-12-10
80+,42984,2.9,8529,41.3,3.9,2020-12-10
<5,34115,2.3,1,0.0,5.8,2020-12-10
Total,1485703,100.0,20643,100.0,100.0,2020-12-10
missing,1149,0.1,1,0.0,0.0,2020-12-10
18-34,542388,35.0,323,1.5,24.3,2020-12-12
35-49,378634,24.4,1165,5.5,19.3,2020-12-12
5-17,144226,9.3,2,0.0,16.7,2020-12-12
50-59,213425,13.8,2187,10.4,12.5,2020-12-12
60-64,77321,5.0,1796,8.6,5.9,2020-12-12
65-69,52981,3.4,2137,10.2,5.0,2020-12-12
70-74,36420,2.3,2325,11.1,4.1,2020-12-12
75-79,24893,1.6,2391,11.4,2.7,2020-12-12
80+,44626,2.9,8667,41.3,3.9,2020-12-12
<5,35647,2.3,1,0.0,5.8,2020-12-12
Total,1551766,100.0,20995,100.0,100.0,2020-12-12
missing,1205,0.1,1,0.0,0.0,2020-12-12
18-34,553520,34.9,323,1.5,24.3,2020-12-13
35-49,386744,24.4,1172,5.6,19.3,2020-12-13
5-17,147892,9.3,2,0.0,16.7,2020-12-13
50-59,217931,13.7,2192,10.4,12.5,2020-12-13
60-64,79075,5.0,1800,8.5,5.9,2020-12-13
65-69,54160,3.4,2145,10.2,5.0,2020-12-13
70-74,37208,2.3,2330,11.0,4.1,2020-12-13
75-79,25362,1.6,2399,11.4,2.7,2020-12-13
80+,45481,2.9,8723,41.4,3.9,2020-12-13
<5,36455,2.3,1,0.0,5.8,2020-12-13
Total,1585044,100.0,21088,100.0,100.0,2020-12-13
missing,1216,0.1,1,0.0,0.0,2020-12-13
18-34,563912,34.9,325,1.5,24.3,2020-12-14
35-49,394564,24.4,1177,5.6,19.3,2020-12-14
5-17,151220,9.3,2,0.0,16.7,2020-12-14
50-59,222626,13.8,2209,10.4,12.5,2020-12-14
60-64,80835,5.0,1808,8.5,5.9,2020-12-14
65-69,55372,3.4,2156,10.2,5.0,2020-12-14
70-74,38044,2.4,2340,11.0,4.1,2020-12-14
75-79,25875,1.6,2407,11.4,2.7,2020-12-14
80+,46565,2.9,8752,41.3,3.9,2020-12-14
<5,37149,2.3,1,0.0,5.8,2020-12-14
Total,1617370,100.0,21178,100.0,100.0,2020-12-14
missing,1208,0.1,1,0.0,0.0,2020-12-14
18-34,582309,34.8,327,1.5,24.3,2020-12-15
35-49,407631,24.4,1185,5.5,19.3,2020-12-15
5-17,157019,9.4,2,0.0,16.7,2020-12-15
50-59,229994,13.8,2228,10.4,12.5,2020-12-15
60-64,83470,5.0,1825,8.5,5.9,2020-12-15
65-69,57237,3.4,2179,10.2,5.0,2020-12-15
70-74,39281,2.4,2377,11.1,4.1,2020-12-15
75-79,26668,1.6,2438,11.4,2.7,2020-12-15
80+,47832,2.9,8847,41.3,3.9,2020-12-15
<5,38410,2.3,1,0.0,5.8,2020-12-15
Total,1671081,100.0,21410,100.0,100.0,2020-12-15
missing,1230,0.1,1,0.0,0.0,2020-12-15
18-34,599957,34.8,335,1.5,24.3,2020-12-16
35-49,420099,24.4,1197,5.5,19.3,2020-12-16
5-17,163047,9.5,2,0.0,16.7,2020-12-16
50-59,237177,13.8,2270,10.4,12.5,2020-12-16
60-64,86038,5.0,1863,8.5,5.9,2020-12-16
65-69,59114,3.4,2219,10.2,5.0,2020-12-16
70-74,40474,2.3,2424,11.1,4.1,2020-12-16
75-79,27416,1.6,2500,11.5,2.7,2020-12-16
80+,49026,2.8,9005,41.3,3.9,2020-12-16
<5,39777,2.3,1,0.0,5.8,2020-12-16
Total,1723362,100.0,21817,100.0,100.0,2020-12-16
missing,1237,0.1,1,0.0,0.0,2020-12-16
18-34,613417,34.8,339,1.5,24.3,2020-12-17
35-49,430141,24.4,1210,5.5,19.3,2020-12-17
5-17,167334,9.5,3,0.0,16.7,2020-12-17
50-59,243027,13.8,2300,10.4,12.5,2020-12-17
60-64,88219,5.0,1872,8.5,5.9,2020-12-17
65-69,60516,3.4,2240,10.1,5.0,2020-12-17
70-74,41444,2.3,2452,11.1,4.1,2020-12-17
75-79,28040,1.6,2523,11.4,2.7,2020-12-17
80+,50273,2.8,9139,41.4,3.9,2020-12-17
<5,40711,2.3,1,0.0,5.8,2020-12-17
Total,1764374,100.0,22080,100.0,100.0,2020-12-17
missing,1252,0.1,1,0.0,0.0,2020-12-17
18-34,642952,34.7,349,1.5,24.3,2020-12-19
35-49,451860,24.4,1232,5.5,19.3,2020-12-19
5-17,176893,9.5,3,0.0,16.7,2020-12-19
50-59,255860,13.8,2338,10.4,12.5,2020-12-19
60-64,93076,5.0,1918,8.5,5.9,2020-12-19
65-69,63837,3.4,2289,10.1,5.0,2020-12-19
70-74,43690,2.4,2509,11.1,4.1,2020-12-19
75-79,29407,1.6,2585,11.5,2.7,2020-12-19
80+,52737,2.8,9346,41.4,3.9,2020-12-19
<5,42845,2.3,1,0.0,5.8,2020-12-19
Total,1854456,100.0,22571,100.0,100.0,2020-12-19
missing,1299,0.1,1,0.0,0.0,2020-12-19
18-34,655080,34.6,351,1.5,24.3,2020-12-20
35-49,461039,24.4,1237,5.4,19.3,2020-12-20
5-17,181101,9.6,3,0.0,16.7,2020-12-20
50-59,261185,13.8,2344,10.3,12.5,2020-12-20
60-64,95143,5.0,1934,8.5,5.9,2020-12-20
65-69,65218,3.4,2305,10.1,5.0,2020-12-20
70-74,44701,2.4,2524,11.1,4.1,2020-12-20
75-79,29978,1.6,2601,11.5,2.7,2020-12-20
80+,53796,2.8,9414,41.4,3.9,2020-12-20
<5,43781,2.3,1,0.0,5.8,2020-12-20
Total,1892348,100.0,22715,100.0,100.0,2020-12-20
missing,1326,0.1,1,0.0,0.0,2020-12-20
18-34,665552,34.6,356,1.6,24.3,2020-12-21
35-49,468990,24.4,1247,5.5,19.3,2020-12-21
5-17,184707,9.6,3,0.0,16.7,2020-12-21
50-59,265836,13.8,2350,10.3,12.5,2020-12-21
60-64,96897,5.0,1946,8.5,5.9,2020-12-21
65-69,66451,3.5,2313,10.1,5.0,2020-12-21
70-74,45534,2.4,2537,11.1,4.1,2020-12-21
75-79,30508,1.6,2618,11.5,2.7,2020-12-21
80+,54624,2.8,9454,41.4,3.9,2020-12-21
<5,44577,2.3,1,0.0,5.8,2020-12-21
Total,1925007,100.0,22826,100.0,100.0,2020-12-21
missing,1331,0.1,1,0.0,0.0,2020-12-21
18-34,678397,34.5,361,1.6,24.3,2020-12-22
35-49,478177,24.3,1260,5.5,19.3,2020-12-22
5-17,188766,9.6,3,0.0,16.7,2020-12-22
50-59,271626,13.8,2377,10.3,12.5,2020-12-22
60-64,98997,5.0,1970,8.5,5.9,2020-12-22
65-69,67934,3.5,2339,10.1,5.0,2020-12-22
70-74,46486,2.4,2580,11.2,4.1,2020-12-22
75-79,31181,1.6,2648,11.5,2.7,2020-12-22
80+,55737,2.8,9557,41.4,3.9,2020-12-22
<5,45408,2.3,1,0.0,5.8,2020-12-22
Total,1964076,100.0,23097,100.0,100.0,2020-12-22
missing,1367,0.1,1,0.0,0.0,2020-12-22
18-34,740016,34.3,369,1.6,24.3,2020-12-27
35-49,523764,24.3,1313,5.5,19.3,2020-12-27
5-17,210119,9.6,3,0.0,16.7,2020-12-27
50-59,298699,13.8,2496,10.3,12.5,2020-12-27
60-64,109377,5.0,2050,8.5,5.9,2020-12-27
65-69,75216,3.5,2449,10.1,5.0,2020-12-27
70-74,51437,2.4,2687,11.2,4.1,2020-12-27
75-79,34316,1.6,2786,11.5,2.7,2020-12-27
80+,61337,2.8,10036,41.4,3.9,2020-12-27
<5,50186,2.3,1,0.0,5.8,2020-12-27
Total,2155976,100.0,24195,100.0,100.0,2020-12-27
missing,1509,0.1,4,0.0,0.0,2020-12-27
18-34,749757,34.3,373,1.5,24.3,2020-12-28
35-49,531190,24.3,1319,5.4,19.3,2020-12-28
5-17,213329,9.8,4,0.0,16.7,2020-12-28
50-59,303287,13.9,2508,10.3,12.5,2020-12-28
60-64,111049,5.1,2061,8.5,5.9,2020-12-28
65-69,76468,3.5,2459,10.1,5.0,2020-12-28
70-74,52351,2.4,2697,11.1,4.1,2020-12-28
75-79,34966,1.6,2809,11.6,2.7,2020-12-28
80+,62399,2.9,10077,41.5,3.9,2020-12-28
<5,50913,2.3,1,0.0,5.8,2020-12-28
Total,2187221,100.0,24311,100.0,100.0,2020-12-28
missing,1512,0.1,3,0.0,0.0,2020-12-28
18-34,759697,34.2,375,1.5,24.3,2020-12-29
35-49,538667,24.3,1347,5.4,19.3,2020-12-29
5-17,216536,9.8,5,0.0,16.7,2020-12-29
50-59,307736,13.9,2542,10.3,12.5,2020-12-29
60-64,112746,5.1,2092,8.5,5.9,2020-12-29
65-69,77631,3.5,2506,10.1,5.0,2020-12-29
70-74,53178,2.4,2755,11.1,4.1,2020-12-29
75-79,35512,1.6,2855,11.5,2.7,2020-12-29
80+,63335,2.9,10256,41.5,3.9,2020-12-29
<5,51585,2.3,1,0.0,5.8,2020-12-29
Total,2218142,100.0,24738,100.0,100.0,2020-12-29
missing,1519,0.1,4,0.0,0.0,2020-12-29
18-34,846636,34.1,410,1.5,24.3,2021-01-05
35-49,601705,24.2,1459,5.4,19.3,2021-01-05
5-17,245678,9.8,5,0.0,16.7,2021-01-05
50-59,344529,13.9,2762,10.2,12.5,2021-01-05
60-64,126528,5.1,2297,8.54,5.9,2021-01-05
65-69,87312,3.5,2779,10.1,5.0,2021-01-05
70-74,59699,2.4,3036,11.2,4.1,2021-01-05
75-79,39991,1.6,3162,11.6,2.7,2021-01-05
80+,70994,2.9,11307,41.6,3.9,2021-01-05
<5,57571,2.3,1,0.0,5.8,2021-01-05
Total,2482226,100.0,27222,100.0,100.0,2021-01-05
missing,1583,0.1,4,0.0,0.0,2021-01-05
18-34,858312,34.1,418,1.5,24.3,2021-01-06
35-49,610348,24.2,1487,5.3,19.3,2021-01-06
5-17,249523,9.8,5,0.0,16.7,2021-01-06
50-59,349530,13.9,2815,10.1,12.5,2021-01-06
60-64,128458,5.1,2345,8.4,5.9,2021-01-06
65-69,88781,3.5,2830,10.2,5.0,2021-01-06
70-74,60722,2.4,3108,11.2,4.1,2021-01-06
75-79,40676,1.6,3237,11.6,2.7,2021-01-06
80+,72226,2.9,11559,41.6,3.9,2021-01-06
<5,58329,2.3,1,0.0,5.8,2021-01-06
Total,2518611,100.0,27811,100.0,100.0,2021-01-06
missing,1706,0.1,6,0.0,0.0,2021-01-06
18-34,957091,34.0,456,1.5,24.3,2021-01-13
35-49,680031,24.1,1656,5.3,19.3,2021-01-13
5-17,284893,10.1,5,0.0,16.7,2021-01-13
50-59,390388,13.9,3149,10.1,12.5,2021-01-13
60-64,143966,5.1,2601,8.3,5.9,2021-01-13
65-69,99525,3.5,3191,10.2,5.0,2021-01-13
70-74,68062,2.4,3496,11.2,4.1,2021-01-13
75-79,45540,1.6,3647,11.7,2.7,2021-01-13
80+,80371,2.9,13013,41.7,3.9,2021-01-13
<5,65225,2.3,1,0.0,5.8,2021-01-13
Total,2816969,100.0,31222,100.0,100.0,2021-01-13
missing,1877,0.1,7,0.0,0.0,2021-01-13
18-34,1026850,33.8,495,1.4,24.3,2021-01-20
35-49,730692,24.0,1803,5.2,19.3,2021-01-20
5-17,312198,10.3,6,0.0,16.7,2021-01-20
50-59,421602,13.9,3476,10.1,12.5,2021-01-20
60-64,156144,5.1,2904,8.5,5.9,2021-01-20
65-69,107918,3.6,3498,10.2,5.0,2021-01-20
70-74,74078,2.4,3867,11.3,4.1,2021-01-20
75-79,49500,1.6,4026,11.7,2.7,2021-01-20
80+,86863,2.9,14262,41.5,3.9,2021-01-20
<5,71209,2.3,1,0.0,5.8,2021-01-20
Total,3039044,100.0,34345,100.0,100.0,2021-01-20
missing,1990,0.1,7,0.0,0.0,2021-01-20
18-34,1072692,33.7,532,1.4,24.3,2021-01-27
35-49,764563,24.0,1991,5.2,19.3,2021-01-27
5-17,329585,10.3,8,0.0,16.7,2021-01-27
50-59,442335,13.9,3847,10.1,12.5,2021-01-27
60-64,164444,5.2,3267,8.6,5.9,2021-01-27
65-69,113757,3.6,3898,10.2,5.0,2021-01-27
70-74,78177,2.5,4319,11.3,4.1,2021-01-27
75-79,52204,1.6,4470,11.7,2.7,2021-01-27
80+,91715,2.9,15728,41.3,3.9,2021-01-27
<5,75046,2.4,1,0.0,5.8,2021-01-27
Total,3186610,100.0,38070,100.0,100.0,2021-01-27
missing,2092,0.1,9,0.0,0.0,2021-01-27
18-34,1105822,33.6,581,1.4,24.3,2021-02-03
35-49,789012,23.9,2221,5.3,19.3,2021-02-03
5-17,342286,10.4,11,0.0,16.7,2021-02-03
50-59,457630,13.9,4213,10.1,12.5,2021-02-03
60-64,170596,5.2,3636,8.7,5.9,2021-02-03
65-69,118114,3.6,4282,10.3,5.0,2021-02-03
70-74,81310,2.5,4735,11.4,4.1,2021-02-03
75-79,54295,1.6,4938,11.9,2.7,2021-02-03
80+,95320,2.9,17007,40.8,3.9,2021-02-03
<5,77927,2.4,1,0.0,5.8,2021-02-03
Total,3294447,100.0,41634,100.0,100.0,2021-02-03
missing,2135,0.1,8,0.0,0.0,2021-02-03
18-34,1129585,33.5,616,1.4,24.3,2021-02-10
35-49,806234,23.9,2405,5.3,19.3,2021-02-10
5-17,351686,10.4,12,0.0,16.7,2021-02-10
50-59,468383,13.9,4549,10.1,12.5,2021-02-10
60-64,174961,5.2,3988,8.9,5.9,2021-02-10
65-69,121162,3.6,4682,10.4,5.0,2021-02-10
70-74,83667,2.5,5136,11.4,4.1,2021-02-10
75-79,55750,1.7,5377,12.0,2.7,2021-02-10
80+,97906,2.9,18214,40.5,3.9,2021-02-10
<5,80118,2.4,1,0.0,5.8,2021-02-10
Total,3371556,100.0,44990,100.0,100.0,2021-02-10
missing,2104,0.1,10,0.0,0.0,2021-02-10
18-34,1144986,33.5,650,1.4,24.3,2021-02-17
35-49,817518,23.9,2507,5.3,19.3,2021-02-17
5-17,357731,10.5,13,0.0,16.7,2021-02-17
50-59,475310,13.9,4821,10.1,12.5,2021-02-17
60-64,177823,5.2,4268,9.0,5.9,2021-02-17
65-69,123135,3.6,4979,10.5,5.0,2021-02-17
70-74,85119,2.5,5430,11.4,4.1,2021-02-17
75-79,56728,1.7,5680,11.9,2.7,2021-02-17
80+,99799,2.9,19180,40.3,3.9,2021-02-17
<5,81445,2.4,1,0.0,5.8,2021-02-17
Total,3421720,100.0,47537,100.0,100.0,2021-02-17
missing,2126,0.1,8,0.0,0.0,2021-02-17
18-34,1157067,33.4,704,1.4,24.3,2021-02-24
35-49,826481,23.9,2673,5.3,19.3,2021-02-24
5-17,362176,10.5,13,0.0,16.7,2021-02-24
50-59,480749,13.9,5169,10.2,12.5,2021-02-24
60-64,180036,5.2,4572,9.0,5.9,2021-02-24
65-69,124601,3.6,5357,10.6,5.0,2021-02-24
70-74,86230,2.5,5786,11.4,4.1,2021-02-24
75-79,57425,1.7,6047,11.9,2.7,2021-02-24
80+,101057,2.9,20320,40.1,3.9,2021-02-24
<5,82371,2.4,1,0.0,5.8,2021-02-24
Total,3460326,100.0,50648,100.0,100.0,2021-02-24
missing,2133,0.1,6,0.0,0.0,2021-02-24
18-34,1165921,33.4,728,1.4,24.3,2021-03-03
35-49,832859,23.9,2787,5.3,19.3,2021-03-03
5-17,365536,10.5,13,0.0,16.7,2021-03-03
50-59,484695,13.9,5434,10.3,12.5,2021-03-03
60-64,181637,5.2,4798,9.1,5.9,2021-03-03
65-69,125687,3.6,5582,10.6,5.0,2021-03-03
70-74,86962,2.5,6072,11.5,4.1,2021-03-03
75-79,57952,1.7,6304,11.9,2.7,2021-03-03
80+,101953,2.9,21098,39.9,3.9,2021-03-03
<5,83117,2.4,1,0.0,5.8,2021-03-03
Total,3488467,100.0,52823,100.0,100.0,2021-03-03
missing,2148,0.1,6,0.0,0.0,2021-03-03
18-34,1175329,33.4,744,1.4,24.3,2021-03-10
35-49,839387,23.9,2876,5.3,19.3,2021-03-10
5-17,368625,10.5,13,0.0,16.7,2021-03-10
50-59,488553,13.9,5607,10.3,12.5,2021-03-10
60-64,183241,5.2,4986,9.1,5.9,2021-03-10
65-69,126679,3.6,5789,10.6,5.0,2021-03-10
70-74,87708,2.5,6317,11.6,4.1,2021-03-10
75-79,58476,1.7,6521,11.9,2.7,2021-03-10
80+,102873,2.9,21727,39.8,3.9,2021-03-10
<5,83818,2.4,1,0.0,5.8,2021-03-10
Total,3516862,100.0,54590,100.0,100.0,2021-03-10
missing,2173,0.1,9,0.0,0.0,2021-03-10
18-34,1181513,33.4,763,1.4,24.3,2021-03-17
35-49,843687,23.9,2952,5.3,19.3,2021-03-17
5-17,370833,10.5,14,0.0,16.7,2021-03-17
50-59,490976,13.9,5776,10.4,12.5,2021-03-17
60-64,184337,5.2,5115,9.2,5.9,2021-03-17
65-69,127297,3.6,5909,10.6,5.0,2021-03-17
70-74,88219,2.5,6458,11.6,4.1,2021-03-17
75-79,58799,1.7,6660,11.9,2.7,2021-03-17
80+,103403,2.9,22140,39.7,3.9,2021-03-17
<5,84286,2.4,1,0.0,5.8,2021-03-17
Total,3535534,100.0,55795,100.0,100.0,2021-03-17
missing,2184,0.1,7,0.0,0.0,2021-03-17
18-34,1187703,33.4,780,1.4,24.3,2021-03-24
35-49,847670,23.9,3021,5.3,19.3,2021-03-24
5-17,373052,10.5,15,0.0,16.7,2021-03-24
50-59,493416,13.9,5958,10.4,12.5,2021-03-24
60-64,185272,5.2,5234,9.2,5.9,2021-03-24
65-69,127828,3.6,6039,10.6,5.0,2021-03-24
70-74,88604,2.5,6618,11.6,4.1,2021-03-24
75-79,59046,1.7,6818,11.9,2.7,2021-03-24
80+,103802,2.9,22599,39.6,3.9,2021-03-24
<5,84729,2.4,1,0.0,5.8,2021-03-24
Total,3553307,100.0,57091,100.0,100.0,2021-03-24
missing,2185,0.1,8,0.0,0.0,2021-03-24
18-34,1194045,33.4,794,1.4,24.3,2021-03-31
35-49,851474,23.8,3074,5.3,19.3,2021-03-31
5-17,375341,10.5,15,0.0,16.7,2021-03-31
50-59,495593,13.9,6089,10.5,12.5,2021-03-31
60-64,186130,5.2,5330,9.2,5.9,2021-03-31
65-69,128329,3.6,6147,10.6,5.0,2021-03-31
70-74,88943,2.5,6750,11.6,4.1,2021-03-31
75-79,59263,1.7,6954,12.0,2.7,2021-03-31
80+,104153,2.9,22928,39.5,3.9,2021-03-31
<5,85201,2.4,1,0.0,5.8,2021-03-31
Total,3570660,100.0,58090,100.0,100.0,2021-03-31
missing,2188,0.1,8,0.0,0.0,2021-03-31
18-34,1200658,33.5,799,1.4,24.3,2021-04-07
35-49,855457,23.8,3116,5.3,19.3,2021-04-07
5-17,377367,10.5,16,0.0,16.7,2021-04-07
50-59,497797,13.9,6192,10.5,12.5,2021-04-07
60-64,187027,5.2,5396,9.2,5.9,2021-04-07
65-69,128772,3.6,6238,10.6,5.0,2021-04-07
70-74,89307,2.5,6837,11.6,4.1,2021-04-07
75-79,59467,1.7,7040,12.0,2.7,2021-04-07
80+,104491,2.9,23144,39.4,3.9,2021-04-07
<5,85619,2.4,2,0.0,5.8,2021-04-07
Total,3588152,100.0,58788,100.0,100.0,2021-04-07
missing,2190,0.1,8,0.0,0.0,2021-04-07
18-34,1208667,33.5,810,1.4,24.3,2021-04-14
35-49,860055,23.8,3151,5.3,19.3,2021-04-14
5-17,380077,10.5,17,0.0,16.7,2021-04-14
50-59,500284,13.9,6293,10.6,12.5,2021-04-14
60-64,187996,5.2,5464,9.2,5.9,2021-04-14
65-69,129304,3.6,6317,10.6,5.0,2021-04-14
70-74,89637,2.5,6926,11.6,4.1,2021-04-14
75-79,59683,1.7,7111,11.9,2.7,2021-04-14
80+,104809,2.9,23409,39.3,3.9,2021-04-14
<5,86146,2.4,2,0.0,5.8,2021-04-14
Total,3608898,100.0,59508,100.0,100.0,2021-04-14
missing,2240,0.1,8,0.0,0.0,2021-04-14
18-34,1214419,33.5,816,1.4,24.3,2021-04-21
35-49,863689,23.8,3177,5.3,19.3,2021-04-21
5-17,382437,10.6,17,0.0,16.7,2021-04-21
50-59,502187,13.9,6345,10.6,12.5,2021-04-21
60-64,188721,5.2,5508,9.2,5.9,2021-04-21
65-69,129685,3.6,6373,10.6,5.0,2021-04-21
70-74,89878,2.5,6986,11.6,4.1,2021-04-21
75-79,59852,1.7,7163,11.9,2.7,2021-04-21
80+,105092,2.9,23597,39.3,3.9,2021-04-21
<5,86610,2.4,2,0.0,5.8,2021-04-21
Total,3624838,100.0,59992,100.0,100.0,2021-04-21
missing,2268,0.1,8,0.0,0.0,2021-04-21
18-34,1218612,33.5,818,1.4,24.3,2021-04-28
35-49,866263,23.8,3195,5.3,19.3,2021-04-28
5-17,384374,10.6,17,0.0,16.7,2021-04-28
50-59,503419,13.8,6392,10.6,12.5,2021-04-28
60-64,189132,5.2,5547,9.2,5.9,2021-04-28
65-69,129932,3.6,6408,10.6,5.0,2021-04-28
70-74,90050,2.5,7032,11.6,4.1,2021-04-28
75-79,59958,1.6,7206,11.9,2.7,2021-04-28
80+,105251,2.9,23737,39.3,3.9,2021-04-28
<5,86979,2.4,2,0.0,5.8,2021-04-28
Total,3636235,100.0,60362,100.0,100.0,2021-04-28
missing,2265,0.1,8,0.0,0.0,2021-04-28
18-34,1222951,33.5,828,1.4,24.3,2021-05-05
35-49,868957,23.8,3224,5.3,19.3,2021-05-05
5-17,386330,10.6,18,0.0,16.7,2021-05-05
50-59,504723,13.8,6453,10.6,12.5,2021-05-05
60-64,189654,5.2,5597,9.2,5.9,2021-05-05
65-69,130238,3.6,6467,10.6,5.0,2021-05-05
70-74,90275,2.5,7094,11.6,4.1,2021-05-05
75-79,60125,1.6,7275,11.9,2.7,2021-05-05
80+,105482,2.9,23959,39.3,3.9,2021-05-05
<5,87215,2.4,3,0.0,5.8,2021-05-05
Total,3648276,100.0,60927,100.0,100.0,2021-05-05
missing,2326,0.1,9,0.0,0.0,2021-05-05
18-34,1227033,33.5,847,1.4,24.3,2021-05-12
35-49,871543,23.8,3251,5.3,19.3,2021-05-12
5-17,388070,10.6,18,0.0,16.7,2021-05-12
50-59,505927,13.8,6503,10.6,12.5,2021-05-12
60-64,190141,5.2,5634,9.2,5.9,2021-05-12
65-69,130549,3.6,6523,10.6,5.0,2021-05-12
70-74,90509,2.5,7144,11.6,4.1,2021-05-12
75-79,60267,1.6,7337,12.0,2.7,2021-05-12
80+,105740,2.9,24082,39.3,3.9,2021-05-12
<5,87549,2.4,3,0.0,5.8,2021-05-12
Total,3659641,100.0,61351,100.0,100.0,2021-05-12
missing,2313,0.1,9,0.0,0.0,2021-05-12
18-34,1230186,33.5,850,1.4,24.3,2021-05-19
35-49,873622,23.8,3273,5.3,19.3,2021-05-19
5-17,389576,10.6,19,0.0,16.7,2021-05-19
50-59,506944,13.8,6525,10.6,12.5,2021-05-19
60-64,190539,5.2,5661,9.2,5.9,2021-05-19
65-69,130862,3.6,6548,10.6,5.0,2021-05-19
70-74,90680,2.5,7175,11.6,4.1,2021-05-19
75-79,60379,1.6,7368,12.0,2.7,2021-05-19
80+,105926,2.9,24172,39.2,3.9,2021-05-19
<5,87812,2.4,4,0.0,5.8,2021-05-19
Total,3668842,100.0,61603,100.0,100.0,2021-05-19
missing,2316,0.1,8,0.0,0.0,2021-05-19
18-34,1233081,33.5,857,1.4,24.3,2021-05-26
35-49,875563,23.8,3303,5.3,19.3,2021-05-26
5-17,390846,10.6,19,0.0,16.7,2021-05-26
50-59,507809,13.8,6556,10.6,12.5,2021-05-26
60-64,190925,5.2,5683,9.2,5.9,2021-05-26
65-69,131116,3.6,6579,10.6,5.0,2021-05-26
70-74,90862,2.5,7203,11.6,4.1,2021-05-26
75-79,60483,1.6,7393,12.0,2.7,2021-05-26
80+,106155,2.9,24250,39.2,3.9,2021-05-26
<5,88089,2.4,4,0.0,5.8,2021-05-26
Total,3677235,100.0,61855,100.0,100.0,2021-05-26
missing,2306,0.1,8,0.0,0.0,2021-05-26
18-34,1236161,33.5,860,1.4,24.3,2021-06-02
35-49,877504,23.8,3316,5.3,19.3,2021-06-02
5-17,392044,10.6,19,0.0,16.7,2021-06-02
50-59,508987,13.8,6587,10.6,12.5,2021-06-02
60-64,191442,5.2,5705,9.2,5.9,2021-06-02
65-69,131511,3.6,6615,10.7,5.0,2021-06-02
70-74,91175,2.5,7243,11.7,4.1,2021-06-02
75-79,60688,1.6,7411,11.9,2.7,2021-06-02
80+,106536,2.9,24324,39.2,3.9,2021-06-02
<5,88342,2.4,4,0.0,5.8,2021-06-02
Total,3686689,100.0,62092,100.0,100.0,2021-06-02
missing,2299,0.1,8,0.0,0.0,2021-06-02
18-34,1238419,33.5,867,1.4,24.3,2021-06-09
35-49,879061,23.8,3337,5.3,19.3,2021-06-09
5-17,393014,10.6,19,0.0,16.7,2021-06-09
50-59,509773,13.8,6629,10.6,12.5,2021-06-09
60-64,191718,5.2,5755,9.2,5.9,2021-06-09
65-69,131741,3.6,6649,10.6,5.0,2021-06-09
70-74,91311,2.5,7292,11.7,4.1,2021-06-09
75-79,60766,1.6,7465,11.9,2.7,2021-06-09
80+,106704,2.9,24513,39.2,3.9,2021-06-09
<5,88562,2.4,4,0.0,5.8,2021-06-09
Total,3693362,100.0,62538,100.0,100.0,2021-06-09
missing,2293,0.1,8,0.0,0.0,2021-06-09
18-34,1240558,33.5,865,1.4,24.3,2021-06-16
35-49,880474,23.8,3342,5.3,19.3,2021-06-16
5-17,393898,10.6,19,0.0,16.7,2021-06-16
50-59,510465,13.8,6655,10.6,12.5,2021-06-16
60-64,191964,5.2,5764,9.2,5.9,2021-06-16
65-69,131906,3.6,6668,10.7,5.0,2021-06-16
70-74,91452,2.5,7288,11.6,4.1,2021-06-16
75-79,60866,1.6,7476,11.9,2.7,2021-06-16
80+,106821,2.9,24477,39.1,3.9,2021-06-16
<5,88765,2.4,4,0.0,5.8,2021-06-16
Total,3699455,100.0,62565,100.0,100.0,2021-06-16
missing,2286,0.1,7,0.0,0.0,2021-06-16
18-34,1243214,33.5,867,1.4,24.3,2021-06-23
35-49,882202,23.8,3358,5.3,19.3,2021-06-23
5-17,394881,10.7,19,0.0,16.7,2021-06-23
50-59,511343,13.8,6686,10.6,12.5,2021-06-23
60-64,192257,5.2,5788,9.2,5.9,2021-06-23
65-69,132125,3.6,6706,10.7,5.0,2021-06-23
70-74,91602,2.5,7316,11.6,4.1,2021-06-23
75-79,60963,1.6,7502,11.9,2.7,2021-06-23
80+,106962,2.9,24569,39.1,3.9,2021-06-23
<5,88994,2.4,4,0.0,5.8,2021-06-23
Total,3706846,100.0,62822,100.0,100.0,2021-06-23
missing,2303,0.1,7,0.0,0.0,2021-06-23
18-34,1245546,33.6,877,1.4,24.3,2021-06-30
35-49,883344,23.8,3383,5.4,19.3,2021-06-30
5-17,395713,10.7,19,0.0,16.7,2021-06-30
50-59,511813,13.8,6735,10.7,12.5,2021-06-30
60-64,192430,5.2,5812,9.2,5.9,2021-06-30
65-69,132240,3.6,6730,10.7,5.0,2021-06-30
70-74,91683,2.5,7348,11.6,4.1,2021-06-30
75-79,60995,1.6,7537,11.9,2.7,2021-06-30
80+,106929,2.9,24643,39.1,3.9,2021-06-30
<5,89155,2.4,4,0.0,5.8,2021-06-30
Total,3712152,100.0,63096,100.0,100.0,2021-06-30
missing,2304,0.1,8,0.0,0.0,2021-06-30
18-34,1249730,33.6,887,1.4,24.3,2021-07-07
35-49,885702,23.8,3405,5.4,19.3,2021-07-07
5-17,397087,10.7,21,0.0,16.7,2021-07-07
50-59,512807,13.8,6772,10.7,12.5,2021-07-07
60-64,192801,5.2,5826,9.2,5.9,2021-07-07
65-69,132498,3.6,6742,10.6,5.0,2021-07-07
70-74,91849,2.5,7374,11.6,4.1,2021-07-07
75-79,61092,1.6,7553,11.9,2.7,2021-07-07
80+,107064,2.9,24722,39.0,3.9,2021-07-07
<5,89488,2.4,7,0.0,5.8,2021-07-07
Total,3722422,100.0,63317,100.0,100.0,2021-07-07
missing,2304,0.1,8,0.0,0.0,2021-07-07
18-34,1258977,33.6,900,1.4,24.3,2021-07-14
35-49,890523,23.8,3425,5.4,19.3,2021-07-14
5-17,399640,10.7,21,0.0,16.7,2021-07-14
50-59,514946,13.8,6800,10.7,12.5,2021-07-14
60-64,193541,5.2,5846,9.2,5.9,2021-07-14
65-69,132976,3.6,6764,10.6,5.0,2021-07-14
70-74,92140,2.5,7400,11.6,4.1,2021-07-14
75-79,61295,1.6,7577,11.9,2.7,2021-07-14
80+,107329,2.9,24785,39.0,3.9,2021-07-14
<5,90063,2.4,7,0.0,5.8,2021-07-14
Total,3743714,100.0,63533,100.0,100.0,2021-07-14
missing,2284,0.1,8,0.0,0.0,2021-07-14
18-34,1273281,33.7,909,1.4,24.3,2021-07-21
35-49,898513,23.8,3443,5.4,19.3,2021-07-21
5-17,403883,10.7,21,0.0,16.7,2021-07-21
50-59,518437,13.7,6819,10.7,12.5,2021-07-21
60-64,194734,5.2,5866,9.2,5.9,2021-07-21
65-69,133766,3.5,6781,10.6,5.0,2021-07-21
70-74,92698,2.5,7425,11.7,4.1,2021-07-21
75-79,61620,1.6,7587,11.9,2.7,2021-07-21
80+,107770,2.9,24829,39.0,3.9,2021-07-21
<5,91055,2.4,7,0.0,5.8,2021-07-21
Total,3778047,100.0,63695,100.0,100.0,2021-07-21
missing,2290,0.1,8,0.0,0.0,2021-07-21
18-34,1293902,33.8,918,1.4,24.3,2021-07-28
35-49,910782,23.8,3459,5.4,19.3,2021-07-28
5-17,410800,10.7,21,0.0,16.7,2021-07-28
50-59,523743,13.7,6848,10.7,12.5,2021-07-28
60-64,196592,5.1,5886,9.2,5.9,2021-07-28
65-69,135052,3.5,6795,10.6,5.0,2021-07-28
70-74,93579,2.4,7442,11.6,4.1,2021-07-28
75-79,62144,1.6,7606,11.9,2.7,2021-07-28
80+,108455,2.8,24901,39.0,3.9,2021-07-28
<5,92660,2.4,7,0.0,5.8,2021-07-28
Total,3830008,100.0,63891,100.0,100.0,2021-07-28
missing,2299,0.1,8,0.0,0.0,2021-07-28
18-34,1319796,33.8,932,1.5,24.3,2021-08-04
35-49,926899,23.8,3489,5.4,19.3,2021-08-04
5-17,420696,10.8,23,0.0,16.7,2021-08-04
50-59,531177,13.6,6904,10.8,12.5,2021-08-04
60-64,199351,5.1,5921,9.2,5.9,2021-08-04
65-69,136874,3.5,6831,10.6,5.0,2021-08-04
70-74,94816,2.4,7476,11.6,4.1,2021-08-04
75-79,62896,1.6,7635,11.9,2.7,2021-08-04
80+,109491,2.8,24980,38.9,3.9,2021-08-04
<5,94852,2.4,7,0.0,5.8,2021-08-04
Total,3899158,100.0,64206,100.0,100.0,2021-08-04
missing,2310,0.1,8,0.0,0.0,2021-08-04
18-34,1348761,33.9,938,1.5,24.3,2021-08-11
35-49,945803,23.8,3508,5.5,19.3,2021-08-11
5-17,433229,10.9,23,0.0,16.7,2021-08-11
50-59,539919,13.6,6907,10.8,12.5,2021-08-11
60-64,202499,5.1,5927,9.3,5.9,2021-08-11
65-69,139154,3.5,6847,10.7,5.0,2021-08-11
70-74,96377,2.4,7462,11.7,4.1,2021-08-11
75-79,63916,1.6,7614,11.9,2.7,2021-08-11
80+,110745,2.8,24796,38.7,3.9,2021-08-11
<5,97440,2.4,7,0.0,5.8,2021-08-11
Total,3980172,100.0,64037,100.0,100.0,2021-08-11
missing,2329,0.1,8,0.0,0.0,2021-08-11
18-34,1378225,33.9,951,1.5,24.3,2021-08-18
35-49,966203,23.7,3549,5.5,19.3,2021-08-18
5-17,449891,11.1,23,0.0,16.7,2021-08-18
50-59,549619,13.5,6956,10.8,12.5,2021-08-18
60-64,206123,5.1,5959,9.3,5.9,2021-08-18
65-69,141695,3.5,6887,10.7,5.0,2021-08-18
70-74,98180,2.4,7499,11.6,4.1,2021-08-18
75-79,65106,1.6,7650,11.9,2.7,2021-08-18
80+,112155,2.8,24894,38.7,3.9,2021-08-18
<5,100486,2.5,7,0.0,5.8,2021-08-18
Total,4070083,100.0,64383,100.0,100.0,2021-08-18
missing,2400,0.1,8,0.0,0.0,2021-08-18
18-34,1405499,33.8,973,1.5,24.3,2021-08-25
35-49,985380,23.7,3618,5.6,19.3,2021-08-25
5-17,467048,11.2,24,0.0,16.7,2021-08-25
50-59,559066,13.4,7034,10.8,12.5,2021-08-25
60-64,209773,5.0,6022,9.3,5.9,2021-08-25
65-69,144352,3.5,6948,10.7,5.0,2021-08-25
70-74,99970,2.4,7552,11.6,4.1,2021-08-25
75-79,66314,1.6,7709,11.9,2.7,2021-08-25
80+,113709,2.7,25035,38.6,3.9,2021-08-25
<5,103788,2.5,8,0.0,5.8,2021-08-25
Total,4157319,100.0,64931,100.0,100.0,2021-08-25
missing,2420,0.1,8,0.0,0.0,2021-08-25
18-34,1434406,33.7,1000,1.5,24.3,2021-09-01
35-49,1007454,23.7,3692,5.6,19.3,2021-09-01
5-17,487523,11.5,24,0.0,16.7,2021-09-01
50-59,569709,13.4,7169,10.9,12.5,2021-09-01
60-64,214144,5.0,6100,9.3,5.9,2021-09-01
65-69,147338,3.5,7020,10.7,5.0,2021-09-01
70-74,102174,2.4,7615,11.6,4.1,2021-09-01
75-79,67735,1.6,7769,11.8,2.7,2021-09-01
80+,115599,2.7,25180,38.4,3.9,2021-09-01
<5,107700,2.5,9,0.0,5.8,2021-09-01
Total,4256244,100.0,65585,100.0,100.0,2021-09-01
missing,2462,0.1,7,0.0,0.0,2021-09-01
18-34,1453419,33.6,1023,1.5,24.3,2021-09-08
35-49,1021973,23.6,3775,5.7,19.3,2021-09-08
5-17,502012,11.6,24,0.0,16.7,2021-09-08
50-59,576821,13.3,7284,11.0,12.5,2021-09-08
60-64,216908,5.0,6189,9.3,5.9,2021-09-08
65-69,149272,3.5,7092,10.7,5.0,2021-09-08
70-74,103631,2.4,7689,11.6,4.1,2021-09-08
75-79,68650,1.6,7840,11.8,2.7,2021-09-08
80+,116913,2.7,25325,38.2,3.9,2021-09-08
<5,110301,2.6,9,0.0,5.8,2021-09-08
Total,4322361,100.0,66257,100.0,100.0,2021-09-08
missing,2461,0.1,7,0.0,0.0,2021-09-08
18-34,1472590,33.6,1056,1.6,24.3,2021-09-15
35-49,1036531,23.6,3891,5.8,19.3,2021-09-15
5-17,516017,11.8,25,0.0,16.7,2021-09-15
50-59,583872,13.3,7434,11.1,12.5,2021-09-15
60-64,219656,5.0,6294,9.4,5.9,2021-09-15
65-69,151219,3.4,7195,10.7,5.0,2021-09-15
70-74,105087,2.4,7791,11.6,4.1,2021-09-15
75-79,69516,1.6,7932,11.8,2.7,2021-09-15
80+,118146,2.7,25552,38.0,3.9,2021-09-15
<5,112773,2.6,10,0.0,5.8,2021-09-15
Total,4387926,100.0,67187,100.0,100.0,2021-09-15
missing,2519,0.1,7,0.0,0.0,2021-09-15
18-34,1487820,33.5,1079,1.6,24.3,2021-09-22
35-49,1048488,23.6,3995,5.9,19.3,2021-09-22
5-17,527125,11.9,25,0.0,16.7,2021-09-22
50-59,589710,13.3,7558,11.1,12.5,2021-09-22
60-64,222064,5.0,6380,9.4,5.9,2021-09-22
65-69,152958,3.4,7288,10.7,5.0,2021-09-22
70-74,106382,2.4,7855,11.6,4.1,2021-09-22
75-79,70310,1.6,8008,11.8,2.7,2021-09-22
80+,119196,2.7,25723,37.9,3.9,2021-09-22
<5,114772,2.6,10,0.0,5.8,2021-09-22
Total,4441390,100.0,67928,100.0,100.0,2021-09-22
missing,2565,0.1,7,0.0,0.0,2021-09-22
18-34,1501442,33.4,1096,1.6,24.3,2021-09-29
35-49,1058972,23.6,4089,6.0,19.3,2021-09-29
5-17,536720,12.0,26,0.0,16.7,2021-09-29
50-59,594956,13.3,7676,11.2,12.5,2021-09-29
60-64,224259,5.0,6484,9.4,5.9,2021-09-29
65-69,154542,3.4,7363,10.7,5.0,2021-09-29
70-74,107526,2.4,7943,11.6,4.1,2021-09-29
75-79,71056,1.6,8085,11.8,2.7,2021-09-29
80+,120183,2.7,25889,37.7,3.9,2021-09-29
<5,116585,2.6,11,0.0,5.8,2021-09-29
Total,4488848,100.0,68670,100.0,100.0,2021-09-29
missing,2607,0.1,8,0.0,0.0,2021-09-29
18-34,1512991,33.4,1115,1.6,24.3,2021-10-06
35-49,1067931,23.6,4179,6.0,19.3,2021-10-06
5-17,545040,12.0,26,0.0,16.7,2021-10-06
50-59,599491,13.2,7794,11.2,12.5,2021-10-06
60-64,226187,5.0,6569,9.5,5.9,2021-10-06
65-69,155979,3.4,7449,10.7,5.0,2021-10-06
70-74,108482,2.4,8016,11.6,4.1,2021-10-06
75-79,71731,1.6,8144,11.7,2.7,2021-10-06
80+,121024,2.7,26041,37.5,3.9,2021-10-06
<5,118074,2.6,11,0.0,5.8,2021-10-06
Total,4529563,100.0,69351,100.0,100.0,2021-10-06
missing,2633,0.1,7,0.0,0.0,2021-10-06
18-34,1522693,33.4,1133,1.6,24.3,2021-10-13
35-49,1075917,23.6,4261,6.1,19.3,2021-10-13
5-17,552330,12.1,26,0.0,16.7,2021-10-13
50-59,603657,13.2,7913,11.3,12.5,2021-10-13
60-64,227894,5.0,6653,9.5,5.9,2021-10-13
65-69,157277,3.4,7522,10.7,5.0,2021-10-13
70-74,109379,2.4,8077,11.5,4.1,2021-10-13
75-79,72392,1.6,8225,11.7,2.7,2021-10-13
80+,121787,2.7,26182,37.4,3.9,2021-10-13
<5,119393,2.6,11,0.0,5.8,2021-10-13
Total,4565279,100.0,70010,100.0,100.0,2021-10-13
missing,2560,0.1,7,0.0,0.0,2021-10-13
18-34,1531823,33.3,1159,1.6,24.3,2021-10-20
35-49,1083961,23.6,4349,6.1,19.3,2021-10-20
5-17,559596,12.2,26,0.0,16.7,2021-10-20
50-59,607722,13.2,8034,11.4,12.5,2021-10-20
60-64,229660,5.0,6738,9.5,5.9,2021-10-20
65-69,158593,3.4,7617,10.8,5.0,2021-10-20
70-74,110299,2.4,8158,11.5,4.1,2021-10-20
75-79,73005,1.6,8291,11.7,2.7,2021-10-20
80+,122590,2.7,26351,37.2,3.9,2021-10-20
<5,120671,2.6,11,0.0,5.8,2021-10-20
Total,4600506,100.0,70741,100.0,100.0,2021-10-20
missing,2586,0.1,7,0.0,0.0,2021-10-20
18-34,1541780,33.2,1175,1.6,24.3,2021-10-27
35-49,1093966,23.6,4428,6.2,19.3,2021-10-27
5-17,565915,12.2,26,0.0,16.7,2021-10-27
50-59,612885,13.2,8131,11.4,12.5,2021-10-27
60-64,232140,5.0,6808,9.5,5.9,2021-10-27
65-69,160534,3.5,7681,10.8,5.0,2021-10-27
70-74,111632,2.4,8243,11.5,4.1,2021-10-27
75-79,73960,1.6,8361,11.7,2.7,2021-10-27
80+,124189,2.7,26537,37.2,3.9,2021-10-27
<5,120899,2.6,11,0.0,5.8,2021-10-27
Total,4640489,100.0,71408,100.0,100.0,2021-10-27
missing,2589,0.1,7,0.0,0.0,2021-10-27
18-34,1552758,33.2,1187,1.7,24.3,2021-11-03
35-49,1102934,23.6,4475,6.2,19.3,2021-11-03
5-17,573659,12.3,27,0.0,16.7,2021-11-03
50-59,617471,13.2,8214,11.4,12.5,2021-11-03
60-64,234115,5.0,6855,9.6,5.9,2021-11-03
65-69,161963,3.5,7717,10.8,5.0,2021-11-03
70-74,112711,2.4,8275,11.5,4.1,2021-11-03
75-79,74595,1.6,8385,11.7,2.7,2021-11-03
80+,125199,2.7,26606,37.1,3.9,2021-11-03
<5,122281,2.6,11,0.0,5.8,2021-11-03
Total,4680273,100.0,71759,100.0,100.0,2021-11-03
missing,2587,0.1,7,0.0,0.0,2021-11-03
18-34,1563703,33.1,1200,1.7,24.3,2021-11-10
35-49,1111943,23.6,4549,6.3,19.3,2021-11-10
5-17,581728,12.3,27,0.0,16.7,2021-11-10
50-59,621904,13.2,8289,11.5,12.5,2021-11-10
60-64,235937,5.0,6907,9.6,5.9,2021-11-10
65-69,163176,3.5,7769,10.7,5.0,2021-11-10
70-74,113639,2.4,8345,11.5,4.1,2021-11-10
75-79,75204,1.6,8447,11.7,2.7,2021-11-10
80+,126078,2.7,26738,37.0,3.9,2021-11-10
<5,123700,2.6,11,0.0,5.8,2021-11-10
Total,4719596,100.0,72288,100.0,100.0,2021-11-10
missing,2584,0.1,6,0.0,0.0,2021-11-10
18-34,1573191,33.1,1208,1.7,24.3,2021-11-17
35-49,1119379,23.6,4604,6.3,19.3,2021-11-17
5-17,588265,12.4,27,0.0,16.7,2021-11-17
50-59,625755,13.2,8376,11.5,12.5,2021-11-17
60-64,237611,5.0,6974,9.6,5.9,2021-11-17
65-69,164270,3.5,7835,10.8,5.0,2021-11-17
70-74,114468,2.4,8404,11.5,4.1,2021-11-17
75-79,75737,1.6,8530,11.7,2.7,2021-11-17
80+,126846,2.7,26871,36.9,3.9,2021-11-17
<5,124858,2.6,12,0.0,5.8,2021-11-17
Total,4752970,100.0,72847,100.0,100.0,2021-11-17
missing,2590,0.1,6,0.0,0.0,2021-11-17
18-34,1580846,33.1,1224,1.7,24.3,2021-11-23
35-49,1125870,23.5,4655,6.3,19.3,2021-11-23
5-17,593655,12.4,27,0.0,16.7,2021-11-23
50-59,629040,13.2,8443,11.5,12.5,2021-11-23
60-64,239002,5.0,7031,9.6,5.9,2021-11-23
65-69,165236,3.5,7893,10.8,5.0,2021-11-23
70-74,115101,2.4,8480,11.6,4.1,2021-11-23
75-79,76155,1.6,8583,11.7,2.7,2021-11-23
80+,127465,2.7,27011,36.8,3.9,2021-11-23
<5,125874,2.6,12,0.0,5.8,2021-11-23
Total,4780867,100.0,73365,100.0,100.0,2021-11-23
missing,2603,0.1,6,0.0,0.0,2021-11-23
18-34,1590924,33.0,1239,1.7,24.3,2021-12-01
35-49,1134297,23.6,4712,6.4,19.3,2021-12-01
5-17,599161,12.4,28,0.0,16.7,2021-12-01
50-59,633242,13.2,8535,11.5,12.5,2021-12-01
60-64,240696,5.0,7077,9.6,5.9,2021-12-01
65-69,166395,3.5,7935,10.7,5.0,2021-12-01
70-74,115906,2.4,8540,11.6,4.1,2021-12-01
75-79,76710,1.6,8645,11.7,2.7,2021-12-01
80+,128245,2.7,27190,36.8,3.9,2021-12-01
<5,127092,2.6,12,0.0,5.8,2021-12-01
Total,4815277,100.0,73919,100.0,100.0,2021-12-01
missing,2609,0.1,6,0.0,0.0,2021-12-01
18-34,1603804,33.0,1248,1.7,24.3,2021-12-08
35-49,1144806,23.5,4765,6.4,19.3,2021-12-08
5-17,608716,12.5,29,0.0,16.7,2021-12-08
50-59,638549,13.1,8598,11.6,12.5,2021-12-08
60-64,242827,5.0,7145,9.6,5.9,2021-12-08
65-69,167758,3.5,7996,10.7,5.0,2021-12-08
70-74,116869,2.4,8595,11.5,4.1,2021-12-08
75-79,77396,1.6,8698,11.7,2.7,2021-12-08
80+,129128,2.7,27340,36.7,3.9,2021-12-08
<5,128858,2.7,12,0.0,5.8,2021-12-08
Total,4861352,100.0,74432,100.0,100.0,2021-12-08
missing,2641,0.1,6,0.0,0.0,2021-12-08
18-34,1615709,33.0,1262,1.7,24.3,2021-12-15
35-49,1153862,23.5,4808,6.4,19.3,2021-12-15
5-17,616892,12.6,29,0.0,16.7,2021-12-15
50-59,643094,13.1,8672,11.6,12.5,2021-12-15
60-64,244653,5.0,7188,9.6,5.9,2021-12-15
65-69,169003,3.4,8063,10.8,5.0,2021-12-15
70-74,117722,2.4,8643,11.5,4.1,2021-12-15
75-79,78011,1.6,8737,11.7,2.7,2021-12-15
80+,129897,2.6,27459,36.7,3.9,2021-12-15
<5,130405,2.7,12,0.0,5.8,2021-12-15
Total,4901895,100.0,74879,100.0,100.0,2021-12-15
missing,2647,0.1,6,0.0,0.0,2021-12-15
18-34,1644314,33.1,1278,1.7,24.3,2021-12-22
35-49,1169442,23.5,4855,6.4,19.3,2021-12-22
5-17,625349,12.6,29,0.0,16.7,2021-12-22
50-59,649777,13.1,8743,11.6,12.5,2021-12-22
60-64,247112,5.0,7246,9.6,5.9,2021-12-22
65-69,170479,3.4,8122,10.8,5.0,2021-12-22
70-74,118787,2.4,8699,11.5,4.1,2021-12-22
75-79,78632,1.6,8791,11.7,2.7,2021-12-22
80+,130675,2.6,27600,36.6,3.9,2021-12-22
<5,132378,2.7,13,0.0,5.8,2021-12-22
Total,4969615,100.0,75383,100.0,100.0,2021-12-22
missing,2670,0.1,7,0.0,0.0,2021-12-22
18-34,1716327,33.4,1286,1.7,24.3,2021-12-29
35-49,1208904,23.5,4890,6.5,19.3,2021-12-29
5-17,642597,12.5,30,0.0,16.7,2021-12-29
50-59,667133,13.0,8794,11.6,12.5,2021-12-29
60-64,252730,4.9,7281,9.6,5.9,2021-12-29
65-69,174099,3.4,8162,10.8,5.0,2021-12-29
70-74,121145,2.4,8739,11.5,4.1,2021-12-29
75-79,80105,1.6,8824,11.7,2.7,2021-12-29
80+,132464,2.6,27712,36.6,3.9,2021-12-29
<5,136862,2.7,13,0.0,5.8,2021-12-29
Total,5135071,100.0,75738,100.0,100.0,2021-12-29
missing,2705,0.1,7,0.0,0.0,2021-12-29
18-34,1863236,33.7,1293,1.7,24.3,2022-01-05
35-49,1303936,23.6,4915,6.5,19.3,2022-01-05
5-17,695997,12.6,31,0.0,16.7,2022-01-05
50-59,713331,12.9,8838,11.6,12.5,2022-01-05
60-64,268005,4.8,7319,9.6,5.9,2022-01-05
65-69,184033,3.3,8205,10.8,5.0,2022-01-05
70-74,127625,2.3,8797,11.6,4.1,2022-01-05
75-79,84216,1.5,8856,11.6,2.7,2022-01-05
80+,137467,2.5,27775,36.5,3.9,2022-01-05
<5,150056,2.7,13,0.0,5.8,2022-01-05
Total,5530751,100.0,76049,100.0,100.0,2022-01-05
missing,2849,0.1,7,0.0,0.0,2022-01-05
18-34,2113251,33.6,1321,1.7,24.3,2022-01-12
35-49,1471332,23.4,4977,6.5,19.3,2022-01-12
5-17,863115,13.7,31,0.0,16.7,2022-01-12
50-59,795103,12.6,8946,11.6,12.5,2022-01-12
60-64,295733,4.7,7408,9.6,5.9,2022-01-12
65-69,201808,3.2,8288,10.8,5.0,2022-01-12
70-74,139321,2.2,8883,11.6,4.1,2022-01-12
75-79,91552,1.5,8930,11.6,2.7,2022-01-12
80+,146956,2.3,27998,36.5,3.9,2022-01-12
<5,175513,2.8,15,0.0,5.8,2022-01-12
Total,6296907,100.0,76804,100.0,100.0,2022-01-12
missing,3223,0.1,7,0.0,0.0,2022-01-12
18-34,2487533,32.6,1361,1.7,24.3,2022-01-26
35-49,1767011,23.2,5118,6.5,19.3,2022-01-26
5-17,1160511,15.2,32,0.0,16.7,2022-01-26
50-59,945216,12.4,9142,11.6,12.5,2022-01-26
60-64,351488,4.6,7563,9.6,5.9,2022-01-26
65-69,239868,3.1,8475,10.8,5.0,2022-01-26
70-74,164510,2.2,9065,11.5,4.1,2022-01-26
75-79,107401,1.4,9153,11.6,2.7,2022-01-26
80+,168750,2.2,28637,36.4,3.9,2022-01-26
<5,233112,3.1,17,0.0,5.8,2022-01-26
Total,7629666,100.0,78571,100.0,100.0,2022-01-26
missing,4266,0.1,8,0.0,0.0,2022-01-26
18-34,2577485,32.3,1381,1.7,24.3,2022-02-02
35-49,1840536,23.1,5204,6.5,19.3,2022-02-02
5-17,1235496,15.5,33,0.0,16.7,2022-02-02
50-59,983442,12.3,9232,11.6,12.5,2022-02-02
60-64,366880,4.6,7668,9.6,5.9,2022-02-02
65-69,251113,3.2,8577,10.7,5.0,2022-02-02
70-74,172335,2.2,9217,11.5,4.1,2022-02-02
75-79,112607,1.4,9310,11.7,2.7,2022-02-02
80+,176138,2.2,29154,36.5,3.9,2022-02-02
<5,248849,3.1,18,0.0,5.8,2022-02-02
Total,7969398,100.0,79802,100.0,100.0,2022-02-02
missing,4517,0.1,8,0.0,0.0,2022-02-02
18-34,2634558,32.2,1397,1.7,24.3,2022-02-09
35-49,1886822,23.1,5265,6.5,19.3,2022-02-09
5-17,1279300,15.6,33,0.0,16.7,2022-02-09
50-59,1007448,12.3,9365,11.6,12.5,2022-02-09
60-64,376602,4.6,7776,9.6,5.9,2022-02-09
65-69,258517,3.2,8703,10.7,5.0,2022-02-09
70-74,177310,2.2,9354,11.5,4.1,2022-02-09
75-79,116030,1.4,9463,11.7,2.7,2022-02-09
80+,181253,2.2,29691,36.6,3.9,2022-02-09
<5,258667,3.2,18,0.0,5.8,2022-02-09
Total,8181224,100.0,81074,100.0,100.0,2022-02-09
missing,4717,0.1,9,0.0,0.0,2022-02-09
18-34,2661175,32.1,1419,1.7,24.3,2022-02-16
35-49,1908582,23.0,5351,6.5,19.3,2022-02-16
5-17,1298089,15.7,34,0.0,16.7,2022-02-16
50-59,1018985,12.3,9519,11.5,12.5,2022-02-16
60-64,381698,4.6,7903,9.6,5.9,2022-02-16
65-69,262469,3.2,8861,10.7,5.0,2022-02-16
70-74,180317,2.2,9531,11.5,4.1,2022-02-16
75-79,118099,1.4,9678,11.7,2.7,2022-02-16
80+,184726,2.2,30266,36.6,3.9,2022-02-16
<5,263540,3.2,18,0.0,5.8,2022-02-16
Total,8283568,100.0,82589,100.0,100.0,2022-02-16
missing,5888,0.1,9,0.0,0.0,2022-02-16
18-34,2679536,32.1,1447,1.7,24.3,2022-02-23
35-49,1923174,23.0,5411,6.5,19.3,2022-02-23
5-17,1309335,15.7,36,0.0,16.7,2022-02-23
50-59,1026639,12.3,9643,11.5,12.5,2022-02-23
60-64,384984,4.6,8015,9.6,5.9,2022-02-23
65-69,265086,3.2,8983,10.7,5.0,2022-02-23
70-74,182134,2.2,9661,11.5,4.1,2022-02-23
75-79,119469,1.4,9827,11.7,2.7,2022-02-23
80+,186816,2.2,30733,36.7,3.9,2022-02-23
<5,266620,3.2,19,0.0,5.8,2022-02-23
Total,8349967,100.0,83784,100.0,100.0,2022-02-23
missing,6174,0.1,9,0.0,0.0,2022-02-23
18-34,2692370,32.1,1466,1.7,24.3,2022-03-02
35-49,1933073,23.0,5486,6.4,19.3,2022-03-02
5-17,1316271,15.7,41,0.0,16.7,2022-03-02
50-59,1031595,12.3,9783,11.5,12.5,2022-03-02
60-64,387091,4.6,8147,9.6,5.9,2022-03-02
65-69,266721,3.2,9118,10.7,5.0,2022-03-02
70-74,183362,2.2,9825,11.5,4.1,2022-03-02
75-79,120344,1.4,10000,11.7,2.7,2022-03-02
80+,188273,2.2,31231,36.7,3.9,2022-03-02
<5,268567,3.2,20,0.0,5.8,2022-03-02
Total,8393923,100.0,85127,100.0,100.0,2022-03-02
missing,6256,0.1,10,0.0,0.0,2022-03-02
18-34,2700634,32.1,1482,1.7,24.3,2022-03-09
35-49,1939445,23.0,5541,6.4,19.3,2022-03-09
5-17,1320638,15.7,42,0.0,16.7,2022-03-09
50-59,1034899,12.3,9906,11.5,12.5,2022-03-09
60-64,388532,4.6,8224,9.5,5.9,2022-03-09
65-69,267821,3.2,9243,10.7,5.0,2022-03-09
70-74,184300,2.2,9945,11.5,4.1,2022-03-09
75-79,121011,1.4,10132,11.8,2.7,2022-03-09
80+,189393,2.2,31640,36.7,3.9,2022-03-09
<5,269748,3.2,21,0.0,5.8,2022-03-09
Total,8422875,100.0,86185,100.0,100.0,2022-03-09
missing,6454,0.1,9,0.0,0.0,2022-03-09
18-34,2707430,32.1,1494,1.7,24.3,2022-03-16
35-49,1944550,23.0,5591,6.4,19.3,2022-03-16
5-17,1323573,15.7,43,0.0,16.7,2022-03-16
50-59,1037526,12.3,9997,11.5,12.5,2022-03-16
60-64,389763,4.6,8290,9.5,5.9,2022-03-16
65-69,268791,3.2,9344,10.7,5.0,2022-03-16
70-74,184982,2.2,10049,11.5,4.1,2022-03-16
75-79,121516,1.4,10248,11.8,2.7,2022-03-16
80+,190210,2.3,31959,36.7,3.9,2022-03-16
<5,270666,3.2,21,0.0,5.8,2022-03-16
Total,8445468,100.0,87045,100.0,100.0,2022-03-16
missing,6461,0.1,9,0.0,0.0,2022-03-16
18-34,2715364,32.0,1507,1.7,24.3,2022-03-23
35-49,1951127,23.0,5628,6.4,19.3,2022-03-23
5-17,1327203,15.7,43,0.0,16.7,2022-03-23
50-59,1041092,12.3,10061,11.5,12.5,2022-03-23
60-64,391266,4.6,8353,9.5,5.9,2022-03-23
65-69,269941,3.2,9408,10.7,5.0,2022-03-23
70-74,185834,2.2,10143,11.6,4.1,2022-03-23
75-79,122105,1.4,10308,11.8,2.7,2022-03-23
80+,191237,2.3,32221,36.7,3.9,2022-03-23
<5,271737,3.2,21,0.0,5.8,2022-03-23
Total,8473370,100.0,87702,100.0,100.0,2022-03-23
missing,6464,0.1,9,0.0,0.0,2022-03-23
18-34,2720831,32.0,1514,1.7,24.3,2022-03-30
35-49,1954998,23.0,5654,6.4,19.3,2022-03-30
5-17,1329254,15.7,44,0.0,16.7,2022-03-30
50-59,1043143,12.3,10106,11.5,12.5,2022-03-30
60-64,392090,4.6,8385,9.5,5.9,2022-03-30
65-69,270615,3.2,9454,10.7,5.0,2022-03-30
70-74,186366,2.2,10190,11.6,4.1,2022-03-30
75-79,122464,1.4,10358,11.8,2.7,2022-03-30
80+,191759,2.3,32378,36.7,3.9,2022-03-30
<5,272250,3.2,22,0.0,5.8,2022-03-30
Total,8489979,100.0,88115,100.0,100.0,2022-03-30
missing,6209,0.1,10,0.0,0.0,2022-03-30
18-34,2747569,32.1,1535,1.7,24.3,2022-04-21
35-49,1973268,23.0,5720,6.4,19.3,2022-04-21
5-17,1337122,15.6,46,0.0,16.7,2022-04-21
50-59,1052520,12.3,10239,11.5,12.5,2022-04-21
60-64,395878,4.6,8481,9.5,5.9,2022-04-21
65-69,273499,3.2,9568,10.7,5.0,2022-04-21
70-74,188604,2.2,10337,11.6,4.1,2022-04-21
75-79,123918,1.4,10483,11.8,2.7,2022-04-21
80+,193704,2.3,32811,36.8,3.9,2022-04-21
<5,274629,3.2,24,0.0,5.8,2022-04-21
Total,8566404,100.0,89255,100.0,100.0,2022-04-21
missing,5693,0.1,11,0.0,0.0,2022-04-21
18-34,2760679,32.1,1546,1.7,24.3,2022-04-28
35-49,1982368,23.0,5732,6.4,19.3,2022-04-28
5-17,1342301,15.6,46,0.0,16.7,2022-04-28
50-59,1057153,12.3,10270,11.5,12.5,2022-04-28
60-64,397781,4.6,8520,9.5,5.9,2022-04-28
65-69,274858,3.2,9606,10.7,5.0,2022-04-28
70-74,189632,2.2,10382,11.6,4.1,2022-04-28
75-79,124629,1.4,10518,11.7,2.7,2022-04-28
80+,194661,2.3,32927,36.8,3.9,2022-04-28
<5,275820,3.2,24,0.0,5.8,2022-04-28
Total,8605663,100.0,89582,100.0,100.0,2022-04-28
missing,5781,0.1,11,0.0,0.0,2022-04-28
18-34,2776663,32.1,1551,1.7,24.3,2022-05-05
35-49,1993680,23.0,5749,6.4,19.3,2022-05-05
5-17,1348747,15.6,46,0.0,16.7,2022-05-05
50-59,1063001,12.3,10306,11.5,12.5,2022-05-05
60-64,400135,4.6,8538,9.5,5.9,2022-05-05
65-69,276610,3.2,9640,10.7,5.0,2022-05-05
70-74,190907,2.2,10420,11.6,4.1,2022-05-05
75-79,125508,1.5,10558,11.8,2.7,2022-05-05
80+,195926,2.3,33009,36.7,3.9,2022-05-05
<5,277448,3.2,24,0.0,5.8,2022-05-05
Total,8654420,100.0,89851,100.0,100.0,2022-05-05
missing,5795,0.1,10,0.0,0.0,2022-05-05
18-34,2793149,32.1,1560,1.7,24.3,2022-05-12
35-49,2006424,23.0,5778,6.4,19.3,2022-05-12
5-17,1355751,15.6,46,0.1,16.7,2022-05-12
50-59,1069516,12.3,10338,11.5,12.5,2022-05-12
60-64,402807,4.6,8566,9.5,5.9,2022-05-12
65-69,278597,3.2,9659,10.7,5.0,2022-05-12
70-74,192339,2.2,10456,11.6,4.1,2022-05-12
75-79,126506,1.5,10590,11.8,2.7,2022-05-12
80+,197255,2.3,33090,36.7,3.9,2022-05-12
<5,279195,3.2,24,0.0,5.8,2022-05-12
Total,8707327,100.0,90117,100.0,100.0,2022-05-12
missing,5788,0.1,10,0.0,0.0,2022-05-12
18-34,2819486,32.0,1564,1.7,24.3,2022-05-19
35-49,2028003,23.1,5800,6.4,19.3,2022-05-19
5-17,1368373,15.6,46,0.1,16.7,2022-05-19
50-59,1080999,12.3,10360,11.5,12.5,2022-05-19
60-64,407493,4.6,8589,9.5,5.9,2022-05-19
65-69,282159,3.2,9692,10.7,5.0,2022-05-19
70-74,194898,2.2,10479,11.6,4.1,2022-05-19
75-79,128274,1.5,10624,11.8,2.7,2022-05-19
80+,199755,2.3,33193,36.7,3.9,2022-05-19
<5,282630,3.2,25,0.0,5.8,2022-05-19
Total,8797890,100.0,90382,100.0,100.0,2022-05-19
missing,5820,0.1,10,0.0,0.0,2022-05-19
18-34,2848980,32.0,1566,1.7,24.3,2022-05-26
35-49,2051227,23.1,5813,6.4,19.3,2022-05-26
5-17,1381517,15.5,46,0.1,16.7,2022-05-26
50-59,1093723,12.3,10385,11.5,12.5,2022-05-26
60-64,412676,4.6,8607,9.5,5.9,2022-05-26
65-69,285864,3.2,9707,10.7,5.0,2022-05-26
70-74,197615,2.2,10513,11.6,4.1,2022-05-26
75-79,130159,1.5,10649,11.8,2.7,2022-05-26
80+,202459,2.3,33291,36.7,3.9,2022-05-26
<5,286094,3.2,25,0.0,5.8,2022-05-26
Total,8896174,100.0,90612,100.0,100.0,2022-05-26
missing,5860,0.1,10,0.0,0.0,2022-05-26
18-34,2877418,32.0,1569,1.7,24.3,2022-06-02
35-49,2072744,23.1,5824,6.4,19.3,2022-06-02
5-17,1393646,15.5,46,0.1,16.7,2022-06-02
50-59,1105756,12.3,10414,11.5,12.5,2022-06-02
60-64,417567,4.6,8619,9.5,5.9,2022-06-02
65-69,289492,3.2,9731,10.7,5.0,2022-06-02
70-74,200316,2.2,10533,11.6,4.1,2022-06-02
75-79,132009,1.5,10673,11.8,2.7,2022-06-02
80+,205040,2.3,33372,36.7,3.9,2022-06-02
<5,289409,3.2,25,0.0,5.8,2022-06-02
Total,8989279,100.0,90815,100.0,100.0,2022-06-02
missing,5882,0.1,9,0.0,0.0,2022-06-02
18-34,2912352,32.0,1574,1.7,24.3,2022-06-09
35-49,2101284,23.1,5836,6.4,19.3,2022-06-09
5-17,1408296,15.5,46,0.1,16.7,2022-06-09
50-59,1120952,12.3,10433,11.5,12.5,2022-06-09
60-64,423660,4.7,8631,9.5,5.9,2022-06-09
65-69,293894,3.2,9750,10.7,5.0,2022-06-09
70-74,203587,2.2,10557,11.6,4.1,2022-06-09
75-79,134218,1.5,10692,11.7,2.7,2022-06-09
80+,208220,2.3,33453,36.8,3.9,2022-06-09
<5,293607,3.2,25,0.0,5.8,2022-06-09
Total,9106031,100.0,91006,100.0,100.0,2022-06-09
missing,5961,0.1,9,0.0,0.0,2022-06-09
18-34,2940839,32.0,1574,1.7,24.3,2022-06-16
35-49,2124132,23.1,5850,6.4,19.3,2022-06-16
5-17,1418768,15.5,46,0.1,16.7,2022-06-16
50-59,1133493,12.3,10447,11.5,12.5,2022-06-16
60-64,428594,4.7,8648,9.5,5.9,2022-06-16
65-69,297503,3.2,9780,10.7,5.0,2022-06-16
70-74,206232,2.2,10578,11.6,4.1,2022-06-16
75-79,136082,1.5,10713,11.7,2.7,2022-06-16
80+,210897,2.3,33568,36.8,3.9,2022-06-16
<5,297407,3.2,25,0.0,5.8,2022-06-16
Total,9199942,100.0,91240,100.0,100.0,2022-06-16
missing,5995,0.1,9,0.0,0.0,2022-06-16
18-34,3270910,31.6,1617,1.7,24.3,2022-09-13
35-49,2401774,23.2,6015,6.3,19.3,2022-09-13
5-17,1526600,14.7,53,0.1,16.7,2022-09-13
50-59,1293188,12.5,10684,11.3,12.5,2022-09-13
60-64,495003,4.8,8842,9.3,5.9,2022-09-13
65-69,348783,3.4,10076,10.6,5.0,2022-09-13
70-74,245041,2.4,10911,11.5,4.1,2022-09-13
75-79,164274,1.6,11157,11.8,2.7,2022-09-13
80+,252806,2.4,35359,37.3,3.9,2022-09-13
<5,349940,3.4,26,0.0,5.8,2022-09-13
Total,10354899,100.0,94747,100.0,100.0,2022-09-13
missing,6580,0.1,7,0.0,0.0,2022-09-13
18-34,3278649,31.6,1621,1.7,24.3,2022-09-20
35-49,2408974,23.2,6028,6.3,19.3,2022-09-20
5-17,1528949,14.7,53,0.1,16.7,2022-09-20
50-59,1297590,12.5,10703,11.3,12.5,2022-09-20
60-64,496952,4.8,8855,9.3,5.9,2022-09-20
65-69,350499,3.4,10106,10.6,5.0,2022-09-20
70-74,246386,2.4,10935,11.5,4.1,2022-09-20
75-79,165300,1.6,11186,11.8,2.7,2022-09-20
80+,254402,2.4,35489,37.4,3.9,2022-09-20
<5,350914,3.4,26,0.0,5.8,2022-09-20
Total,10384673,100.0,95009,100.0,100.0,2022-09-20
missing,6058,0.1,7,0.0,0.0,2022-09-20
18-34,3285661,31.6,1623,1.7,24.3,2022-09-27
35-49,2414962,23.2,6040,6.3,19.3,2022-09-27
5-17,1530805,14.7,53,0.1,16.7,2022-09-27
50-59,1301718,12.5,10712,11.3,12.5,2022-09-27
60-64,498789,4.8,8867,9.3,5.9,2022-09-27
65-69,352077,3.4,10130,10.6,5.0,2022-09-27
70-74,247734,2.4,10954,11.5,4.1,2022-09-27
75-79,166302,1.6,11211,11.8,2.7,2022-09-27
80+,255891,2.5,35542,37.3,3.9,2022-09-27
<5,351873,3.4,26,0.0,5.8,2022-09-27
Total,10412352,100.0,95165,100.0,100.0,2022-09-27
missing,6540,0.1,7,0.0,0.0,2022-09-27
1834,3292135,31.5,1630,1.7,24.3,2022-10-04
3549,2420382,23.2,6056,6.3,19.3,2022-10-04
5059,1305570,12.5,10731,11.2,12.5,2022-10-04
517,1532288,14.7,53,0.1,16.7,2022-10-04
6064,500509,4.8,8882,9.3,5.9,2022-10-04
6569,353560,3.4,10147,10.6,5.0,2022-10-04
7074,248949,2.4,10982,11.5,4.1,2022-10-04
7579,167257,1.6,11241,11.8,2.7,2022-10-04
80+,257417,2.5,35659,37.4,3.9,2022-10-04
<5,352734,3.4,26,0.0,5.8,2022-10-04
Total,10437463,100.0,95414,100.0,100.0,2022-10-04
missing,6662,0.1,7,0.0,0.0,2022-10-04
1834,3312293,31.5,1636,1.7,24.3,2022-11-01
3549,2437807,23.2,6079,6.3,19.3,2022-11-01
5059,1317432,12.5,10785,11.2,12.5,2022-11-01
517,1537673,14.6,54,0.1,16.7,2022-11-01
6064,506533,4.8,8930,9.3,5.9,2022-11-01
6569,358611,3.4,10218,10.6,5.0,2022-11-01
7074,253099,2.4,11078,11.5,4.1,2022-11-01
7579,170630,1.6,11323,11.8,2.7,2022-11-01
80+,262707,2.5,36048,37.5,3.9,2022-11-01
<5,355687,3.4,27,0.0,5.8,2022-11-01
Total,10519175,100.0,96185,100.0,100.0,2022-11-01
missing,6703,0.1,7,0.0,0.0,2022-11-01
1834,3365397,31.4,1644,1.7,24.3,2022-12-06
3549,2483339,23.2,6105,6.3,19.3,2022-12-06
5059,1348168,12.6,10832,11.2,12.5,2022-12-06
517,1549770,14.4,58,0.1,16.7,2022-12-06
6064,520866,4.9,8994,9.3,5.9,2022-12-06
6569,370349,3.5,10297,10.6,5.0,2022-12-06
7074,262686,2.4,11162,11.5,4.1,2022-12-06
7579,178492,1.7,11401,11.8,2.7,2022-12-06
80+,276898,2.6,36464,37.6,3.9,2022-12-06
<5,363313,3.4,31,0.0,5.8,2022-12-06
Total,10726070,100.0,96995,100.0,100.0,2022-12-06
missing,6792,0.1,7,0.0,0.0,2022-12-06
1834,3416056,31.2,1655,1.7,24.3,2023-01-03
3549,2530259,23.1,6135,6.3,19.3,2023-01-03
5059,1379087,12.6,10892,11.1,12.5,2023-01-03
517,1562071,14.3,60,0.1,16.7,2023-01-03
6064,535232,4.9,9052,9.2,5.9,2023-01-03
6569,382227,3.5,10387,10.6,5.0,2023-01-03
7074,272514,2.5,11267,11.5,4.1,2023-01-03
7579,186517,1.7,11513,11.7,2.7,2023-01-03
80+,292252,2.7,37038,37.8,3.9,2023-01-03
<5,371691,3.4,32,0.0,5.8,2023-01-03
Total,10934798,100.0,98038,100.0,100.0,2023-01-03
missing,6892,0.1,7,0.0,0.0,2023-01-03
1834,3447389,31.2,1668,1.7,24.3,2023-02-07
3549,2557795,23.1,6193,6.2,19.3,2023-02-07
5059,1396969,12.6,10985,11.0,12.5,2023-02-07
517,1570648,14.2,61,0.1,16.7,2023-02-07
6064,543668,4.9,9134,9.2,5.9,2023-02-07
6569,389365,3.5,10518,10.6,5.0,2023-02-07
7074,278490,2.5,11442,11.5,4.1,2023-02-07
7579,191670,1.7,11716,11.8,2.7,2023-02-07
80+,301734,2.7,37936,38.1,3.9,2023-02-07
<5,377386,3.4,34,0.0,5.8,2023-02-07
Total,11061732,100.0,99694,100.0,100.0,2023-02-07
missing,6618,0.1,7,0.0,0.0,2023-02-07
1834,3467513,31.1,1675,1.7,24.3,2023-03-07
3549,2575501,23.1,6235,6.2,19.3,2023-03-07
5059,1408612,12.6,11040,11.0,12.5,2023-03-07
517,1576092,14.1,62,0.1,16.7,2023-03-07
6064,549317,4.9,9176,9.1,5.9,2023-03-07
6569,394494,3.5,10594,10.5,5.0,2023-03-07
7074,282840,2.5,11554,11.5,4.1,2023-03-07
7579,195441,1.8,11841,11.8,2.7,2023-03-07
80+,308767,2.8,38421,38.2,3.9,2023-03-07
<5,380979,3.4,35,0.0,5.8,2023-03-07
Total,11146227,100.0,100640,100.0,100.0,2023-03-07
missing,6671,0.1,7,0.0,0.0,2023-03-07
1834,3481895,31.1,1684,1.7,24.3,2023-04-04
3549,2588100,23.1,6248,6.2,19.3,2023-04-04
5059,1416858,12.6,11070,10.9,12.5,2023-04-04
517,1580130,14.1,62,0.1,16.7,2023-04-04
6064,553295,4.9,9220,9.1,5.9,2023-04-04
6569,398130,3.6,10661,10.5,5.0,2023-04-04
7074,285808,2.6,11623,11.5,4.1,2023-04-04
7579,198009,1.8,11926,11.8,2.7,2023-04-04
80+,313632,2.8,38773,38.3,3.9,2023-04-04
<5,383609,3.4,36,0.0,5.8,2023-04-04
Total,11206165,100.0,101310,100.0,100.0,2023-04-04
missing,6699,0.1,7,0.0,0.0,2023-04-04
1834,3492454,31.0,1696,1.7,24.3,2023-05-09
3549,2597669,23.1,6263,6.1,19.3,2023-05-09
5059,1422987,12.6,11107,10.9,12.5,2023-05-09
517,1582829,14.1,63,0.1,16.7,2023-05-09
6064,556419,4.9,9247,9.1,5.9,2023-05-09
6569,401016,3.6,10692,10.5,5.0,2023-05-09
7074,288509,2.6,11676,11.5,4.1,2023-05-09
7579,200442,1.8,11984,11.8,2.7,2023-05-09
80+,318343,2.8,39111,38.4,3.9,2023-05-09
<5,385725,3.4,41,0.0,5.8,2023-05-09
Total,11253052,100.0,101886,100.0,100.0,2023-05-09
missing,6659,0.1,6,0.0,0.0,2023-05-09
