Date,Location,ShortName,LongName,Census2019,Doses_Distributed,Doses_Administered,Dist_Per_100K,Admin_Per_100K,Administered_Moderna,Administered_Pfizer,Administered_Janssen,Dist_Bivalent_MOD,Dist_Bivalent_PFR,Administered_Unk_Manuf,Administered_Dose1_Recip,Administered_Dose1_Pop_Pct,Administered_Dose2_Pop_Pct,Administered_Dose1_Recip_18Plus,Administered_Dose1_Recip_18PlusPop_Pct,Administered_18Plus,Admin_Per_100k_18Plus,Distributed_Per_100k_18Plus,Administered_Dose1_Recip_65Plus,Administered_Dose1_Recip_65PlusPop_Pct,Administered_65Plus,Admin_Per_100k_65Plus,Distributed_Per_100k_65Plus,Administered_Dose2_Recip,Administered_Dose2_Recip_18Plus,Administered_Dose2_Recip_18PlusPop_Pct,Distributed_Moderna,Distributed_Pfizer,Distributed_Janssen,Distributed_Unk_Manuf,Series_Complete_Yes,Series_Complete_Pop_Pct,Series_Complete_18Plus,Series_Complete_18PlusPop_Pct,Series_Complete_65Plus,Series_Complete_65PlusPop_Pct,Administered_65Plus_Entity,Census2019_12PlusPop,Administered_12Plus,Admin_Per_100k_12Plus,Distributed_Per_100k_12Plus,Administered_Dose1_Recip_12Plus,Administered_Dose1_Recip_12PlusPop_Pct,Administered_Dose2_Recip_12Plus,Administered_Dose2_Recip_12PlusPop_Pct,Series_Complete_12Plus,Series_Complete_12PlusPop_Pct,Administered_12Plus_Entity,Administered_Bivalent,Admin_Bivalent_MOD,Admin_Bivalent_PFR,Administered_Dose1_Recip_5Plus,Administered_Dose1_Recip_5PlusPop_Pct,Series_Complete_5PlusPop_Pct,Series_Complete_5Plus,Administered_5Plus,Admin_Per_100k_5Plus,Distributed_Per_100k_5Plus,Administered_Dose1_<5,Administered_Novavax,Distributed_Novavax,Bivalent_Booster,Bivalent_Booster_5Plus,Bivalent_Booster_12Plus,Bivalent_Booster_18Plus,Bivalent_Booster_65Plus,Bivalent_Booster_Pop_Pct,Bivalent_Booster_5Plus_Pop_Pct,Bivalent_Booster_12Plus_Pop_Pct,Bivalent_Booster_18Plus_Pop_Pct,Bivalent_Booster_65Plus_Pop_Pct
2023-04-05,US,USA,United States,332008832,974987545,674375206,293663,203120,232039563,366699532,18996776,39508700.0,84851810.0,863724,270045602,81.3,66.4,238159084,92.2,605690676,234568,377587,58814096,95.0,183075232,334128,1779430,220511849,193876114,75.1,313353020,504445815,31552000,0,230418632,69.4,204194288,79.1,51690507,94.3,0,283520141,646186844,227916,343887,256410176,90.4,209474409,73.9,219817186,77.5,0,55590995.0,20071371.0,35533847.0,267887857,85.8,73.4,229249647,669997822,214561,312231,1956479.0,84626,1276200,55358486,55261916,53944885,52023617,23258790,16.7,17.7,19.0,20.1,42.4
2023-04-05,AK,AKA,Alaska,731545,2149575,1323092,293840,180863,469815,706104,46343,,,1547,535101,73.1,61.0,466883,84.6,1173193,212704,389725,90810,95.0,285841,312094,2347010,445994,386377,70.1,718220,1074905,86200,0,477124,65.2,418287,75.8,81902,89.4,271074,608877,1259260,206817,353039,504513,82.9,420464,69.1,452528,74.3,1166777,,,,529798,77.9,69.7,474289,1313371,193011,315898,,321,6100,101446,101442,98528,94094,38664,13.9,14.9,16.2,17.1,42.2
2023-04-05,AL,ALA,Alabama,4903185,12259995,7003312,250041,142832,2879706,3570639,179848,,,924,3190565,65.1,50.9,2932765,76.9,6513054,170728,321373,839567,95.0,2238740,263432,1442630,2496632,2299412,60.3,4797860,5835755,402500,0,2609715,53.2,2414867,63.3,724690,85.3,2168818,4186880,6846945,163533,292819,3105701,74.2,2436904,58.2,2552447,61.0,6629215,,,,3181137,69.0,56.5,2605884,6984794,151552,266011,,782,23600,367573,367561,365792,358465,197892,7.5,8.0,8.7,9.4,23.3
2023-04-05,AR,ARA,Arkansas,3017804,8319370,4861568,275676,161096,1928580,2467768,126380,,,4817,2112807,70.0,54.4,1889468,81.5,4424298,190896,358957,523821,95.0,1499888,286303,1588020,1642717,1468913,63.4,3075120,4011640,265400,0,1718612,56.9,1546452,66.7,440613,84.1,1436701,2557248,4706016,184027,325325,2029719,79.4,1582341,61.9,1660279,64.9,4568033,,,,2101896,74.3,60.6,1714049,4842339,171147,294039,,3711,28200,325707,325614,321252,313223,172823,10.8,11.5,12.6,13.5,33.0
2023-04-05,AS,ASA,American Samoa,47392,128480,115254,271101,243193,25359,87456,580,,,1280,46209,95.0,89.2,32786,95.0,85709,273525,410021,3313,95.0,9483,289292,3919460,42256,29720,94.8,25000,100770,600,0,42482,89.6,29946,95.0,2994,91.3,9406,36917,102438,277482,348024,39584,95.0,36158,95.0,36385,95.0,102304,,,,46188,95.0,95.0,42481,115231,267295,298028,,0,0,575,575,572,567,202,1.2,1.3,1.5,1.8,6.2
2023-04-05,AZ,AZA,Arizona,7278717,19738790,14584138,271185,200367,5187271,7811138,387833,,,58015,5689187,78.2,63.2,4946844,87.7,13017406,230867,350073,1347098,95.0,4436766,339038,1508350,4602830,4012178,71.2,6492320,10167520,621000,0,4815929,66.2,4235820,75.1,1187152,90.7,4198745,6206060,13963885,225004,318057,5381177,86.7,4367746,70.4,4591636,74.0,13145092,,,,5648564,82.5,70.1,4800763,14509547,211851,288203,,2255,21000,1110181,1110112,1083643,1041740,507735,15.3,16.2,17.5,18.5,38.8
2023-04-05,BP2,BP2,Bureau of Prisons,0,418890,347649,0,0,156444,166492,14831,,,38,155680,0.0,0.0,155678,0.0,347647,0,0,4224,0.0,11918,0,0,131584,131584,0.0,172520,198750,16200,0,141689,0.0,141688,0.0,3819,0.0,11918,0,347647,0,0,155678,0.0,131584,0.0,141688,0.0,347647,,,,155678,0.0,0.0,141688,347647,0,0,,0,0,9824,9824,9824,9824,681,0.0,0.0,0.0,0.0,0.0
2023-04-05,CA,CAA,California,39512223,119879880,88148491,303399,223092,29964369,47819267,2315759,,,13012,33565009,84.9,72.3,29058848,94.9,78000582,254757,391539,6050823,95.0,20147630,345105,2053400,28563582,24616422,80.4,37583980,63006940,3784800,0,29564122,74.8,25665792,83.8,5436793,93.1,19651194,33646265,83904011,249371,356295,31591412,93.9,26883599,79.9,27940176,83.0,82392577,,,,33225137,89.5,79.1,29352955,87451283,235537,322878,,10643,159200,7985596,7964242,7745324,7425834,2782019,20.2,21.5,23.0,24.3,47.7
2023-04-05,CO,COA,Colorado,5758736,17601975,12977718,305657,225357,4487517,6826156,347115,,,21030,4830735,83.9,70.8,4214897,93.7,11568653,257126,391223,901802,95.0,3149771,373899,2089470,4079599,3551365,78.9,5399740,9000595,501900,0,4242364,73.7,3725604,82.8,817285,95.0,3032540,4936061,12348064,250160,356600,4543993,92.1,3845122,77.9,4019600,81.4,11867521,,,,4770507,87.9,77.6,4210356,12848249,236767,324369,,2841,36100,1267368,1264745,1223719,1169375,458885,22.0,23.3,24.8,26.0,54.5
2023-04-05,CT,CTA,Connecticut,3565287,11831195,9012407,331844,252782,3075166,4785615,252769,,,1339,3665065,95.0,79.4,3220860,95.0,8058104,283951,416907,821789,95.0,2470144,391935,1877240,2832400,2464561,86.8,3949960,5873965,355800,0,2964515,83.1,2600554,91.6,653418,95.0,2306689,3105947,8629224,277829,380921,3477553,95.0,2678529,86.2,2814606,90.6,8161894,,,,3635550,95.0,87.1,2946522,8952545,264588,349665,,727,9400,893659,892554,874466,843092,375842,25.1,26.4,28.2,29.7,59.6
2023-04-05,DC,DCA,District of Columbia,705749,2727765,2119505,386506,300320,683106,1155689,44207,,,5680,833850,95.0,87.9,733148,95.0,1913717,331333,472274,115307,95.0,395821,453180,3123050,620560,544147,94.2,796080,1420145,73200,0,641799,90.9,568188,95.0,95579,95.0,358200,609754,2007089,329164,447355,775638,95.0,576585,94.6,600652,95.0,1870869,,,,817778,95.0,95.0,632575,2089749,316446,413059,,231,3200,222260,221961,214356,206881,49078,31.5,33.6,35.2,35.8,56.2
2023-04-05,DD2,DD2,Dept of Defense,0,7750630,9403609,0,0,2989308,5835026,331742,,,53064,4674846,0.0,0.0,4288038,0.0,8665378,0,0,482924,0.0,892936,0,0,3491918,3202174,0.0,2346340,4626010,210800,0,3730848,0.0,3444732,0.0,256436,0.0,892936,0,9185248,0,0,4552599,0.0,3409941,0.0,3652789,0.0,9185248,,,,4660228,0.0,0.0,3725524,9377126,0,0,,3938,37800,188924,188828,184191,176469,34940,0.0,0.0,0.0,0.0,0.0
2023-04-05,DE,DEA,Delaware,973764,3312675,2164502,340193,222282,747494,1140131,63620,,,2619,860874,88.4,70.2,769483,95.0,1961025,254615,430110,225013,95.0,706828,374169,1753610,683705,607575,78.9,1070900,1647795,102600,0,715192,73.4,640672,83.2,193478,95.0,679802,839807,2084420,248202,394457,822290,95.0,652652,77.7,685787,81.7,2025607,,,,855246,93.1,77.5,712597,2152573,234218,360448,,191,4800,203424,203332,199864,193696,100539,20.9,22.1,23.8,25.1,53.2
2023-04-05,FL,FLA,Florida,21477737,60987905,42127275,283959,196144,14687112,23384778,1509853,,,187262,17775765,82.8,65.1,16245955,94.2,39056075,226441,353598,4940577,95.0,14499397,322400,1356090,13977026,12735362,73.8,20026920,31952485,2478100,0,14949610,69.6,13714827,79.5,4241121,94.3,14036800,18696028,41119114,219935,326208,17254227,92.3,13571387,72.6,14551760,77.8,40026639,,,,17724417,87.1,73.4,14925283,42033793,206676,299872,,4136,61300,2446986,2445916,2421006,2375904,1363622,11.4,12.0,12.9,13.8,30.3
2023-04-05,FM,FMA,Federated States of Micronesia,102320,292640,208521,286005,203793,106404,71738,13880,,,171,86026,84.1,68.6,56081,84.0,142885,214143,438583,4247,88.3,11710,243350,6081460,70217,46159,69.2,128440,115460,12800,0,73517,71.9,50546,75.8,3944,82.0,11710,79142,169098,213664,369766,67342,85.1,55665,70.3,60074,75.9,169098,,,,81526,87.8,77.6,72045,201168,216727,315273,,0,0,16237,16232,14213,11760,1124,15.9,17.5,18.0,17.6,23.4
2023-04-05,GA,GAA,Georgia,10617423,28498275,17071819,268410,160791,6167149,9403504,349014,,,56679,7278516,68.6,55.4,6500797,80.1,15497111,191003,351243,1492991,95.0,4388747,289313,1878650,5886126,5269612,64.9,9760900,14752955,869100,0,6096213,57.4,5489468,67.7,1315020,86.7,4284438,8988102,16498220,183556,317067,6991338,77.8,5668653,63.1,5888783,65.5,16016960,,,,7240246,72.7,61.0,6078857,16994820,170616,286103,,2354,39900,1099953,1098726,1076693,1041290,463770,10.4,11.0,12.0,12.8,30.6
2023-04-05,GU,GUA,Guam,168489,386180,398814,229202,236700,119840,246474,13915,,,890,159577,94.7,81.4,132414,95.0,341458,298102,337146,18310,95.0,59022,367486,2404460,137117,114104,95.0,99980,232940,25100,0,144792,85.9,121904,95.0,17110,95.0,56308,131316,378239,288037,294084,148884,95.0,128794,95.0,136599,95.0,348552,,,,159034,95.0,94.7,144589,397837,260431,252800,,22,900,17532,17527,17037,16090,4384,10.4,11.5,13.0,14.0,27.3
2023-04-05,HI,HIA,Hawaii,1415872,4610280,3509887,325614,247896,1170326,1952701,71625,,,1273,1296377,91.6,79.2,1129068,95.0,3134709,280887,413106,281050,95.0,988352,368173,1717380,1121879,974071,87.3,1504020,2366380,124900,0,1155757,81.6,1009725,90.5,257788,95.0,953797,1211109,3347708,276417,380666,1220019,95.0,1056264,87.2,1092102,90.2,3090398,,,,1284406,95.0,86.4,1149301,3486820,262038,346467,,360,4400,315288,315032,307676,297053,139522,22.3,23.7,25.4,26.6,52.0
2023-04-05,IA,IAA,Iowa,3155070,9296775,6112609,294661,193739,2170437,3130700,181011,,,2637,2233336,70.8,61.5,1984043,81.7,5547222,228447,382862,564134,95.0,2001984,362053,1681290,1939499,1718018,70.8,3075420,4553375,293100,0,2034575,64.5,1817130,74.8,532533,95.0,1949530,2676281,5874845,219515,347377,2125354,79.4,1845406,69.0,1944601,72.7,5776479,,,,2213825,74.8,68.4,2023356,6070510,205124,314140,,730,19800,622903,622307,609747,589548,304090,19.7,21.0,22.8,24.3,55.0
2023-04-05,ID,IDA,Idaho,1787065,4707210,2882602,263405,161304,993252,1548621,90722,,,5766,1144656,64.1,53.5,1027005,76.7,2634736,196789,351582,287375,95.0,915077,314816,1619430,955266,851185,63.6,1604280,2340630,160200,0,1011066,56.6,908744,67.9,263058,90.5,877172,1495407,2790518,186606,314778,1099569,73.5,916473,61.3,974050,65.1,2545203,,,,1138187,68.1,60.3,1007802,2869544,171740,281723,,550,16400,243571,243460,239030,231439,119957,13.6,14.6,16.0,17.3,41.3
2023-04-05,IH2,IH2,Indian Health Svc,2082813,4080085,2562152,195893,123014,1098461,1249422,42015,,,1168,1165037,55.9,42.8,999244,0.0,2222902,0,0,187115,0.0,478388,0,0,891300,762216,0.0,1528980,1943715,111800,0,919463,44.1,792740,0.0,148606,0.0,478388,0,2433126,0,0,1098894,0.0,842314,0.0,872873,0.0,2433126,,,,1156200,0.0,0.0,916645,2546234,0,0,,63,8300,170033,169895,162975,150628,46184,8.2,0.0,0.0,0.0,0.0
2023-04-05,IL,ILA,Illinois,12671821,37971235,26758958,299651,211169,8556480,14932557,689346,,,38639,10025825,79.1,68.8,8689336,88.2,23741770,240937,385340,2008446,95.0,6905953,337992,1858390,8724213,7529177,76.4,11166440,19820715,1185600,0,9046483,71.4,7870123,79.9,1864005,91.2,6736711,10837805,25424678,234593,350359,9410690,86.8,8185557,75.5,8529005,78.7,24962700,,,,9919719,83.2,75.3,8982193,26542046,222577,318420,,2596,30400,2539483,2532607,2463671,2369855,1007215,20.0,21.2,22.7,24.0,49.3
2023-04-05,IN,INA,Indiana,6732219,18781590,11165614,278981,165853,3751504,6316868,317993,,,41663,4345150,64.5,55.2,3875621,75.0,10164783,196830,363685,1046007,95.0,3421810,315158,1729840,3717971,3326951,64.4,5569600,10026220,634000,0,3892975,57.8,3509029,67.9,975500,89.8,3347141,5705039,10773098,188835,329211,4148863,72.7,3567027,62.5,3749324,65.7,10610749,,,,4316831,68.4,61.5,3883152,11116319,176062,297465,,628,11100,733093,733073,719063,696491,354407,10.9,11.6,12.6,13.5,32.6
2023-04-05,KS,KSA,Kansas,2913314,8273245,5370693,283981,184350,1862764,2901518,139504,,,10434,2226567,76.4,62.8,1957270,88.4,4800250,216905,373837,513078,95.0,1584314,333198,1739950,1829210,1604774,72.5,2756640,4155315,262700,0,1907406,65.5,1687119,76.2,462302,95.0,1530063,2451697,5132780,209356,337450,2110660,86.1,1736306,70.8,1818757,74.2,4948257,,,,2206423,80.9,69.5,1896525,5327979,195308,303273,,769,21900,453906,453504,442954,426441,209996,15.6,16.6,18.1,19.3,44.2
2023-04-05,KY,KYA,Kentucky,4467673,12094825,7490523,270719,167661,2834475,3856820,241637,,,2788,3081896,69.0,56.7,2783050,80.3,6871034,198310,349077,750362,95.0,2260116,301122,1611430,2531803,2280249,65.8,4309100,5893915,395600,0,2666603,59.7,2418868,69.8,671456,89.5,2205254,3806167,7254656,190603,317769,2964221,77.9,2436633,64.0,2575376,67.7,7117582,,,,3065762,73.1,63.4,2658660,7457476,177768,288311,,451,13200,551390,551031,543227,529409,271138,12.3,13.1,14.3,15.3,36.1
2023-04-05,LA,LAA,Louisiana,4648794,10225950,6946657,219970,149429,2685309,3703477,202147,,,3931,2922051,62.9,52.4,2654471,74.5,6430483,180573,287152,687100,92.7,2083944,281226,1379980,2435411,2222198,62.4,3807980,5162110,330500,0,2560041,55.1,2348995,66.0,647153,87.3,1999637,3923318,6782582,172879,260645,2832087,72.2,2369201,60.4,2496168,63.6,6565496,,,,2913969,67.0,58.8,2556490,6930847,159428,235224,,695,9600,349230,349228,346148,340244,180074,7.5,8.0,8.8,9.6,24.3
2023-04-05,MA,MAA,Massachusetts,6892503,23523260,18107964,341288,262720,6252104,9306384,409212,,,462,7383517,95.0,81.6,6456956,95.0,16065240,290002,424630,1547216,95.0,4542573,388476,2011680,5625435,4879494,88.1,7509580,11647900,634100,0,5819264,84.4,5083430,91.8,1227446,95.0,4364430,6016745,17164000,285271,390963,6939754,95.0,5271474,87.6,5476665,91.0,16757367,,,,7297711,95.0,88.2,5766128,17932761,274405,359950,,1336,14400,2110230,2102523,2033100,1936622,752226,30.6,32.2,33.8,35.0,64.3
2023-04-05,MD,MDA,Maryland,6045680,22138620,14662203,366189,242524,4779569,8022530,371019,,,25765,5558628,91.9,77.5,4789681,95.0,12904861,273931,469935,1056322,95.0,3607183,375985,2307560,4682925,4013338,85.2,6423480,11809770,616400,0,4829505,79.9,4170998,88.5,953357,95.0,3532144,5162887,13886412,268966,428803,5204588,95.0,4379004,84.8,4536820,87.9,13527591,,,,5494034,95.0,84.3,4789408,14521716,255496,389508,,3284,36000,1446159,1441721,1398638,1336690,528077,23.9,25.4,27.1,28.4,55.0
2023-04-05,ME,MEA,Maine,1344212,4920820,3524017,366075,262162,1271459,1681865,145372,,,5744,1313577,95.0,78.1,1178959,95.0,3205338,292626,449238,366087,95.0,1193393,418345,1725000,1050217,930397,84.9,1594720,2354030,159400,0,1122632,83.5,1005241,91.8,303332,95.0,1093237,1184936,3381151,285345,415282,1250348,95.0,994674,83.9,1069559,90.3,3120701,,,,1300992,95.0,87.1,1115048,3495921,272975,384236,,401,7000,411029,410620,401275,388164,198233,30.6,32.1,33.9,35.4,69.5
2023-04-05,MH,MHA,Marshall Islands,77741,160740,97120,206763,124928,65818,24393,3098,,,5,43896,56.5,43.5,29166,61.4,71269,149948,338194,1613,43.2,4561,122213,4307070,33824,24318,51.2,74500,53540,12800,0,35219,45.3,25790,54.3,1449,38.8,4561,57369,83113,144874,280186,35178,61.3,28784,50.2,30264,52.8,83113,,,,41657,60.2,49.9,34499,94028,135883,232290,,0,1100,3415,3381,3199,2821,234,4.4,4.9,5.6,5.9,6.3
2023-04-05,MI,MIA,Michigan,9986857,29298530,18701700,293371,187263,6664015,9819062,473241,,,5560,6971910,69.8,60.4,6241971,79.6,17038972,217253,373566,1755071,95.0,5801395,328616,1659600,6027908,5378925,68.6,9922820,14412300,967800,0,6248424,62.6,5611606,71.5,1614042,91.4,5653572,8595002,17996685,209385,340879,6649081,77.4,5747209,66.9,5980129,69.6,17685477,,,,6914933,73.4,66.0,6216445,18579208,197223,311011,,1829,30400,1765737,1763525,1725710,1672152,814345,17.7,18.7,20.1,21.3,46.1
2023-04-05,MN,MNA,Minnesota,5639632,18292600,12772486,324358,226477,4063704,6840029,361579,,,8238,4455545,79.0,70.0,3836283,88.5,11302615,260641,421831,974766,95.0,3619494,393260,1987500,3950526,3390912,78.2,5375820,9443380,511500,0,4077187,72.3,3530607,81.4,918801,95.0,3489786,4778088,12066556,252539,382844,4139231,86.6,3675722,76.9,3815960,79.9,11793910,,,,4385971,82.9,76.3,4036120,12625130,238750,345926,,1205,18400,1485973,1483368,1435977,1374105,592707,26.3,28.1,30.1,31.7,64.4
2023-04-05,MO,MOA,Missouri,6137428,15543055,10478204,253250,170726,3451897,5867660,254244,,,2730,4264318,69.5,56.8,3823916,80.2,9553909,200424,326066,1057202,95.0,3258748,306839,1463510,3485950,3121995,65.5,5150260,7955785,441000,0,3630762,59.2,3273606,68.7,942412,88.7,3122096,5235715,10100075,192907,296866,4078534,77.9,3338877,63.8,3490692,66.7,9779076,,,,4231893,73.4,62.6,3612506,10407948,180401,269407,,1036,20200,892539,891441,873701,848766,427396,14.5,15.5,16.7,17.8,40.2
2023-04-05,MP,MPA,Northern Mariana Islands,51851,150530,118132,290313,227830,15547,96590,1399,,,9,46775,90.2,83.8,36193,95.0,95040,263451,417270,3299,87.9,10053,267794,4009860,43447,33749,93.6,28020,108950,3700,0,43997,84.9,34473,95.0,3157,84.1,10053,42290,107897,255136,355947,41651,95.0,38943,92.1,39667,93.8,107897,,,,46332,95.0,91.2,43891,117331,243921,312939,,1,200,4553,4546,4294,3896,784,8.8,9.5,10.2,10.8,20.9
2023-04-05,MS,MSA,Mississippi,2976149,7205565,4298876,242110,144444,1647835,2352579,95753,,,4715,1837361,61.7,51.8,1668992,73.3,3971652,174381,316371,456806,93.9,1332883,273865,1480520,1540247,1401736,61.5,2606680,3687915,235400,0,1599229,53.7,1461940,64.2,419653,86.2,1289147,2521425,4199919,166569,285774,1785140,70.8,1498795,59.4,1559062,61.8,4055036,,,,1833391,65.7,57.2,1597885,4292049,153690,258017,,309,7900,195905,195905,194419,190905,108524,6.6,7.0,7.7,8.4,22.3
2023-04-05,MT,MTA,Montana,1068778,2692525,1864045,251926,174409,712196,918592,62615,,,2631,730612,68.4,55.9,657268,78.2,1710732,203613,320466,205016,95.0,647229,313524,1304280,597786,537541,64.0,951800,1264255,106500,0,632994,59.2,573880,68.3,184500,89.4,607463,917598,1801519,196330,293432,698843,76.2,573339,62.5,609736,66.4,1676573,,,,725436,72.0,62.6,630977,1854870,184084,267216,,246,7000,167513,167512,164383,159785,84723,15.7,16.6,17.9,19.0,41.0
2023-04-05,NC,NCA,North Carolina,10488084,30001660,19473851,286055,185676,6651415,10694291,524176,,,1546,9702087,92.5,63.9,8715865,95.0,17598254,214944,366438,2478912,95.0,5616559,320746,1713310,6696704,5982276,73.1,9751380,15349780,959600,0,7056562,67.3,6354941,77.6,1836283,95.0,3745921,8985519,18696881,208078,333889,9291822,95.0,6403723,71.3,6777885,75.4,10865160,,,,9639660,95.0,71.1,7025983,19349846,195882,303712,,1731,44400,1565235,1562813,1528244,1475746,696499,14.9,15.8,17.0,18.0,39.8
2023-04-05,ND,NDA,North Dakota,762062,1889190,1310830,247905,172011,430084,713492,40025,,,344,529969,69.5,55.9,473227,81.3,1182982,203300,324664,127516,95.0,386136,322196,1576360,426355,380298,65.4,600820,987160,53600,0,448187,58.8,403694,69.4,109943,91.7,357186,637246,1251109,196331,296462,503112,79.0,405545,63.6,429087,67.3,1161219,,,,524432,74.1,63.0,446078,1299228,183517,266849,,208,2600,118637,118623,115480,111237,56480,15.6,16.8,18.1,19.1,47.1
2023-04-05,NE,NEA,Nebraska,1934408,5430330,3808672,280723,196891,1239649,2122257,96398,,,10450,1423760,73.6,64.1,1242705,85.2,3401157,233222,372365,318460,95.0,1112148,355935,1737940,1239093,1079721,74.0,1646580,2899400,152400,0,1285066,66.4,1127318,77.3,297624,95.0,1054514,1617408,3635580,224778,335743,1343428,83.1,1170766,72.4,1218420,75.3,3499768,,,,1410264,78.2,70.8,1276589,3781412,209667,301095,,434,6900,335061,334179,326225,313703,148848,17.3,18.5,20.2,21.5,47.6
2023-04-05,NH,NHA,New Hampshire,1359711,5061420,2972205,372242,218591,1005544,1544458,90645,,,518,1202345,88.4,68.9,1081995,95.0,2711917,245543,458272,304317,95.0,908685,357942,1993750,936926,844373,76.5,1454440,2619480,189000,0,981232,72.2,890239,80.6,257019,95.0,880504,1198569,2873395,239735,422289,1151364,95.0,899443,75.0,945336,78.9,2820663,,,,1193634,92.1,75.3,976538,2955156,228005,390515,,319,4600,317439,317007,310994,300789,144794,23.3,24.5,25.9,27.2,57.0
2023-04-05,NJ,NJA,New Jersey,8882190,29340000,19781190,330324,222706,6897854,10825911,585744,,,611,8422596,94.8,75.9,7422240,95.0,17681131,254639,422547,1685688,95.0,4862008,329508,1988430,6741506,5886025,84.8,9139040,15464210,1015900,0,7038946,79.2,6192269,89.2,1438391,95.0,4817370,7618375,18951135,248756,385121,8005234,95.0,6391618,83.9,6698140,87.9,18823373,,,,8367435,95.0,83.7,7004733,19673172,235114,350642,,1906,41100,1489526,1487517,1456236,1407051,593041,16.8,17.8,19.1,20.3,40.2
2023-04-05,NM,NMA,New Mexico,2096829,6119335,4730715,291838,225613,1721643,2406774,121488,,,17022,1985846,94.7,72.5,1731333,95.0,4225790,260692,377506,465706,95.0,1357552,359515,1620560,1519258,1319164,81.4,2020000,2998085,190600,0,1580315,75.4,1383587,85.4,380902,95.0,1227364,1787431,4524714,253141,342354,1876025,95.0,1437531,80.4,1502073,84.0,4014215,,,,1969979,95.0,79.6,1573435,4701963,237973,309708,,2868,7700,458595,458237,447301,429377,196323,21.9,23.2,25.0,26.5,52.0
2023-04-05,NV,NVA,Nevada,3080156,7661560,5570934,248739,180865,1769259,3213259,189056,,,710,2395839,77.8,59.9,2155322,90.3,5089779,213183,320901,517789,95.0,1496682,301767,1544760,1844669,1654674,69.3,2313300,4205490,260400,0,1964520,63.8,1776289,74.4,442290,89.2,1410638,2621802,5408757,206299,292225,2313196,88.2,1779757,67.9,1901415,72.5,5200900,,,,2388116,82.5,67.7,1960691,5555513,191928,264686,,550,7400,390281,390183,384121,374073,179108,12.7,13.5,14.7,15.7,36.1
2023-04-05,NY,NYA,New York State,19453561,60826765,45043908,312677,231546,15017529,25102338,1460445,,,46628,18406996,94.6,77.0,16361984,95.0,40638877,263457,394332,3627313,95.0,10957102,332422,1845390,14983483,13215509,85.7,18759880,32612135,1962500,0,15747311,80.9,14003256,90.8,3193425,95.0,6726616,16773220,43238495,257783,362642,17533270,95.0,14241163,84.9,15029768,89.6,23920649,,,,18278664,95.0,85.5,15672886,44779537,244342,331905,,4034,37900,3370614,3366916,3296364,3194529,1371886,17.3,18.4,19.7,20.7,41.6
2023-04-05,OH,OHA,Ohio,11689100,31402655,21031038,268649,179920,7243695,11241558,638507,,,24675,7698538,65.9,58.0,6883810,75.6,19174305,210450,344664,1938192,94.7,6639994,324485,1534590,6774445,6043383,66.3,10080340,16325815,1013900,0,7080100,60.6,6362578,69.8,1833328,89.6,6434219,10000702,20244017,202426,314005,7339165,73.4,6461986,64.6,6781389,67.8,19847846,,,,7631865,69.4,64.0,7040740,20884697,189891,285524,,2156,28800,1859968,1858292,1816871,1759835,877675,15.9,16.9,18.2,19.3,42.9
2023-04-05,OK,OKA,Oklahoma,3956971,9618520,6755430,243078,170722,2522198,3589368,157950,,,13106,2958548,74.8,57.9,2676180,89.1,6191264,206050,320112,714635,95.0,1985780,312656,1514410,2292936,2064688,68.7,3590080,4598300,342300,0,2397163,60.6,2171100,72.3,593757,93.5,1689911,3325223,6566997,197490,289259,2861278,86.0,2217256,66.7,2323744,69.9,5341130,,,,2947519,79.6,64.6,2392045,6735033,181957,259859,,935,29200,469299,468983,462365,450252,235678,11.9,12.7,13.9,15.0,37.1
2023-04-05,OR,ORA,Oregon,4217737,14020765,9348880,332424,221656,3128097,4978232,279556,,,24562,3453367,81.9,69.3,3047014,90.9,8411496,251001,418384,785076,95.0,2671440,348716,1830200,2924519,2579752,77.0,4484060,7032205,466700,0,3061224,72.6,2723515,81.3,722930,94.4,2589095,3647769,8938733,245047,384365,3263607,89.5,2774479,76.1,2919064,80.0,8769143,,,,3416489,85.6,76.3,3045540,9279838,232582,351404,,1356,23700,928959,926111,896730,858658,365316,22.0,23.2,24.6,25.6,47.7
2023-04-05,PA,PAA,Pennsylvania,12801989,42361860,27472230,330901,214593,9676882,14542137,802332,,,1971,11639765,90.9,69.9,10406206,95.0,24830256,244215,416645,2913419,95.0,8453010,353186,1769970,8944985,7941816,78.1,13917940,21112450,1569500,0,9423185,73.6,8432406,82.9,2440891,95.0,7345408,11081530,26309254,237415,382274,11086934,95.0,8495803,76.7,8986845,81.1,22237584,,,,11537594,95.0,77.3,9354806,27255000,225172,349980,,2289,74600,2434170,2427427,2374795,2297060,1127044,19.0,20.1,21.4,22.6,47.1
2023-04-05,PR,PRA,Puerto Rico,3193694,8812500,7834186,275934,245302,2837295,4515357,151660,,,278,2904376,90.9,82.7,2498281,95.0,6900756,263291,336231,651702,95.0,2047007,301183,1296610,2641330,2272014,86.7,2842920,5012110,216600,0,2687147,84.1,2319804,88.5,608724,89.6,1987278,2848293,7474983,262437,309396,2719123,95.0,2479640,87.1,2527520,88.7,7353029,,,,2897882,94.2,87.3,2684915,7822845,254301,286472,,99,2000,328381,328359,325299,319076,162080,10.3,10.7,11.4,12.2,23.8
2023-04-05,PW,PWA,Republic of Palau,21532,52580,51961,244195,241320,37949,9395,2365,,,249,20800,95.0,82.5,17736,95.0,45206,272604,317072,1885,94.6,5682,285241,2639560,17771,15145,91.3,30900,14390,3800,0,18554,86.2,15954,95.0,1818,91.3,5682,18645,49006,262837,282006,19279,95.0,16610,89.1,17419,93.4,49006,,,,20731,95.0,91.0,18534,51832,254415,258087,,0,0,2012,2012,1946,1831,314,9.3,9.9,10.4,11.0,15.8
2023-04-05,RI,RIA,Rhode Island,1059361,3492645,2661588,329694,251245,916485,1416036,67188,,,2991,1125400,95.0,85.4,992271,95.0,2401280,280895,408561,235047,95.0,729166,389832,1867270,904485,790309,92.4,1153160,1754645,90500,0,931461,87.9,818505,95.0,200584,95.0,705507,927491,2553126,275272,376569,1064205,95.0,852660,91.9,880880,95.0,2482088,,,,1116661,95.0,92.2,925964,2643545,263081,347582,,479,4400,269001,268621,262836,253961,110064,25.4,26.7,28.3,29.7,58.8
2023-04-05,SC,SCA,South Carolina,5148714,14098585,8644460,273827,167896,3123990,4674915,233984,,,3321,3662879,71.1,57.4,3316985,82.2,7956942,197074,349188,994458,95.0,2862386,305477,1504620,2956952,2673303,66.2,5124740,6861745,466700,0,3089084,60.0,2809174,69.6,860060,91.8,2771095,4419974,8389784,189815,318974,3530349,79.9,2852615,64.5,2989080,67.6,8001236,,,,3643552,75.0,63.4,3079382,8607293,177242,290318,,749,47200,593065,592663,584319,570546,322230,11.5,12.2,13.2,14.1,34.4
2023-04-05,SD,SDA,South Dakota,884659,2686455,1685474,303671,190522,590289,900334,42522,,,239,744559,84.2,63.6,657926,95.0,1511867,226477,402430,196706,95.0,528188,347787,1768910,562599,496318,74.3,882300,1321485,94000,0,587765,66.4,523646,78.4,159472,95.0,448427,738101,1610812,218237,363968,706408,95.0,533729,72.3,561081,76.0,1319356,,,,738484,89.7,71.2,586217,1674569,203350,326227,,96,4800,153400,153331,149755,144545,74241,17.3,18.6,20.3,21.7,48.9
2023-04-05,TN,TNA,Tennessee,6829174,17036360,11277082,249464,165131,4041365,6183691,271030,,,78431,4406493,64.5,54.2,4013500,75.5,10455762,196569,320285,1081163,94.6,3514620,307385,1489980,3701127,3372412,63.4,5669740,8739000,533400,0,3847286,56.3,3524214,66.3,991656,86.7,3418965,5835568,10978675,188134,291940,4258741,73.0,3581373,61.4,3733332,64.0,10704718,,,,4384675,68.3,59.8,3838159,11236076,175001,265340,,1801,18500,692206,692197,682887,665938,344811,10.1,10.8,11.7,12.5,30.2
2023-04-05,TX,TXA,Texas,28995881,80031075,52275393,276008,180286,17667165,29762550,1548678,,,58498,22237392,76.7,60.5,18956317,87.8,45692904,211580,370582,3753167,95.0,11381079,304777,2143180,17530767,15084876,69.9,25457720,43500605,2668000,0,18381930,63.4,15991459,74.0,3326753,89.1,0,24101113,49689481,206171,332064,20896330,86.7,16605267,68.9,17513012,72.7,0,,,,22082000,81.8,67.9,18341633,51981173,192487,296357,,6268,110100,3139140,3135359,3059955,2946634,1227397,10.8,11.6,12.7,13.6,32.9
2023-04-05,UT,UTA,Utah,3205958,8360930,6142004,260793,191581,1947431,3519615,188624,,,2577,2418947,75.5,64.0,2025749,89.1,5278225,232033,367550,388227,95.0,1291376,352958,2285210,2051079,1717478,75.5,2420060,4644370,257900,0,2144033,66.9,1817584,79.9,354244,95.0,1260981,2592257,5787933,223278,322535,2249455,86.8,1916756,73.9,2016974,77.8,5690762,,,,2391571,80.8,72.1,2133016,6087192,205777,282640,,1060,9000,468776,468316,452078,427402,167805,14.6,15.8,17.4,18.8,45.9
2023-04-05,VA,VAA,Virginia,8535519,26559265,19529843,311162,228807,6270577,10921466,509919,,,16286,7783201,91.2,73.9,6771227,95.0,17284989,258964,397911,1562743,95.0,4920972,362127,1954460,6304940,5439056,81.5,8056080,14028475,803300,0,6548558,76.7,5696744,85.3,1328081,95.0,4665451,7306973,18529615,253588,363478,7318872,95.0,5917916,81.0,6177093,84.5,17413045,,,,7703176,95.0,81.0,6501310,19360474,241101,330749,,2399,32600,1781415,1778553,1728641,1658536,692353,20.9,22.1,23.7,24.8,50.9
2023-04-05,VA2,VA2,Veterans Health,0,9829940,8671883,0,0,4037415,3513752,257902,,,38,3724071,0.0,0.0,3721996,0.0,8668233,0,0,1809092,0.0,4753934,0,0,2890081,2888617,0.0,4250780,3780420,626900,0,3057815,0.0,3056315,0.0,1571888,0.0,4753934,0,8671670,0,0,3723940,0.0,2890009,0.0,3057736,0.0,8671670,,,,3723957,0.0,0.0,3057742,8671693,0,0,,562,11800,861030,861030,861030,861000,558896,0.0,0.0,0.0,0.0,0.0
2023-04-05,VI,VIA,Virgin Islands,106290,172640,154992,162424,145820,45730,103008,2353,,,0,75174,70.7,53.8,69761,85.6,144888,177761,211810,21509,95.0,46009,224675,843051,57201,52924,64.9,44240,115760,3400,0,58993,55.5,54732,67.2,16306,79.6,45335,89425,152178,170174,193056,73549,82.2,56012,62.6,57823,64.7,150740,,,,75068,75.4,59.2,58961,154836,155420,173292,,9,300,3950,3950,3938,3900,2236,3.7,4.0,4.4,4.8,10.9
2023-04-05,VT,VTA,Vermont,623989,2556470,1753387,409698,280996,601406,885321,54463,,,934,623025,95.0,82.7,543483,95.0,1556107,305129,501284,151611,95.0,538806,430910,2044540,515732,445462,87.3,830820,1242290,74200,0,536270,85.9,467276,91.6,133764,95.0,521399,550950,1657471,300839,464011,581965,95.0,479835,87.1,501697,91.1,1619500,,,,613769,95.0,89.1,530327,1732630,291225,429698,,175,2900,209080,208426,201672,192562,84009,33.5,35.0,36.6,37.8,67.2
2023-04-05,WA,WAA,Washington,7614893,25270955,17627466,331862,231487,5859270,9298057,495247,,,20618,6507141,85.5,73.0,5688328,95.0,15686939,263565,424591,1297313,95.0,4512094,372986,2088990,5555937,4828451,81.1,7780600,12785335,777800,0,5805553,76.2,5090392,85.5,1187237,95.0,4376636,6500925,16728900,257331,388729,6115767,94.1,5217571,80.3,5479776,84.3,16257678,,,,6420796,89.7,80.3,5749829,17440863,243641,353024,,3710,37200,1937253,1928482,1861476,1784742,696867,25.4,26.9,28.6,30.0,57.6
2023-04-05,WI,WIA,Wisconsin,5822434,16296435,12399003,279890,212952,4214729,6525302,338879,,,5032,4382474,75.3,65.8,3878065,85.1,11226206,246414,357705,1080641,95.0,3927719,386114,1602020,3833071,3383835,74.3,5141500,8163505,457200,0,3977707,68.3,3536780,77.6,1008374,95.0,3752168,4999792,11889865,237807,325942,4153632,83.1,3633793,72.7,3786883,75.7,11438975,,,,4337806,79.0,72.0,3951951,12304813,224052,296734,,1481,21200,1305213,1302704,1271556,1226291,587962,22.4,23.7,25.4,26.9,57.8
2023-04-05,WV,WVA,West Virginia,1792147,5471915,3093269,305327,172601,1243900,1570849,68639,,,2348,1211304,67.6,57.4,1113532,77.7,2891804,201860,381962,353832,95.0,1082523,294957,1490940,1028759,945948,66.0,1962260,2692125,172600,0,1070977,59.8,988684,69.0,321811,87.7,1012462,1557837,3027771,194357,351251,1177072,75.6,1001769,64.3,1044558,67.1,2883236,,,,1207335,71.1,62.9,1068737,3085898,181617,322044,,270,10000,206606,206602,204736,201066,113613,11.5,12.2,13.1,14.0,31.0
2023-04-05,WY,WYA,Wyoming,578759,1273165,851602,219982,147143,347430,410327,29201,,,1221,353233,61.0,49.7,322611,72.5,788512,177184,286088,97308,95.0,283350,285696,1283700,287843,261916,58.9,489940,584305,49300,0,307311,53.1,281654,63.3,87070,87.8,260438,490721,829336,169004,259448,342008,69.7,278714,56.8,298471,60.8,752155,,,,351889,64.7,56.4,306633,848979,156112,234112,,196,3300,64364,64359,63395,61795,34059,11.1,11.8,12.9,13.9,34.3
