date,area,area_type,unvaccinated_cases,vaccinated_cases,unvaccinated_hosp,vaccinated_hosp,unvaccinated_deaths,vaccinated_deaths,population_unvaccinated,population_vaccinated,unvaccinated_cases_per_100k,vaccinated_cases_per_100k,unvaccinated_hosp_per_100k,vaccinated_hosp_per_100k,unvaccinated_deaths_per_100k,vaccinated_deaths_per_100k
2021-02-01,California,State,13817,20,794,0,12,0,32633373,338387,,,,,,
2021-02-02,California,State,11352,17,630,0,15,0,32516922,372508,,,,,,
2021-02-03,California,State,10330,27,563,1,17,0,32381993,409032,,,,,,
2021-02-04,California,State,9009,16,498,0,19,0,32218526,430592,,,,,,
2021-02-05,California,State,8407,16,515,0,27,0,32055507,446503,,,,,,
2021-02-06,California,State,5972,11,377,1,30,0,31951953,459663,,,,,,
2021-02-07,California,State,4636,8,388,0,45,0,31893819,464750,28.45289329,3.53492661,1.68639931,0.06147698,0.07390595,0.0
2021-02-08,California,State,8401,26,471,1,38,0,31777670,502488,26.12211657,3.44002529,1.5473579,0.08528988,0.08586443,0.0
2021-02-09,California,State,6954,15,433,1,38,0,31638778,543394,24.25098177,3.12848504,1.46520017,0.10515916,0.09662645,0.0
2021-02-10,California,State,6622,23,395,0,46,0,31488440,585827,22.68451533,2.80433838,1.39597715,0.07315665,0.11024454,0.0
2021-02-11,California,State,5874,25,344,1,48,0,31326256,622941,21.37230462,2.84365385,1.33297585,0.09173077,0.12404018,0.0
2021-02-12,California,State,5510,19,375,2,58,0,31169457,660512,20.15205371,2.74678691,1.27551606,0.12976946,0.13887221,0.0
2021-02-13,California,State,3976,11,273,0,48,0,31054194,676964,19.30864107,2.68003279,1.23240772,0.1055131,0.14766811,0.0
2021-02-14,California,State,3163,4,237,0,60,0,30984953,682394,18.67265794,2.57496821,1.1655427,0.1046735,0.1549139,0.0
2021-02-15,California,State,4726,22,290,2,61,0,30855910,726595,17.04929229,2.33968029,1.08661749,0.11796707,0.16621034,0.0
2021-02-16,California,State,5066,23,325,0,56,0,30705974,774716,16.25416605,2.34187201,1.04167724,0.09219969,0.1753963,0.0
2021-02-17,California,State,4499,23,264,1,56,0,30540557,832960,15.3491447,2.17811865,0.98604245,0.10290324,0.18102392,0.0
2021-02-18,California,State,3872,24,241,0,61,0,30364903,897860,14.4960591,2.00476689,0.94328828,0.07955424,0.18818719,0.0
2021-02-19,California,State,3682,24,243,1,75,0,30188558,982133,13.71569794,1.90547367,0.88633392,0.0581824,0.19733115,0.0
2021-02-20,California,State,2777,14,199,0,54,0,30061505,1018972,13.20388222,1.87864408,0.85491395,0.05607893,0.20101645,0.0
2021-02-21,California,State,2366,15,180,1,51,1,30007999,1036425,12.84800287,1.99862853,0.82930269,0.06891823,0.19709031,0.01378365
2021-02-22,California,State,4137,41,239,0,70,0,29882238,1102126,12.62049286,2.12576161,0.80841143,0.03888588,0.20222238,0.01296196
2021-02-23,California,State,3599,24,229,1,58,0,29751071,1192175,11.97171788,1.97717857,0.76587879,0.0479316,0.20407429,0.0119829
2021-02-24,California,State,3427,20,215,0,67,0,29609060,1310839,11.51192043,1.76549959,0.74591069,0.03269444,0.21036032,0.01089815
2021-02-25,California,State,3021,24,204,2,60,0,29459421,1438453,11.15772099,1.60887128,0.73175718,0.04965652,0.21094392,0.0099313
2021-02-26,California,State,2938,32,210,1,57,1,29306389,1570713,10.85331354,1.54615861,0.71949206,0.04547525,0.20327113,0.0181901
2021-02-27,California,State,2262,10,159,0,58,0,29210896,1649026,10.63693102,1.43807834,0.70228197,0.04331561,0.20589186,0.01732625
2021-02-28,California,State,1947,14,159,1,61,1,29157398,1694942,10.45115793,1.39069234,0.69328154,0.04214219,0.21116915,0.01685688
2021-03-01,California,State,3348,20,221,0,47,0,29075832,1762365,10.09282014,1.16726266,0.68638252,0.04052995,0.20046104,0.01621198
2021-03-02,California,State,2864,34,174,3,58,0,28937904,1887432,9.77808009,1.16560491,0.66250232,0.05298204,0.2014165,0.01513773
2021-03-03,California,State,2791,42,145,2,38,2,28805249,2027431,9.50769176,1.2401338,0.63083741,0.06341593,0.18796177,0.02818486
2021-03-04,California,State,2591,33,168,2,49,1,28669327,2179071,9.33850214,1.21283664,0.61588969,0.05900286,0.18337169,0.03277937
2021-03-05,California,State,2567,26,206,3,45,0,28533717,2311087,9.19713935,1.10646759,0.61681414,0.06799521,0.17823525,0.02472553
2021-03-06,California,State,1950,19,137,2,42,0,28445642,2386889,9.06892622,1.12519446,0.60767531,0.077806,0.17075174,0.02394031
2021-03-07,California,State,1730,25,149,2,37,0,28399771,2433508,8.97441844,1.1682136,0.6036266,0.08218588,0.158955,0.01761126
2021-03-08,California,State,2945,44,183,2,41,0,28311350,2525414,8.79909597,1.26146219,0.58633728,0.0905085,0.15642389,0.01697034
2021-03-09,California,State,2496,34,136,1,46,0,28198125,2660857,8.64799141,1.19725122,0.56944009,0.07516375,0.15097255,0.01610652
2021-03-10,California,State,2446,45,163,4,49,1,28054422,2825585,8.51661002,1.14262053,0.58152279,0.08089349,0.15734723,0.01011169
2021-03-11,California,State,2259,41,148,6,34,0,27873620,2994490,8.40169717,1.11633605,0.57504448,0.09541334,0.15068011,0.00477067
2021-03-12,California,State,2173,41,130,3,47,0,27662969,3167953,8.2622058,1.12285216,0.54017547,0.09018893,0.15286036,0.00450945
2021-03-13,California,State,1672,25,136,5,40,0,27511023,3290036,8.16348103,1.1072393,0.54263963,0.09986864,0.15266608,0.00434211
2021-03-14,California,State,1416,26,91,2,37,0,27427181,3353427,8.02488597,1.0905688,0.51408856,0.09798079,0.15313276,0.00426003
2021-03-15,California,State,2539,46,161,6,24,0,27274340,3468420,7.85720204,1.06264936,0.5054463,0.11120749,0.14508666,0.0041188
2021-03-16,California,State,2213,48,148,4,41,1,27085548,3601629,7.76270588,1.07887689,0.51529852,0.11899377,0.1434608,0.00793292
2021-03-17,California,State,2280,46,142,2,51,0,26878908,3758444,7.73415774,1.03766346,0.50809887,0.10642702,0.14562666,0.00380097
2021-03-18,California,State,1916,41,132,3,44,0,26658135,3920976,7.61440042,0.99465031,0.50373259,0.09108519,0.15219155,0.00364341
2021-03-19,California,State,1864,30,144,3,32,0,26431506,4064842,7.51267932,0.92078785,0.51561842,0.08786144,0.14538926,0.00351446
2021-03-20,California,State,1533,21,84,1,49,1,26254427,4171761,7.48771681,0.88349124,0.49080158,0.07191208,0.15126701,0.00684877
2021-03-21,California,State,1401,26,106,4,30,1,26160093,4227124,7.50652639,0.87192008,0.50076275,0.07772931,0.14798986,0.01013861
2021-03-22,California,State,2361,53,159,4,28,0,25994657,4310787,7.45647736,0.87819563,0.50285059,0.06959286,0.15112996,0.00994184
2021-03-23,California,State,2126,51,125,3,23,0,25804850,4448675,7.46315961,0.86060938,0.49381636,0.06422458,0.14227669,0.00642246
2021-03-24,California,State,2236,83,113,3,29,0,25596184,4607867,7.49944378,0.94558781,0.48165662,0.06510605,0.13115794,0.00620058
2021-03-25,California,State,1915,57,110,4,35,0,25360574,4803466,7.56855334,0.95466779,0.47373871,0.06542895,0.12730672,0.00594809
2021-03-26,California,State,1927,78,127,6,24,2,25112172,5018128,7.67925837,1.0504771,0.4687539,0.07117054,0.12401499,0.01138729
2021-03-27,California,State,1433,38,101,3,32,0,24921675,5157853,7.68063486,1.06910486,0.48208179,0.07478195,0.11521812,0.00830911
2021-03-28,California,State,1408,24,117,1,19,0,24825464,5239441,7.71442925,1.04700373,0.49028,0.06543773,0.10933474,0.00545314
2021-03-29,California,State,2357,57,122,2,22,1,24640806,5379382,7.76992209,1.03038921,0.4725031,0.05842413,0.10667555,0.00796693
2021-03-30,California,State,2083,59,111,8,27,0,24400844,5545647,7.82115804,1.02010511,0.46895333,0.06955262,0.11006645,0.00772807
2021-03-31,California,State,2017,80,110,5,27,1,24133285,5703565,7.77823184,0.98434676,0.47237664,0.07263627,0.11010283,0.0100188
2021-04-01,California,State,2025,59,116,5,24,0,23867795,5879230,7.93059075,0.95979527,0.48122226,0.07289584,0.10474365,0.00971945
2021-04-02,California,State,1907,54,113,2,16,0,23599714,6064272,8.00857163,0.87397135,0.47821403,0.06124867,0.10109081,0.00471144
2021-04-03,California,State,1484,45,92,5,18,0,23389946,6179692,8.1115438,0.87382996,0.47700593,0.06472815,0.09344674,0.00462344
2021-04-04,California,State,1356,36,109,3,23,0,23292718,6241016,8.1135106,0.89271179,0.47409054,0.06867014,0.09629006,0.00457801
2021-04-05,California,State,2488,63,121,3,18,1,23098606,6342935,8.2627126,0.89188094,0.47745615,0.06981896,0.09462538,0.00450445
2021-04-06,California,State,2214,64,119,6,13,0,22861969,6491823,8.43009504,0.88242878,0.48739709,0.06381654,0.08685666,0.00440114
2021-04-07,California,State,2186,64,134,3,22,0,22617132,6665797,8.62809914,0.82510764,0.50783248,0.05786469,0.08463875,0.00214314
2021-04-08,California,State,1914,62,114,6,24,0,22357720,6860679,8.6572845,0.8079167,0.51244684,0.05830327,0.08562079,0.00208226
2021-04-09,California,State,1915,69,134,6,26,0,22099587,7074509,8.76357683,0.81378692,0.53200736,0.06461832,0.09308513,0.00201932
2021-04-10,California,State,1559,42,130,3,24,0,21924709,7238576,8.88234627,0.78942125,0.56101087,0.05920659,0.09773708,0.00197355
2021-04-11,California,State,1335,44,109,6,15,0,21830238,7324660,8.90704248,0.79574635,0.56343866,0.06436184,0.09292484,0.00195036
2021-04-12,California,State,2285,110,147,13,25,0,21643656,7474296,8.84983836,0.86964712,0.58545694,0.08218643,0.0983462,0.0
2021-04-13,California,State,2041,72,108,12,18,0,21395107,7662667,8.83713405,0.86318324,0.58491344,0.09135201,0.10282725,0.0
2021-04-14,California,State,2016,68,131,8,23,0,21129266,7864082,8.83338101,0.84834168,0.59024429,0.09809518,0.1047971,0.0
2021-04-15,California,State,1752,66,109,4,22,0,20808909,8100605,8.85815645,0.83062579,0.59589861,0.09170391,0.10503743,0.0
2021-04-16,California,State,1680,63,127,8,16,1,20500371,8332754,8.8277148,0.79719828,0.59998914,0.09257786,0.09964976,0.0017144
2021-04-17,California,State,1289,45,94,8,19,1,20288044,8506391,8.72998332,0.78596367,0.5809192,0.09908516,0.09717194,0.00335882
2021-04-18,California,State,1204,47,112,7,20,2,20210388,8584743,8.67092988,0.78378251,0.58527186,0.09984491,0.10107956,0.00665633
2021-04-19,California,State,1965,95,154,8,21,2,19991004,8778130,8.53741156,0.74210404,0.59669697,0.08950816,0.09933039,0.00976453
2021-04-20,California,State,1762,87,120,5,19,0,19696087,9027933,8.46288475,0.74530587,0.61433522,0.07595474,0.10154301,0.00949434
2021-04-21,California,State,1645,79,97,8,23,1,19387963,9285880,8.324016,0.74152523,0.59904621,0.07384484,0.10315679,0.01076904
2021-04-22,California,State,1506,83,102,11,14,0,19058635,9564704,8.28345936,0.74529974,0.6041506,0.08214727,0.09894278,0.01045511
2021-04-23,California,State,1484,70,93,2,16,0,18741397,9847170,8.27427265,0.73407603,0.58846048,0.07108641,0.10061759,0.00870446
2021-04-24,California,State,1129,64,98,12,18,0,18504309,10072478,8.2567641,0.74460326,0.59908826,0.07516947,0.10113474,0.00709146
2021-04-25,California,State,998,50,93,6,16,2,18388760,10188379,8.14861128,0.74033928,0.58809217,0.0729122,0.09866275,0.00701079
2021-04-26,California,State,1745,102,126,10,15,0,18187629,10380527,8.06592217,0.7362687,0.57260271,0.07431497,0.09504105,0.00412861
2021-04-27,California,State,1525,91,74,9,19,1,17939060,10581241,7.9889518,0.72770292,0.54390491,0.07830569,0.09635797,0.00540039
2021-04-28,California,State,1478,88,111,5,9,1,17697245,10807912,7.96330567,0.72433708,0.56263802,0.07269806,0.08637341,0.00528713
2021-04-29,California,State,1320,98,97,9,16,1,17416269,11035586,7.93921066,0.72881106,0.56761378,0.06860921,0.08940737,0.00647257
2021-04-30,California,State,1314,92,102,8,10,0,17154877,11269433,7.91861446,0.74157616,0.58375736,0.07479144,0.08577319,0.00633826
2021-05-01,California,State,1029,82,88,10,14,0,16953718,11425586,7.92830727,0.75394695,0.58225745,0.07126862,0.08342039,0.00625163
2021-05-02,California,State,916,56,62,6,14,1,16868436,11508687,7.89894553,0.7559507,0.55894758,0.07075401,0.08214836,0.00496519
2021-05-03,California,State,1595,106,120,10,15,1,16714712,11685585,7.8433897,0.74939704,0.5589601,0.06968292,0.08290387,0.00611254
2021-05-04,California,State,1313,93,73,14,12,3,16506264,11905771,7.75895918,0.73793745,0.56515341,0.07439369,0.07789251,0.00839929
2021-05-05,California,State,1355,93,86,12,15,0,16290190,12145081,7.75400936,0.7292782,0.55072584,0.08116161,0.08418739,0.00705753
2021-05-06,California,State,1237,84,114,5,21,5,16081277,12409510,7.78100964,0.69762165,0.57298221,0.0748274,0.0897228,0.01151191
2021-05-07,California,State,1148,85,103,13,17,0,15872653,12666381,7.7338768,0.67557915,0.58141329,0.07894915,0.09720222,0.01127845
2021-05-08,California,State,844,59,79,6,13,3,15702004,12835519,7.64961502,0.6410782,0.57954386,0.07345688,0.09734881,0.01446878
2021-05-09,California,State,755,51,68,5,19,1,15619057,12908868,7.54298327,0.63190226,0.5881094,0.07193283,0.10243896,0.01438657
2021-05-10,California,State,1333,98,87,11,7,1,15480620,13088339,7.36866021,0.61450556,0.56291581,0.07203795,0.09597253,0.01418929
2021-05-11,California,State,1186,87,66,8,23,0,15319092,13321257,7.32792406,0.59732673,0.56232352,0.06434399,0.10724246,0.010724
2021-05-12,California,State,1057,91,83,13,21,1,15158459,13542629,7.12473478,0.5854529,0.56545514,0.06434708,0.11403345,0.01160357
2021-05-13,California,State,950,73,57,8,20,3,15010268,13787349,6.92192838,0.56366373,0.5167891,0.06631338,0.11420754,0.00932532
2021-05-14,California,State,927,74,71,7,13,2,14850578,14036101,6.78376674,0.54247869,0.49156336,0.05903145,0.11158777,0.01119562
2021-05-15,California,State,714,54,47,4,16,0,14748064,14203409,6.70499628,0.53105963,0.46398342,0.05632451,0.11526937,0.00804636
2021-05-16,California,State,644,58,73,4,10,1,14701599,14283077,6.61832771,0.53509878,0.47030841,0.05501016,0.10688828,0.00800148
2021-05-17,California,State,1038,114,71,8,13,0,14615267,14464234,6.36907381,0.54419948,0.45744729,0.05135821,0.11338437,0.0069136
2021-05-18,California,State,972,105,73,10,12,1,14506508,14704403,6.20608153,0.55279847,0.46777035,0.05246242,0.10340187,0.00777221
2021-05-19,California,State,920,79,66,12,20,0,14398034,14957153,6.11690656,0.53199582,0.45442712,0.05062079,0.10318869,0.00668576
2021-05-20,California,State,776,82,80,5,15,1,14294645,15232793,5.98725707,0.5308097,0.48069949,0.04689132,0.09893815,0.00468913
2021-05-21,California,State,765,79,68,8,13,1,14186015,15500070,5.8699662,0.5262649,0.48135938,0.0470044,0.09969577,0.00368662
2021-05-22,California,State,555,45,58,7,9,2,14112320,15676345,5.73966577,0.51214562,0.49500821,0.04920972,0.09313038,0.00546775
2021-05-23,California,State,539,38,62,9,18,1,14083828,15750414,5.64477215,0.49159706,0.48485195,0.05351333,0.10143346,0.00544203
2021-05-24,California,State,943,106,87,3,18,0,14022845,15912894,5.57253946,0.4793956,0.50326042,0.04847821,0.10696831,0.00538647
2021-05-25,California,State,822,90,76,8,11,2,13939253,16123772,5.45222904,0.45983568,0.50935298,0.04607217,0.10658493,0.00620202
2021-05-26,California,State,757,75,62,9,15,1,13854553,16330403,5.31748867,0.45051814,0.50834243,0.04286483,0.10208093,0.00699834
2021-05-27,California,State,724,76,57,3,14,0,13723903,16536019,5.31398185,0.43973272,0.48924025,0.040604,0.1020118,0.0060474
2021-05-28,California,State,675,64,62,5,9,0,13576818,16753068,5.27685185,0.4212448,0.48822717,0.03751978,0.09890809,0.00511633
2021-05-29,California,State,485,42,56,5,12,3,13451481,16924031,5.25167877,0.41445715,0.49065229,0.03545255,0.10301574,0.00590876
2021-05-30,California,State,483,47,58,9,6,2,13389209,17010953,5.21635424,0.41989753,0.48866644,0.03527139,0.09069137,0.00671836
2021-05-31,California,State,481,51,73,5,13,0,13283246,17161940,4.76109959,0.37042099,0.47750807,0.0366259,0.08603749,0.00665925
2021-06-01,California,State,941,121,86,13,11,1,13161619,17340948,4.93426053,0.39213542,0.49277481,0.04036688,0.08683257,0.0057667
2021-06-02,California,State,832,87,89,10,14,1,13036743,17510922,5.06370999,0.39811888,0.52708169,0.04079087,0.08656851,0.00571072
2021-06-03,California,State,771,103,68,18,9,0,12923339,17681283,5.16009944,0.41609779,0.54386652,0.0525172,0.08180106,0.0056557
2021-06-04,California,State,653,84,67,4,14,1,12804702,17865037,5.18336378,0.42781088,0.55448381,0.05117738,0.08813727,0.00639717
2021-06-05,California,State,501,66,58,7,8,0,12708166,17987162,5.24072474,0.44396744,0.56094415,0.05241834,0.08431024,0.00397109
2021-06-06,California,State,487,55,60,9,9,2,12665413,18040907,5.26292691,0.44897964,0.56509352,0.05226218,0.08797863,0.00395926
2021-06-07,California,State,781,102,67,6,8,1,12587929,18150075,5.63578466,0.48642066,0.56176267,0.05273493,0.08284581,0.00472253
2021-06-08,California,State,830,103,87,11,8,2,12503657,18270955,5.54694861,0.46912866,0.56669135,0.05082227,0.0799766,0.00547317
2021-06-09,California,State,699,93,64,9,6,0,12420908,18387921,5.43093491,0.47080596,0.54171333,0.04972208,0.07130834,0.00466145
2021-06-10,California,State,660,109,68,7,6,1,12340318,18495124,5.33790366,0.47271146,0.54525106,0.04093743,0.06830109,0.00540683
2021-06-11,California,State,633,99,60,8,6,0,12248894,18607212,5.35441929,0.48138017,0.54115673,0.04376183,0.05948059,0.00460651
2021-06-12,California,State,516,75,63,5,7,1,12193970,18667102,5.39610972,0.48672334,0.5494519,0.04209086,0.05857696,0.00535702
2021-06-13,California,State,551,71,75,10,7,0,12169989,18694734,5.48186902,0.49823045,0.56814231,0.0427928,0.05634469,0.00382079
2021-06-14,California,State,897,114,97,12,11,1,12162074,18708739,5.62169154,0.5070205,0.60375041,0.04734228,0.0599052,0.00381793
2021-06-15,California,State,798,121,71,10,13,1,12092391,18821531,5.61628265,0.51764424,0.58832746,0.04629956,0.06615731,0.00303604
2021-06-16,California,State,836,120,84,20,8,0,12028923,18913496,5.80861882,0.53552085,0.61518392,0.05438294,0.0688816,0.00302127
2021-06-17,California,State,784,121,79,11,8,2,11967518,19036819,5.9864424,0.54105678,0.63147119,0.05703234,0.07162244,0.00375213
2021-06-18,California,State,690,121,72,10,8,0,11898909,19181676,6.08939381,0.55335549,0.64951933,0.05809116,0.0744366,0.00372379
2021-06-19,California,State,565,98,74,10,5,2,11848166,19299517,6.17455418,0.56700161,0.66556413,0.06143751,0.07234393,0.00444127
2021-06-20,California,State,576,128,79,9,3,1,11828458,19348355,6.21503544,0.60765594,0.67150402,0.06054409,0.0676335,0.0051684
2021-06-21,California,State,1037,211,119,12,7,0,11780356,19448048,6.41018707,0.67579313,0.70092473,0.06023374,0.06305897,0.00440735
2021-06-22,California,State,985,183,98,12,10,0,11724521,19563424,6.66856363,0.7170816,0.73716079,0.06133896,0.05970393,0.00365113
2021-06-23,California,State,918,165,83,15,2,1,11673676,19678024,6.7979566,0.74557428,0.73914776,0.05735187,0.05262145,0.00435584
2021-06-24,California,State,1004,208,106,9,9,0,11621740,19786376,7.0987649,0.80430523,0.77563994,0.05559381,0.05408583,0.00288799
2021-06-25,California,State,955,193,99,8,8,1,11563086,19900617,7.46217007,0.85137346,0.81293177,0.05383896,0.05436018,0.00358926
2021-06-26,California,State,798,162,86,11,10,4,11525345,19986455,7.77541026,0.89346224,0.83046786,0.0543225,0.06073571,0.00500339
2021-06-27,California,State,850,199,103,19,8,0,11511666,20021398,8.1246773,0.94256298,0.86123813,0.06136292,0.06701277,0.00428113
2021-06-28,California,State,1388,329,117,13,6,1,11465405,20101990,8.5947995,1.02264218,0.86222112,0.06182757,0.06603717,0.00497463
2021-06-29,California,State,1342,330,107,14,8,1,11410321,20193020,9.08325516,1.12202845,0.87765153,0.06296377,0.06385197,0.00565966
2021-06-30,California,State,1459,350,148,18,17,1,11358944,20275524,9.80473436,1.24780992,0.96336923,0.06482129,0.0830057,0.00563663
2021-07-01,California,State,1560,354,146,15,13,0,11308032,20353206,10.55128653,1.34552337,1.01823958,0.06878523,0.08843272,0.00561512
2021-07-02,California,State,1412,371,126,15,10,1,11251449,20439759,11.18459117,1.46423309,1.05764155,0.07338638,0.0914168,0.00559134
2021-07-03,California,State,1207,294,142,19,8,1,11217130,20489646,11.73969761,1.5527006,1.13219692,0.07878544,0.08914936,0.00348608
2021-07-04,California,State,1112,303,133,16,4,1,11203243,20509675,12.08833651,1.62362397,1.17185456,0.07661889,0.0841593,0.00417921
2021-07-05,California,State,1959,570,164,24,12,1,11158423,20546382,12.86792177,1.78828843,1.2367339,0.08413021,0.09217892,0.00417175
2021-07-06,California,State,2581,673,224,28,10,2,11110975,20610477,14.51589211,2.02047032,1.39244563,0.09357238,0.09514402,0.0048519
2021-07-07,California,State,2659,717,224,28,11,2,11064647,20668781,16.12600668,2.26843152,1.49640046,0.10022016,0.08779571,0.00552939
2021-07-08,California,State,2499,679,186,42,14,0,11019878,20725368,17.40880046,2.48625604,1.55433403,0.11855726,0.08944875,0.00551429
2021-07-09,California,State,2512,711,215,26,16,1,10968818,20790524,18.92247121,2.71208721,1.67748248,0.1257441,0.09767949,0.00549701
2021-07-10,California,State,2203,594,209,30,10,4,10935956,20832236,20.28041392,2.91238197,1.77004579,0.13303558,0.10058563,0.00754325
2021-07-11,California,State,2104,674,212,32,13,2,10920244,20850994,21.60731416,3.16394646,1.87593925,0.14387803,0.11250403,0.0082216
2021-07-12,California,State,3698,1088,273,29,15,0,10882548,20893242,23.96497585,3.51173018,2.02552354,0.14700584,0.11683188,0.00752123
2021-07-13,California,State,3673,1134,283,43,16,1,10840675,20943835,25.49656733,3.81769351,2.1110968,0.15688217,0.12518989,0.00682096
2021-07-14,California,State,3775,1163,271,54,15,0,10798968,20989406,27.07136989,4.11295924,2.18142538,0.17423756,0.1309649,0.00544492
2021-07-15,California,State,3936,1260,278,58,16,2,10759935,21033019,29.07744597,4.49904845,2.31148502,0.18474354,0.13409534,0.00679204
2021-07-16,California,State,3972,1268,296,54,18,0,10716508,21082340,31.14154083,4.86595484,2.42882956,0.20328456,0.13730485,0.00609854
2021-07-17,California,State,3096,1052,269,46,17,4,10692448,21108564,32.40471352,5.16987188,2.51445827,0.21386039,0.14696621,0.00609096
2021-07-18,California,State,3246,1070,301,42,11,0,10690470,21110608,33.93676798,5.43734763,2.63385453,0.22060676,0.1443208,0.00473695
2021-07-19,California,State,5533,1887,391,63,17,2,10668792,21133346,36.46282407,5.97160525,2.79721051,0.24335272,0.14729208,0.00608382
2021-07-20,California,State,5545,1845,366,67,21,4,10629540,21189046,39.11337112,6.43526579,2.91908882,0.25889388,0.15455581,0.00809043
2021-07-21,California,State,5660,2107,391,81,17,2,10592763,21234464,41.79133568,7.05658768,3.09105916,0.27650468,0.15778967,0.00941865
2021-07-22,California,State,5487,1837,424,78,26,6,10557589,21277674,44.02926247,7.42965205,3.29891336,0.28937105,0.17184659,0.0120851
2021-07-23,California,State,5342,1721,438,68,27,7,10515672,21327113,46.06593718,7.71586585,3.50497266,0.29807798,0.18475825,0.01674595
2021-07-24,California,State,4467,1466,455,57,20,4,10489308,21357593,48.04892754,7.98177157,3.76710129,0.30501029,0.18930842,0.01672206
2021-07-25,California,State,4227,1494,424,69,23,4,10476693,21370639,49.44444642,8.26033192,3.93935649,0.32287289,0.20589921,0.01938574
2021-07-26,California,State,7724,2598,563,105,22,3,10443949,21410601,52.59641595,8.71931219,4.18697673,0.35029376,0.21338398,0.02001679
2021-07-27,California,State,7349,2534,557,98,25,7,10407521,21450795,55.25674311,9.1618316,4.46380486,0.37028265,0.2196214,0.02197721
2021-07-28,California,State,7656,2802,565,100,29,5,10372485,21489739,58.19241966,9.60724292,4.71852764,0.38224223,0.23689047,0.02393169
2021-07-29,California,State,7693,2570,557,94,29,5,10336140,21527751,61.44598329,10.07669456,4.91894045,0.39218482,0.24186979,0.02322584
2021-07-30,California,State,7230,2427,549,93,17,8,10290786,21572504,64.33772059,10.52331643,5.09471011,0.40792668,0.22905372,0.02383987
2021-07-31,California,State,5506,1896,496,71,45,6,10261457,21601236,65.96807563,10.79369453,5.16635072,0.41664283,0.2645127,0.02513084
2021-08-01,California,State,5474,1960,522,94,30,5,10246915,21614554,67.80019715,11.09503743,5.31030907,0.43290937,0.27464712,0.02577628
2021-08-02,California,State,9182,3150,680,110,52,6,10208903,21650009,70.09288153,11.44110379,5.49380421,0.43549965,0.31764991,0.02771361
2021-08-03,California,State,9168,3411,710,124,41,9,10164545,21689012,72.95527177,11.99817546,5.7328123,0.4518417,0.34152326,0.0289811
2021-08-04,California,State,9089,3182,706,103,43,7,10120960,21726915,75.29212362,12.2270991,5.95652135,0.45302599,0.36275497,0.03024557
2021-08-05,California,State,8949,3023,647,117,42,6,10075653,21763123,77.41150162,12.50411402,6.11091197,0.4673699,0.38281815,0.03085166
2021-08-06,California,State,8244,2800,624,105,48,9,10021095,21804807,79.27847634,12.72458604,6.25109902,0.47433839,0.42909482,0.03144785
2021-08-07,California,State,6188,2190,600,93,49,8,9987221,21829186,80.52290021,12.90277809,6.42106262,0.48820615,0.4362718,0.03272159
2021-08-08,California,State,5463,2116,536,102,58,10,9967756,21835974,80.66437994,13.00082672,6.45366634,0.49328821,0.47725314,0.03598256
2021-08-09,California,State,10393,3512,752,144,62,5,9919445,21862969,82.80129152,13.22131239,6.58879029,0.51489543,0.49397925,0.03528471
2021-08-10,California,State,10170,3555,762,120,63,10,9866244,21898619,84.698609,13.29372805,6.69961132,0.51144778,0.52849754,0.03587963
2021-08-11,California,State,9807,3283,665,101,66,5,9812076,21932933,86.21155051,13.33871502,6.67690361,0.50934495,0.56490157,0.03452082
2021-08-12,California,State,8972,3231,645,117,71,14,9758893,21965309,86.71504618,13.45433253,6.71036298,0.50859419,0.61043223,0.03967295
2021-08-13,California,State,8530,2823,688,119,104,12,9697124,22004427,87.68873858,13.44534638,6.84739104,0.51677913,0.69681927,0.04155008
2021-08-14,California,State,5950,2118,568,102,76,7,9658756,22028075,87.68505711,13.38421861,6.82726193,0.52206105,0.73952144,0.04085695
2021-08-15,California,State,5165,1847,553,84,63,6,9638171,22038493,87.43063685,13.20352142,6.86704088,0.51014637,0.7485119,0.03824477
2021-08-16,California,State,10044,3396,719,151,93,18,9584180,22068012,87.40296137,13.11076736,6.8565371,0.51399542,0.79893563,0.04660916
2021-08-17,California,State,9628,3233,737,143,99,13,9524705,22102578,87.13580706,12.88214304,6.86185481,0.52805734,0.85791933,0.04847528
2021-08-18,California,State,9151,3181,651,124,76,17,9468727,22134885,86.66121946,12.79751074,6.88129913,0.54213067,0.87807851,0.05614925
2021-08-19,California,State,8589,2817,647,108,88,15,9411576,22167763,86.60611145,12.5117335,6.92612101,0.53552668,0.90921466,0.05671041
2021-08-20,California,State,8191,2729,709,115,92,8,9343627,22208692,86.71762506,12.4282099,7.0085968,0.53196675,0.89747956,0.0540329
2021-08-21,California,State,5450,1976,523,105,90,16,9302566,22233669,86.33255445,12.3230095,6.97042699,0.53329672,0.92294043,0.05975493
2021-08-22,California,State,4559,1761,502,88,84,15,9279660,22246660,85.61274259,12.26058846,6.90912013,0.53555391,0.9575474,0.0654994
2021-08-23,California,State,9365,3103,677,111,86,20,9223921,22282338,85.07847616,12.0531081,6.88582282,0.50905148,0.95249236,0.06667677
2021-08-24,California,State,8492,3039,634,144,100,22,9167263,22320321,83.83402673,11.90843089,6.76787141,0.50882525,0.95993755,0.07232359
2021-08-25,California,State,8265,2855,638,111,104,19,9115894,22356291,82.91797037,11.68095625,6.78563648,0.49969955,1.0092263,0.07348523
2021-08-26,California,State,7488,2544,585,106,113,18,9060725,22393681,81.68693533,11.48729667,6.72919977,0.49758935,1.05478787,0.07527634
2021-08-27,California,State,6701,2373,539,125,102,16,8993557,22441133,79.93023704,11.236382,6.50942193,0.50290305,1.0785499,0.08020985
2021-08-28,California,State,4733,1716,501,90,117,21,8951979,22470988,79.15727748,11.05616082,6.50454737,0.49269879,1.12664633,0.08328199
2021-08-29,California,State,4029,1495,480,86,94,14,8930138,22487319,78.50302617,10.87914736,6.48526212,0.49107042,1.14539903,0.08258623
2021-08-30,California,State,7938,2758,593,131,90,22,8878169,22528408,76.66638728,10.64053375,6.38806106,0.50285717,1.15854004,0.08370384
2021-08-31,California,State,7395,2596,569,90,104,22,8825326,22573144,75.34970541,10.33908765,6.32109389,0.46768597,1.17195185,0.08353795
2021-09-01,California,State,7777,2757,581,120,104,17,8774413,22617529,74.99239957,10.25689916,6.26496936,0.47245277,1.17875203,0.08211078
2021-09-02,California,State,6555,2281,512,105,133,14,8723586,22660878,73.90145684,10.07147964,6.18192695,0.47091858,1.21837183,0.07943205
2021-09-03,California,State,5962,2249,509,110,119,20,8662971,22716861,73.19989544,9.9686811,6.17571039,0.46032517,1.25493074,0.08175174
2021-09-04,California,State,4025,1527,387,78,93,13,8627570,22751501,72.32793077,9.83482992,6.01228719,0.45208948,1.22034031,0.07660405
2021-09-05,California,State,3229,1275,391,77,118,21,8607282,22769783,71.17063369,9.68890594,5.87874314,0.44607991,1.26305012,0.08093433
2021-09-06,California,State,4021,1628,412,79,112,22,8557382,22817544,65.04659619,8.96114974,5.61086156,0.41258979,1.3071421,0.08076492
2021-09-07,California,State,7355,2715,529,109,104,16,8508563,22867171,65.35265037,9.01604438,5.57589538,0.42356417,1.314642,0.07684129
2021-09-08,California,State,6639,2447,459,105,114,12,8461206,22914574,63.7970521,8.80412864,5.40112131,0.41333645,1.33888377,0.07356516
2021-09-09,California,State,6108,2246,422,87,111,25,8413539,22962279,63.39951425,8.76406289,5.2789065,0.40127923,1.30911448,0.08025585
2021-09-10,California,State,5550,2031,429,102,115,25,8357986,23024062,63.11670915,8.60528309,5.17725545,0.39523869,1.31097885,0.08314283
2021-09-11,California,State,3663,1526,329,70,100,23,8324942,23062693,62.7460399,8.59024944,5.09827662,0.38962121,1.32819458,0.08919786
2021-09-12,California,State,3124,1365,333,76,95,15,8306758,23083263,62.70281894,8.63829347,5.00969039,0.38865513,1.29154737,0.08540511
2021-09-13,California,State,6237,2228,419,99,114,20,8263953,23133192,66.85835286,8.99017432,5.04773995,0.40016712,1.30169458,0.08398569
2021-09-14,California,State,5613,2101,413,104,90,17,8223089,23182381,64.16427834,8.59273256,4.87130114,0.39623688,1.28384149,0.08442372
2021-09-15,California,State,5225,1998,380,91,90,21,8180626,23227132,62.0280858,8.30002233,4.75862989,0.38686284,1.24859463,0.08979646
2021-09-16,California,State,4666,1828,330,92,99,19,8141905,23271516,59.79295649,8.02759415,4.61983844,0.38919436,1.23347756,0.08594197
2021-09-17,California,State,4270,1677,364,70,102,13,8095450,23330952,57.87730851,7.7903869,4.53164608,0.36860905,1.21761519,0.07837535
2021-09-18,California,State,2839,1237,264,68,112,14,8069752,23364276,56.60290782,7.60257118,4.43100889,0.36686044,1.24273601,0.07276065
2021-09-19,California,State,2410,1118,281,70,75,12,8053671,23382559,55.44942531,7.44572055,4.34761809,0.36290785,1.20974114,0.07087089
2021-09-20,California,State,5177,2021,371,78,96,18,8045469,23392517,53.62379389,7.31613691,4.26682042,0.34992875,1.17901322,0.06961933
2021-09-21,California,State,4429,1802,340,95,78,16,8011024,23448784,51.74298388,7.11642141,4.15498871,0.343606,1.16268354,0.06884305
2021-09-22,California,State,4285,1758,312,62,110,14,7975129,23494004,50.29206603,6.95679022,4.05188251,0.32531097,1.20374228,0.06445414
2021-09-23,California,State,3739,1565,264,66,90,25,7939542,23538628,48.84952522,6.78398564,3.95128945,0.30891472,1.19294395,0.06797338
2021-09-24,California,State,3560,1508,254,74,82,19,7897879,23596121,47.82296614,6.6651391,3.77316492,0.31058374,1.1630609,0.07144031
2021-09-25,California,State,2322,1176,247,76,100,13,7873277,23630877,47.03432709,6.6184594,3.75410936,0.31496322,1.1449217,0.0707307
2021-09-26,California,State,2132,1019,244,47,81,9,7859268,23649680,46.61284704,6.55339583,3.69354645,0.30081953,1.15786865,0.0688623
2021-09-27,California,State,4397,1839,317,72,85,14,7826908,23695492,45.3819056,6.43100022,3.61025616,0.29662062,1.14257854,0.06631762
2021-09-28,California,State,3840,1681,265,70,76,16,7796397,23740163,44.48025342,6.34608713,3.48695869,0.28101865,1.1433853,0.06619283
2021-09-29,California,State,3535,1541,252,65,87,15,7765551,23784204,43.27721608,6.20399753,3.39043185,0.28230021,1.10561559,0.0666709
2021-09-30,California,State,3262,1436,248,56,67,19,7733781,23829255,42.57389017,6.11493249,3.37480464,0.27577147,1.06767218,0.06294783
2021-10-01,California,State,3231,1425,274,64,72,15,7698529,23882959,42.15833218,6.05153538,3.4273709,0.26916981,1.0540047,0.06041367
2021-10-02,California,State,2091,985,217,65,90,20,7677079,23914205,41.84627289,5.92953017,3.38112228,0.262247,1.03834135,0.06451635
2021-10-03,California,State,1875,957,194,41,64,15,7664932,23931732,41.4335984,5.88817749,3.29329173,0.25847332,1.00830267,0.06805071
2021-10-04,California,State,3787,1802,297,88,62,10,7634958,23973329,40.45489557,5.85591239,3.26879897,0.26755924,0.96922603,0.06554903
2021-10-05,California,State,3435,1678,251,81,78,19,7606452,24011294,39.8458722,5.84486855,3.25475568,0.27368073,0.97661451,0.06723027
2021-10-06,California,State,3338,1537,255,71,93,13,7578755,24047895,39.62015246,5.83359642,3.27230528,0.27682851,0.99149342,0.06593984
2021-10-07,California,State,3007,1366,232,70,76,16,7551854,24081895,39.27890706,5.7838353,3.25369486,0.28474266,1.01205044,0.0640671
2021-10-08,California,State,2826,1428,228,67,71,7,7518023,24126629,38.68608238,5.77488763,3.18092745,0.28599105,1.01470445,0.0592114
2021-10-09,California,State,1874,1058,204,55,55,12,7498214,24151601,38.37485262,5.81209621,3.16456311,0.27978033,0.95070258,0.05441816
2021-10-10,California,State,1827,938,196,43,63,9,7488304,24165440,38.33406641,5.79753565,3.17256656,0.28080243,0.950053,0.05084002
2021-10-11,California,State,3191,1582,253,82,50,16,7457789,24190906,37.3492542,5.66151358,3.10126385,0.27696358,0.93095382,0.05432974
2021-10-12,California,State,3152,1626,205,79,51,11,7426393,24225144,36.96276241,5.62284731,3.02588734,0.27539273,0.88295123,0.04953531
2021-10-13,California,State,3124,1505,244,65,49,6,7396126,24260628,36.70068048,5.59578024,3.01702347,0.27145688,0.80157794,0.04534095
2021-10-14,California,State,2963,1349,234,87,55,12,7365699,24296857,36.76694985,5.57744097,3.03336549,0.28104752,0.76415985,0.04292148
2021-10-15,California,State,2896,1440,244,94,47,12,7332238,24337065,37.07112149,5.57527024,3.07838188,0.29643204,0.7208869,0.04578554
2021-10-16,California,State,1978,1078,193,51,61,11,7313677,24359271,37.36834427,5.58191699,3.06470818,0.29381597,0.73443612,0.04515734
2021-10-17,California,State,1931,1093,206,60,57,13,7302399,24372365,37.62951248,5.66977043,3.08900443,0.30362257,0.72383258,0.04747766
2021-10-18,California,State,3892,1923,291,90,52,11,7275204,24401142,39.1466686,5.86272326,3.1751687,0.30794812,0.73046553,0.0444944
2021-10-19,California,State,3452,1792,267,82,44,16,7248676,24429463,39.88117475,5.95299911,3.30897867,0.30934543,0.71934319,0.04736669
2021-10-20,California,State,3352,1774,235,68,47,13,7222507,24457784,40.47664573,6.10322785,3.30316646,0.31073952,0.71799367,0.05140052
2021-10-21,California,State,3214,1640,256,110,88,11,7194890,24486440,41.13038162,6.26585863,3.35952719,0.32379437,0.78627232,0.05075696
2021-10-22,California,State,3197,1691,274,87,57,15,7159795,24522700,41.93256531,6.40281395,3.43585256,0.31923774,0.81007906,0.05242956
2021-10-23,California,State,2213,1197,231,69,51,13,7141259,24542534,42.51151153,6.46690703,3.52078774,0.32945719,0.79217724,0.05355135
2021-10-24,California,State,1938,1121,212,65,50,9,7130617,24553912,42.58898133,6.48020103,3.5380629,0.33221357,0.77933548,0.05119929
2021-10-25,California,State,3942,2024,334,110,52,7,7102940,24581779,42.85549364,6.53155099,3.63833246,0.34345997,0.78237221,0.04881665
2021-10-26,California,State,3753,1839,275,76,51,10,7077729,24609149,43.6156852,6.55157037,3.66743949,0.33959496,0.79928786,0.04527933
2021-10-27,California,State,3509,1848,283,86,49,9,7053154,24635208,44.08564695,6.58755202,3.77743874,0.34967376,0.80612366,0.04291187
2021-10-28,California,State,3355,1616,271,74,47,16,7028839,24661014,44.52472775,6.56675582,3.82099275,0.32845365,0.72558213,0.04576338
2021-10-29,California,State,3016,1546,271,71,47,13,6998715,24693345,44.34691634,6.47427186,3.83131556,0.31876721,0.70829329,0.04454642
2021-10-30,California,State,2115,1198,225,58,57,13,6982698,24710263,44.24814428,6.47041734,3.82782865,0.31218954,0.72219322,0.04451592
2021-10-31,California,State,1896,1095,210,57,46,10,6973463,24719389,44.22070191,6.45300277,3.8288007,0.30745096,0.71495529,0.0450774
2021-11-01,California,State,4019,2095,304,85,55,8,6948453,24746688,44.53817685,6.48687095,3.78090326,0.29267986,0.72369654,0.04560495
2021-11-02,California,State,3560,1803,277,62,55,14,6927010,24771196,44.27801977,6.45969156,3.79673192,0.28431639,0.73418608,0.04786665
2021-11-03,California,State,3404,1862,291,88,46,18,6905757,24795319,44.19707871,6.46147306,3.824966,0.28519208,0.73023959,0.0530054
2021-11-04,California,State,3298,1639,242,72,43,13,6884162,24819964,44.21743707,6.46829533,3.77678503,0.28375775,0.72422966,0.05122604
2021-11-05,California,State,2966,1578,235,51,53,11,6854968,24851935,44.30155098,6.47836879,3.71784584,0.27189605,0.73981798,0.05001048
2021-11-06,California,State,1962,1168,209,56,56,12,6838331,24869748,44.08970551,6.456496,3.69346597,0.27055246,0.73952882,0.04940024
2021-11-07,California,State,1904,1050,203,55,61,17,6829495,24879201,44.16348291,6.42820368,3.68360221,0.26930125,0.77186213,0.05340089
2021-11-08,California,State,3564,1875,264,74,54,14,6802181,24907087,43.38524448,6.29482341,3.61438696,0.26269058,0.77286136,0.05678246
2021-11-09,California,State,3287,1655,231,69,55,18,6774761,24934771,42.98517479,6.20304187,3.53201706,0.26640939,0.77598942,0.05901111
2021-11-10,California,State,3074,1579,230,55,49,10,6747555,24962092,42.45982434,6.03429278,3.41711077,0.24723203,0.7854697,0.05436815
2021-11-11,California,State,2365,1257,207,49,61,17,6721577,24990058,40.64097288,5.80916733,3.35593014,0.23380727,0.82676176,0.05659393
2021-11-12,California,State,2693,1448,213,60,52,14,6690990,25023333,40.24388447,5.72722609,3.32429986,0.23863442,0.82840613,0.05823137
2021-11-13,California,State,1849,1008,210,57,44,11,6674780,25040631,40.09977001,5.63198952,3.33451333,0.23904007,0.80473492,0.05762064
2021-11-14,California,State,1740,985,166,52,48,16,6665855,25050327,39.80198875,5.59274136,3.25968258,0.23723671,0.77795186,0.05702806
2021-11-15,California,State,3399,1851,243,69,59,17,6637024,25080021,39.61973663,5.5724492,3.22864155,0.2341078,0.79209339,0.05866935
2021-11-16,California,State,2882,1607,211,56,42,7,6608264,25108486,38.91663962,5.53882176,3.1994571,0.22644592,0.76743734,0.05234428
2021-11-17,California,State,2753,1526,225,62,55,12,6580126,25135790,38.38615162,5.50268306,3.20228345,0.23017833,0.7837453,0.05342411
2021-11-18,California,State,2528,1308,194,48,51,9,6551595,25163252,38.90873684,5.52563147,3.18788238,0.22935941,0.76535343,0.04882403
2021-11-19,California,State,2406,1334,186,49,64,14,6517984,25197109,38.48034695,5.45357349,3.14514427,0.22281468,0.79560095,0.04875843
2021-11-20,California,State,1729,1020,164,42,51,12,6501213,25213904,38.31592658,5.45673983,3.05217767,0.21416755,0.81303509,0.04929253
2021-11-21,California,State,1629,902,174,61,49,14,6491501,25223693,38.12897598,5.40761418,3.0743495,0.21918168,0.81645216,0.04814068
2021-11-22,California,State,2863,1554,204,63,53,8,6462621,25251174,37.11453029,5.23370291,3.00187803,0.21554868,0.80683761,0.04299659
2021-11-23,California,State,2622,1510,229,78,54,16,6431802,25277079,36.71488288,5.17351821,3.05624191,0.2277614,0.83735698,0.048039
2021-11-24,California,State,2519,1493,215,56,38,15,6401128,25301871,36.36859004,5.14981679,3.04856983,0.22415056,0.80342982,0.04968577
2021-11-25,California,State,1225,746,172,51,37,12,6372917,25324599,33.60874059,4.8281684,3.01274911,0.22564171,0.77560356,0.05133349
2021-11-26,California,State,2318,1337,209,43,44,12,6339510,25353891,33.58754406,4.82428065,3.08045439,0.2220003,0.7346219,0.05014728
2021-11-27,California,State,2250,1326,183,53,38,8,6320860,25368649,34.86415275,4.99379034,3.13248514,0.22806553,0.70740826,0.0478656
2021-11-28,California,State,2266,1479,192,63,30,16,6310474,25376553,36.36358039,5.31705671,3.17838927,0.22912039,0.66556015,0.04897659
2021-11-29,California,State,4270,2476,248,73,57,12,6280903,25400995,39.73495986,5.83048026,3.29342999,0.234524,0.67779153,0.0511791
2021-11-30,California,State,3650,2105,245,80,36,9,6249377,25425981,42.28535786,6.15905439,3.34661931,0.23541724,0.6400638,0.04719582
2021-12-01,California,State,3894,2296,263,102,47,9,6218210,25450738,45.65622583,6.60379391,3.47366847,0.26100843,0.66394854,0.04378206
2021-12-02,California,State,3255,1915,207,81,51,15,6187576,25474737,50.56907584,7.25312409,3.5716733,0.27758593,0.69955851,0.04542315
2021-12-03,California,State,3095,1872,245,63,41,14,6153545,25501867,52.65257669,7.54510584,3.67500127,0.28849428,0.69646265,0.0464952
2021-12-04,California,State,2183,1316,182,54,53,10,6132915,25516321,52.67362374,7.53523318,3.68503395,0.28889073,0.7337457,0.04758859
2021-12-05,California,State,2062,1200,190,76,31,14,6122040,25524024,52.29115972,7.37680368,3.68691295,0.2960796,0.73738259,0.04645483
2021-12-06,California,State,3922,2213,249,77,30,9,6091033,25548119,51.7411649,7.22278503,3.70802691,0.29803704,0.67781137,0.04473351
2021-12-07,California,State,3409,1886,240,46,46,13,6058899,25572269,51.44734806,7.09362161,3.71590378,0.27876179,0.70498428,0.04692583
2021-12-08,California,State,3370,1935,223,61,38,9,6029952,25593663,50.45290102,6.88619121,3.63897708,0.25564364,0.68704645,0.04688661
2021-12-09,California,State,2926,1747,189,58,39,10,6029040,25594564,49.68097266,6.79217888,3.59687683,0.24279709,0.65871657,0.04409418
2021-12-10,California,State,2901,1763,200,52,35,10,6009420,25612091,49.38199408,6.72673365,3.50164527,0.23649544,0.64660388,0.04183292
2021-12-11,California,State,2179,1380,197,56,38,9,5996225,25623808,49.48113188,6.75933881,3.54508759,0.23750234,0.61228999,0.04125627
2021-12-12,California,State,2173,1624,162,52,39,8,5987478,25630776,49.81825642,6.99382425,3.48346046,0.22406099,0.63227193,0.03790086
2021-12-13,California,State,4293,3199,189,62,45,8,5961769,25655895,50.92208609,7.53600126,3.35470898,0.21548932,0.6709418,0.03730694
2021-12-14,California,State,4035,3173,190,69,45,12,5931944,25682219,52.68569147,8.24416969,3.25116257,0.22806218,0.67190693,0.03671245
2021-12-15,California,State,4733,3867,171,73,45,7,5898927,25708497,56.28142203,9.3093179,3.14342882,0.23449723,0.69261991,0.03556356
2021-12-16,California,State,4669,4089,186,68,49,12,5866230,25734733,60.83975569,10.59990458,3.15364382,0.23980931,0.72083287,0.03663753
2021-12-17,California,State,5073,4514,171,65,41,8,5831916,25764341,66.51820284,12.1130874,3.10116166,0.24674192,0.73977158,0.03548648
2021-12-18,California,State,4187,4355,138,66,34,5,5813591,25779514,71.66212513,13.75455388,2.96595635,0.25213819,0.73227423,0.03324899
2021-12-19,California,State,4437,4922,147,57,39,12,5803070,25787214,77.36545361,15.57748735,2.93440738,0.25483282,0.73360184,0.035455
2021-12-20,California,State,9643,10749,232,103,38,6,5771985,25811713,91.02340257,19.74131445,3.056636,0.27728275,0.72022759,0.03431443
2021-12-21,California,State,11206,12749,175,126,35,7,5740174,25837257,109.37448437,25.0164769,3.03624445,0.30852457,0.69933171,0.03151595
2021-12-22,California,State,12821,14749,218,117,31,6,5708501,25862645,130.22182681,31.00279518,3.17070979,0.33252593,0.66817641,0.03093264
2021-12-23,California,State,12873,15072,216,111,32,12,5678233,25885920,151.55620218,37.03612951,3.26308755,0.35595744,0.6289683,0.03090483
2021-12-24,California,State,8121,10543,221,110,30,14,5648652,25911551,160.05841495,40.32343942,3.40662819,0.38041501,0.60444257,0.03418222
2021-12-25,California,State,5118,6894,206,120,28,9,5631478,25925991,162.90826062,41.70001778,3.58951695,0.40995815,0.59106533,0.03636726
2021-12-26,California,State,12688,17337,234,161,34,5,5621906,25932986,184.15208548,48.52782586,3.81670253,0.4671381,0.5793663,0.03250135
2021-12-27,California,State,28140,35315,330,256,43,10,5594998,25953925,232.2661369,62.0104391,4.08528169,0.55097639,0.59491915,0.03467684
2021-12-28,California,State,33390,40885,320,253,24,6,5567463,25975128,290.33742247,77.43396463,4.47754595,0.62037368,0.56963622,0.03409855
2021-12-29,California,State,33310,41644,308,239,33,9,5539108,25997033,344.66611901,92.14787813,4.73258252,0.68689157,0.57771035,0.03571836
2021-12-30,California,State,31622,39586,286,270,28,7,5510041,26013918,395.09428592,105.55009163,4.93903507,0.77376162,0.57038725,0.03294939
2021-12-31,California,State,18354,24877,285,225,33,12,5479217,26035013,423.99697412,113.32980157,5.13368451,0.83623652,0.5814178,0.03182527
2022-01-01,California,State,10211,13979,311,202,25,12,5461963,26046584,438.65704902,117.16535047,5.42452804,0.88083939,0.57540799,0.03345654
2022-01-02,California,State,18852,24695,253,224,34,7,5451094,26052924,455.68572369,121.17148265,5.48513748,0.9151701,0.5765553,0.03454507
2022-01-03,California,State,49051,60589,363,261,41,8,5419618,26073563,513.45210783,134.92320062,5.60397957,0.91718519,0.57463196,0.03342192
2022-01-04,California,State,55423,65882,327,233,30,9,5386024,26095555,575.09424922,148.49381711,5.65749959,0.90546346,0.59413029,0.03503607
2022-01-05,California,State,52620,62672,310,204,32,7,5353010,26117600,630.17415836,159.87030092,5.69772894,0.88555501,0.59512579,0.03391255
2022-01-06,California,State,47858,56902,231,174,34,11,5324428,26134957,677.11901233,169.22928169,5.58074702,0.83249201,0.61441878,0.03607648
2022-01-07,California,State,43290,52879,189,133,29,7,5317612,26139795,744.97725671,184.50139228,5.32999721,0.78205882,0.60446037,0.03333724
2022-01-08,California,State,22617,28840,141,112,35,13,5317394,26139864,778.33776685,192.62260016,4.87349362,0.73287079,0.63135116,0.03388366
2022-01-09,California,State,16420,19735,88,59,26,13,5308506,26146121,773.09618079,189.86645968,4.43762197,0.64254273,0.61087943,0.03715383
