county,county_type,demographic_category,demographic_value,est_population,est_age_12plus_pop,est_age_5plus_pop,administered_date,partially_vaccinated,total_partially_vaccinated,fully_vaccinated,cumulative_fully_vaccinated,at_least_one_dose,cumulative_at_least_one_dose,cumulative_unvax_total_pop,cumulative_unvax_12plus_pop,cumulative_unvax_5plus_pop,suppress_data,booster_recip_count,cumulative_booster_recip_count,bivalent_booster_recip_count,cumulative_bivalent_booster_recip_count,booster_eligible_population,bivalent_booster_eligible_population
Alameda,MIXED,Age Group,12-17,120945.0,120945.0,120945.0,2023-03-28,1.0,6002.0,2.0,102624.0,1.0,108658.0,12287.0,12287.0,12287.0,False,27,62894,27,26914,102563,102563
Alameda,MIXED,Age Group,18-49,754988.0,754988.0,754988.0,2023-03-28,8.0,61732.0,4.0,668764.0,8.0,730509.0,24479.0,24479.0,24479.0,False,132,464017,132,193577,668428,668428
Alameda,MIXED,Age Group,5-11,131469.0,0.0,131469.0,2023-03-28,7.0,6096.0,3.0,90064.0,7.0,96169.0,35300.0,0.0,35300.0,False,30,40176,30,23039,89766,89766
Alameda,MIXED,Age Group,50-64,317128.0,317128.0,317128.0,2023-03-28,9.0,20098.0,1.0,284737.0,9.0,304835.0,12293.0,12293.0,12293.0,False,74,227368,74,119131,284662,284662
Alameda,MIXED,Age Group,65+,265863.0,265863.0,265863.0,2023-03-28,4.0,17923.0,0.0,244203.0,4.0,262126.0,3737.0,3737.0,3737.0,False,59,210545,59,138173,244163,244163
Alameda,MIXED,Age Group,Under 5,87941.0,0.0,0.0,2023-03-28,33.0,9213.0,48.0,21561.0,33.0,30779.0,57162.0,0.0,0.0,False,33,3212,33,3212,12981,12981
Alpine,MIXED,Age Group,12-17,84.0,84.0,84.0,2023-03-28,,,,,,,,,,True,0,1,0,0,6,6
Alpine,MIXED,Age Group,18-49,353.0,353.0,353.0,2023-03-28,0.0,33.0,0.0,215.0,0.0,248.0,105.0,105.0,105.0,False,0,107,0,30,215,215
Alpine,MIXED,Age Group,5-11,35.0,0.0,35.0,2023-03-28,,,,,,,,,,True,0,0,0,0,6,6
Alpine,MIXED,Age Group,50-64,287.0,287.0,287.0,2023-03-28,0.0,17.0,0.0,165.0,0.0,182.0,105.0,105.0,105.0,False,0,91,0,30,165,165
Alpine,MIXED,Age Group,65+,327.0,327.0,327.0,2023-03-28,0.0,18.0,0.0,217.0,0.0,235.0,92.0,92.0,92.0,False,0,171,0,65,217,217
Alpine,MIXED,Age Group,Under 5,47.0,0.0,0.0,2023-03-28,,,,,,,,,,True,0,0,0,0,2,2
Amador,MIXED,Age Group,12-17,2028.0,2028.0,2028.0,2023-03-28,0.0,76.0,0.0,864.0,0.0,940.0,1088.0,1088.0,1088.0,False,0,280,0,69,864,864
Amador,MIXED,Age Group,18-49,13320.0,13320.0,13320.0,2023-03-28,0.0,576.0,0.0,6007.0,0.0,6583.0,6737.0,6737.0,6737.0,False,0,2762,0,654,6001,6001
Amador,MIXED,Age Group,5-11,2018.0,0.0,2018.0,2023-03-28,0.0,88.0,0.0,314.0,0.0,402.0,1616.0,0.0,1616.0,False,0,52,0,26,312,312
Amador,MIXED,Age Group,50-64,7920.0,7920.0,7920.0,2023-03-28,0.0,414.0,0.0,5581.0,0.0,5995.0,1925.0,1925.0,1925.0,False,1,3471,1,1332,5581,5581
Amador,MIXED,Age Group,65+,11135.0,11135.0,11135.0,2023-03-28,0.0,685.0,0.0,9440.0,0.0,10125.0,1010.0,1010.0,1010.0,False,3,7077,3,4128,9440,9440
Amador,MIXED,Age Group,Under 5,1565.0,0.0,0.0,2023-03-28,,,,,,,,,,True,0,0,0,0,14,14
Butte,MIXED,Age Group,12-17,16811.0,16811.0,16811.0,2023-03-28,0.0,536.0,0.0,6470.0,0.0,7013.0,9798.0,9798.0,9798.0,False,1,2202,1,612,6461,6461
Butte,MIXED,Age Group,18-49,104011.0,104011.0,104011.0,2023-03-28,0.0,5120.0,0.0,50710.0,0.0,55831.0,48180.0,48180.0,48180.0,False,4,26817,4,6294,50671,50671
Butte,MIXED,Age Group,5-11,17159.0,0.0,17159.0,2023-03-28,0.0,348.0,1.0,3257.0,0.0,3605.0,13554.0,0.0,13554.0,False,0,693,0,362,3242,3242
Butte,MIXED,Age Group,50-64,33746.0,33746.0,33746.0,2023-03-28,1.0,1976.0,0.0,25305.0,1.0,27281.0,6465.0,6465.0,6465.0,False,2,16087,2,6162,25303,25303
Butte,MIXED,Age Group,65+,43181.0,43181.0,43181.0,2023-03-28,1.0,3071.0,0.0,32932.0,1.0,36003.0,7178.0,7178.0,7178.0,False,3,24871,3,13195,32929,32929
Butte,MIXED,Age Group,Under 5,12002.0,0.0,0.0,2023-03-28,0.0,221.0,2.0,341.0,0.0,562.0,11440.0,0.0,0.0,False,0,13,0,13,113,113
Calaveras,MIXED,Age Group,12-17,2599.0,2599.0,2599.0,2023-03-28,0.0,91.0,0.0,916.0,0.0,1007.0,1592.0,1592.0,1592.0,False,0,287,0,74,916,916
Calaveras,MIXED,Age Group,18-49,13612.0,13612.0,13612.0,2023-03-28,0.0,687.0,0.0,6620.0,0.0,7307.0,6305.0,6305.0,6305.0,False,0,2883,0,701,6619,6619
Calaveras,MIXED,Age Group,5-11,2460.0,0.0,2460.0,2023-03-28,0.0,81.0,0.0,314.0,0.0,395.0,2065.0,0.0,2065.0,False,0,49,0,18,313,313
Calaveras,MIXED,Age Group,50-64,9488.0,9488.0,9488.0,2023-03-28,0.0,442.0,0.0,6461.0,0.0,6903.0,2585.0,2585.0,2585.0,False,0,3972,0,1558,6460,6460
Calaveras,MIXED,Age Group,65+,14026.0,14026.0,14026.0,2023-03-28,0.0,650.0,0.0,10466.0,0.0,11116.0,2910.0,2910.0,2910.0,False,0,7959,0,4468,10466,10466
Calaveras,MIXED,Age Group,Under 5,1968.0,0.0,0.0,2023-03-28,,,,,,,,,,True,0,0,0,0,4,4
Colusa,MIXED,Age Group,12-17,2265.0,2265.0,2265.0,2023-03-28,0.0,122.0,0.0,982.0,0.0,1105.0,1160.0,1160.0,1160.0,False,0,161,0,28,982,982
Colusa,MIXED,Age Group,18-49,9455.0,9455.0,9455.0,2023-03-28,0.0,606.0,0.0,6147.0,0.0,6753.0,2702.0,2702.0,2702.0,False,0,2073,0,349,6139,6139
Colusa,MIXED,Age Group,5-11,2195.0,0.0,2195.0,2023-03-28,,,,,,,,,,True,0,22,0,7,355,355
Colusa,MIXED,Age Group,50-64,3824.0,3824.0,3824.0,2023-03-28,0.0,255.0,0.0,2983.0,0.0,3238.0,586.0,586.0,586.0,False,0,1514,0,394,2983,2983
Colusa,MIXED,Age Group,65+,3626.0,3626.0,3626.0,2023-03-28,0.0,206.0,0.0,2800.0,0.0,3006.0,620.0,620.0,620.0,False,0,1953,0,825,2800,2800
Colusa,MIXED,Age Group,Under 5,1421.0,0.0,0.0,2023-03-28,,,,,,,,,,True,0,1,0,1,7,7
Contra Costa,MIXED,Age Group,12-17,89158.0,89158.0,89158.0,2023-03-28,1.0,3872.0,0.0,79545.0,1.0,83436.0,5722.0,5722.0,5722.0,False,18,42040,18,16094,79499,79499
Contra Costa,MIXED,Age Group,18-49,472447.0,472447.0,472447.0,2023-03-28,10.0,29996.0,3.0,419579.0,10.0,449582.0,22865.0,22865.0,22865.0,False,71,266086,70,94061,419356,419356
Contra Costa,MIXED,Age Group,5-11,91375.0,0.0,91375.0,2023-03-28,4.0,4133.0,4.0,57031.0,4.0,61165.0,30210.0,0.0,30210.0,False,20,21302,20,12628,56837,56837
Contra Costa,MIXED,Age Group,50-64,238890.0,238890.0,238890.0,2023-03-28,2.0,11039.0,0.0,211476.0,2.0,222515.0,16375.0,16375.0,16375.0,False,51,165650,51,80662,211435,211435
Contra Costa,MIXED,Age Group,65+,208116.0,208116.0,208116.0,2023-03-28,6.0,11616.0,0.0,197274.0,6.0,208890.0,0.0,0.0,0.0,False,43,170796,43,111385,197254,197254
Contra Costa,MIXED,Age Group,Under 5,59521.0,0.0,0.0,2023-03-28,10.0,4513.0,11.0,10932.0,10.0,15450.0,44071.0,0.0,0.0,False,5,926,5,926,5573,5573
Del Norte,MIXED,Age Group,12-17,1911.0,1911.0,1911.0,2023-03-28,0.0,123.0,0.0,690.0,0.0,814.0,1097.0,1097.0,1097.0,False,0,203,0,59,690,690
Del Norte,MIXED,Age Group,18-49,11404.0,11404.0,11404.0,2023-03-28,0.0,741.0,0.0,4836.0,0.0,5578.0,5826.0,5826.0,5826.0,False,1,2148,1,525,4825,4825
Del Norte,MIXED,Age Group,5-11,2188.0,0.0,2188.0,2023-03-28,0.0,71.0,0.0,362.0,0.0,433.0,1755.0,0.0,1755.0,False,0,61,0,34,360,360
Del Norte,MIXED,Age Group,50-64,4812.0,4812.0,4812.0,2023-03-28,0.0,361.0,0.0,3447.0,0.0,3808.0,1004.0,1004.0,1004.0,False,1,2065,1,768,3445,3445
Del Norte,MIXED,Age Group,65+,5180.0,5180.0,5180.0,2023-03-28,0.0,430.0,0.0,4287.0,0.0,4717.0,463.0,463.0,463.0,False,1,3140,1,1612,4284,4284
Del Norte,MIXED,Age Group,Under 5,1345.0,0.0,0.0,2023-03-28,,,,,,,,,,True,0,2,0,2,22,22
El Dorado,MIXED,Age Group,12-17,14766.0,14766.0,14766.0,2023-03-28,0.0,664.0,0.0,7411.0,0.0,8078.0,6688.0,6688.0,6688.0,False,1,2914,1,902,7411,7411
El Dorado,MIXED,Age Group,18-49,70153.0,70153.0,70153.0,2023-03-28,1.0,4991.0,1.0,39978.0,1.0,44970.0,25183.0,25183.0,25183.0,False,5,20230,5,5759,39957,39957
El Dorado,MIXED,Age Group,5-11,12066.0,0.0,12066.0,2023-03-28,0.0,458.0,1.0,3794.0,0.0,4253.0,7813.0,0.0,7813.0,False,6,995,6,562,3789,3789
El Dorado,MIXED,Age Group,50-64,39866.0,39866.0,39866.0,2023-03-28,0.0,2631.0,0.0,30853.0,0.0,33484.0,6382.0,6382.0,6382.0,False,5,20556,5,8767,30848,30848
El Dorado,MIXED,Age Group,65+,43837.0,43837.0,43837.0,2023-03-28,1.0,2905.0,0.0,37556.0,1.0,40461.0,3376.0,3376.0,3376.0,False,6,29590,6,17451,37554,37554
El Dorado,MIXED,Age Group,Under 5,8401.0,0.0,0.0,2023-03-28,3.0,251.0,5.0,422.0,3.0,673.0,7728.0,0.0,0.0,False,0,24,0,24,226,226
Fresno,MIXED,Age Group,12-17,95109.0,95109.0,95109.0,2023-03-28,0.0,4797.0,0.0,54779.0,0.0,59603.0,35506.0,35506.0,35506.0,False,2,16422,2,4326,54728,54728
Fresno,MIXED,Age Group,18-49,448747.0,448747.0,448747.0,2023-03-28,3.0,33422.0,3.0,299410.0,3.0,332844.0,115903.0,115903.0,115903.0,False,35,139108,35,29471,299111,299111
Fresno,MIXED,Age Group,5-11,111540.0,0.0,111540.0,2023-03-28,0.0,4543.0,2.0,29389.0,0.0,33935.0,77605.0,0.0,77605.0,False,5,4741,5,2276,29290,29290
Fresno,MIXED,Age Group,50-64,158315.0,158315.0,158315.0,2023-03-28,0.0,11521.0,0.0,127614.0,0.0,139135.0,19180.0,19180.0,19180.0,False,22,81125,22,26214,127571,127571
Fresno,MIXED,Age Group,65+,135289.0,135289.0,135289.0,2023-03-28,1.0,11188.0,0.0,116878.0,1.0,128066.0,7223.0,7223.0,7223.0,False,19,88842,19,41308,116859,116859
Fresno,MIXED,Age Group,Under 5,72649.0,0.0,0.0,2023-03-28,0.0,1679.0,2.0,1711.0,0.0,3392.0,69257.0,0.0,0.0,False,1,75,1,75,938,938
Glenn,MIXED,Age Group,12-17,2657.0,2657.0,2657.0,2023-03-28,0.0,117.0,0.0,1265.0,0.0,1383.0,1274.0,1274.0,1274.0,False,1,339,1,73,1263,1263
Glenn,MIXED,Age Group,18-49,12107.0,12107.0,12107.0,2023-03-28,0.0,652.0,0.0,6357.0,0.0,7009.0,5098.0,5098.0,5098.0,False,0,2652,0,486,6351,6351
Glenn,MIXED,Age Group,5-11,2744.0,0.0,2744.0,2023-03-28,0.0,63.0,0.0,570.0,0.0,633.0,2111.0,0.0,2111.0,False,2,108,2,45,565,565
Glenn,MIXED,Age Group,50-64,4874.0,4874.0,4874.0,2023-03-28,0.0,303.0,0.0,3679.0,0.0,3982.0,892.0,892.0,892.0,False,0,2104,0,622,3678,3678
Glenn,MIXED,Age Group,65+,4937.0,4937.0,4937.0,2023-03-28,0.0,333.0,0.0,4100.0,0.0,4433.0,504.0,504.0,504.0,False,0,2929,0,1253,4099,4099
Glenn,MIXED,Age Group,Under 5,1866.0,0.0,0.0,2023-03-28,,,,,,,,,,True,0,0,0,0,7,7
Humboldt,MIXED,Age Group,12-17,10039.0,10039.0,10039.0,2023-03-28,0.0,489.0,0.0,5492.0,0.0,5984.0,4055.0,4055.0,4055.0,False,3,2527,3,980,5489,5489
Humboldt,MIXED,Age Group,18-49,57739.0,57739.0,57739.0,2023-03-28,1.0,4496.0,0.0,40510.0,1.0,45007.0,12732.0,12732.0,12732.0,False,13,22850,13,7271,40480,40480
Humboldt,MIXED,Age Group,5-11,10689.0,0.0,10689.0,2023-03-28,0.0,451.0,0.0,3722.0,0.0,4173.0,6516.0,0.0,6516.0,False,6,1064,6,602,3712,3712
Humboldt,MIXED,Age Group,50-64,23089.0,23089.0,23089.0,2023-03-28,1.0,1371.0,0.0,18433.0,1.0,19804.0,3285.0,3285.0,3285.0,False,5,12999,5,6211,18425,18425
Humboldt,MIXED,Age Group,65+,25940.0,25940.0,25940.0,2023-03-28,0.0,1706.0,0.0,23661.0,0.0,25367.0,573.0,573.0,573.0,False,4,19322,4,12481,23658,23658
Humboldt,MIXED,Age Group,Under 5,6718.0,0.0,0.0,2023-03-28,3.0,395.0,0.0,559.0,3.0,954.0,5764.0,0.0,0.0,False,0,64,0,64,406,406
Imperial,MIXED,Age Group,12-17,17481.0,17481.0,17481.0,2023-03-28,3.0,6615.0,0.0,20942.0,3.0,27572.0,0.0,0.0,0.0,False,2,6160,2,959,20929,20929
Imperial,MIXED,Age Group,18-49,81347.0,81347.0,81347.0,2023-03-28,17.0,45296.0,0.0,80763.0,17.0,126063.0,0.0,0.0,0.0,False,4,34914,4,5147,80687,80687
Imperial,MIXED,Age Group,5-11,22008.0,0.0,22008.0,2023-03-28,4.0,7097.0,1.0,16977.0,4.0,24101.0,0.0,0.0,0.0,False,5,2424,5,721,16924,16924
Imperial,MIXED,Age Group,50-64,30092.0,30092.0,30092.0,2023-03-28,0.0,14327.0,1.0,34223.0,0.0,48550.0,0.0,0.0,0.0,False,0,20492,0,4945,34209,34209
Imperial,MIXED,Age Group,65+,26762.0,26762.0,26762.0,2023-03-28,0.0,9548.0,0.0,27170.0,0.0,36718.0,0.0,0.0,0.0,False,4,18881,4,6051,27161,27161
Imperial,MIXED,Age Group,Under 5,13929.0,0.0,0.0,2023-03-28,6.0,2065.0,4.0,1155.0,6.0,3347.0,10582.0,0.0,0.0,False,0,93,0,93,423,423
Inyo,MIXED,Age Group,12-17,1360.0,1360.0,1360.0,2023-03-28,1.0,59.0,0.0,671.0,1.0,730.0,630.0,630.0,630.0,False,0,173,0,58,671,671
Inyo,MIXED,Age Group,18-49,5798.0,5798.0,5798.0,2023-03-28,1.0,528.0,0.0,4101.0,1.0,4629.0,1169.0,1169.0,1169.0,False,1,2092,1,649,4099,4099
Inyo,MIXED,Age Group,5-11,1444.0,0.0,1444.0,2023-03-28,0.0,47.0,0.0,363.0,0.0,410.0,1034.0,0.0,1034.0,False,1,75,1,50,362,362
Inyo,MIXED,Age Group,50-64,4020.0,4020.0,4020.0,2023-03-28,0.0,215.0,0.0,2706.0,0.0,2921.0,1099.0,1099.0,1099.0,False,0,1783,0,746,2705,2705
Inyo,MIXED,Age Group,65+,4659.0,4659.0,4659.0,2023-03-28,0.0,238.0,0.0,3852.0,0.0,4090.0,569.0,569.0,569.0,False,0,2987,0,1718,3852,3852
Inyo,MIXED,Age Group,Under 5,891.0,0.0,0.0,2023-03-28,,,,,,,,,,True,0,0,0,0,19,19
Kern,MIXED,Age Group,12-17,87386.0,87386.0,87386.0,2023-03-28,0.0,4891.0,0.0,44555.0,0.0,49471.0,37915.0,37915.0,37915.0,False,2,11633,2,2382,44515,44515
Kern,MIXED,Age Group,18-49,418298.0,418298.0,418298.0,2023-03-28,2.0,29437.0,1.0,234354.0,2.0,263796.0,154502.0,154502.0,154502.0,False,11,98944,11,18137,234128,234128
Kern,MIXED,Age Group,5-11,98860.0,0.0,98860.0,2023-03-28,0.0,3872.0,0.0,20710.0,0.0,24584.0,74276.0,0.0,74276.0,False,1,2568,1,1085,20622,20622
Kern,MIXED,Age Group,50-64,141795.0,141795.0,141795.0,2023-03-28,2.0,10110.0,0.0,106057.0,2.0,116167.0,25628.0,25628.0,25628.0,False,14,62325,14,18210,106027,106027
Kern,MIXED,Age Group,65+,108838.0,108838.0,108838.0,2023-03-28,5.0,8152.0,0.0,89599.0,5.0,97751.0,11087.0,11087.0,11087.0,False,21,63389,21,26991,89590,89590
Kern,MIXED,Age Group,Under 5,65474.0,0.0,0.0,2023-03-28,2.0,988.0,2.0,778.0,2.0,1769.0,63705.0,0.0,0.0,False,0,31,0,31,276,276
Kings,MIXED,Age Group,12-17,17305.0,17305.0,17305.0,2023-03-28,0.0,710.0,0.0,6320.0,0.0,7033.0,10272.0,10272.0,10272.0,False,0,1393,0,353,6312,6312
Kings,MIXED,Age Group,18-49,71634.0,71634.0,71634.0,2023-03-28,0.0,5199.0,0.0,34190.0,0.0,39391.0,32243.0,32243.0,32243.0,False,1,13878,1,2446,34147,34147
Kings,MIXED,Age Group,5-11,18216.0,0.0,18216.0,2023-03-28,0.0,457.0,0.0,2766.0,0.0,3224.0,14992.0,0.0,14992.0,False,0,335,0,157,2759,2759
Kings,MIXED,Age Group,50-64,19502.0,19502.0,19502.0,2023-03-28,0.0,1698.0,0.0,15028.0,0.0,16726.0,2776.0,2776.0,2776.0,False,0,8857,0,2445,15022,15022
Kings,MIXED,Age Group,65+,16867.0,16867.0,16867.0,2023-03-28,0.0,1419.0,0.0,12822.0,0.0,14241.0,2626.0,2626.0,2626.0,False,2,9084,2,3642,12821,12821
Kings,MIXED,Age Group,Under 5,11576.0,0.0,0.0,2023-03-28,,,,,,,,,,True,0,4,0,4,82,82
Lake,MIXED,Age Group,12-17,4623.0,4623.0,4623.0,2023-03-28,0.0,326.0,0.0,1814.0,0.0,2142.0,2481.0,2481.0,2481.0,False,0,423,0,96,1813,1813
Lake,MIXED,Age Group,18-49,23135.0,23135.0,23135.0,2023-03-28,0.0,1953.0,0.0,12667.0,0.0,14620.0,8515.0,8515.0,8515.0,False,0,5261,0,959,12659,12659
Lake,MIXED,Age Group,5-11,5301.0,0.0,5301.0,2023-03-28,0.0,241.0,0.0,752.0,0.0,993.0,4308.0,0.0,4308.0,False,0,68,0,25,748,748
Lake,MIXED,Age Group,50-64,12351.0,12351.0,12351.0,2023-03-28,0.0,886.0,0.0,9330.0,0.0,10216.0,2135.0,2135.0,2135.0,False,1,5573,1,1601,9328,9328
Lake,MIXED,Age Group,65+,15114.0,15114.0,15114.0,2023-03-28,0.0,1021.0,0.0,11498.0,0.0,12519.0,2595.0,2595.0,2595.0,False,0,8617,0,3635,11498,11498
Lake,MIXED,Age Group,Under 5,3650.0,0.0,0.0,2023-03-28,,,,,,,,,,True,0,1,0,1,22,22
Lassen,MIXED,Age Group,12-17,1663.0,1663.0,1663.0,2023-03-28,0.0,54.0,0.0,273.0,0.0,327.0,1336.0,1336.0,1336.0,False,0,41,0,20,273,273
Lassen,MIXED,Age Group,18-49,14093.0,14093.0,14093.0,2023-03-28,0.0,390.0,0.0,3297.0,0.0,3687.0,10406.0,10406.0,10406.0,False,0,1186,0,187,3295,3295
Lassen,MIXED,Age Group,5-11,2031.0,0.0,2031.0,2023-03-28,,,,,,,,,,True,0,9,0,7,78,78
Lassen,MIXED,Age Group,50-64,5382.0,5382.0,5382.0,2023-03-28,0.0,245.0,0.0,2301.0,0.0,2546.0,2836.0,2836.0,2836.0,False,0,1185,0,322,2301,2301
Lassen,MIXED,Age Group,65+,5241.0,5241.0,5241.0,2023-03-28,0.0,301.0,0.0,3026.0,0.0,3327.0,1914.0,1914.0,1914.0,False,0,1989,0,884,3026,3026
Lassen,MIXED,Age Group,Under 5,1555.0,0.0,0.0,2023-03-28,,,,,,,,,,True,0,0,0,0,4,4
Los Angeles,MIXED,Age Group,12-17,772656.0,772656.0,772656.0,2023-03-28,7.0,61731.0,4.0,568683.0,7.0,630644.0,142012.0,142012.0,142012.0,False,80,222318,80,70830,568303,568303
Los Angeles,MIXED,Age Group,18-49,4408443.0,4408443.0,4408443.0,2023-03-28,64.0,436061.0,25.0,3618859.0,64.0,4055032.0,353411.0,353411.0,353411.0,False,430,1981394,430,613467,3616733,3616733
Los Angeles,MIXED,Age Group,5-11,865272.0,0.0,865272.0,2023-03-28,19.0,48113.0,15.0,315316.0,19.0,363466.0,501806.0,0.0,501806.0,False,72,86398,72,47227,314209,314209
Los Angeles,MIXED,Age Group,50-64,1971374.0,1971374.0,1971374.0,2023-03-28,25.0,154297.0,5.0,1643209.0,25.0,1797506.0,173868.0,173868.0,173868.0,False,317,1137820,317,469102,1642806,1642806
Los Angeles,MIXED,Age Group,65+,1644144.0,1644144.0,1644144.0,2023-03-28,15.0,125338.0,0.0,1363410.0,15.0,1488748.0,155396.0,155396.0,155396.0,False,372,1089575,372,594311,1363200,1363200
Los Angeles,MIXED,Age Group,Under 5,536500.0,0.0,0.0,2023-03-28,50.0,25980.0,53.0,36461.0,50.0,62470.0,474030.0,0.0,0.0,False,18,3570,18,3570,19246,19246
Madera,MIXED,Age Group,12-17,14398.0,14398.0,14398.0,2023-03-28,0.0,1006.0,0.0,7731.0,0.0,8738.0,5660.0,5660.0,5660.0,False,0,1994,0,391,7722,7722
Madera,MIXED,Age Group,18-49,70886.0,70886.0,70886.0,2023-03-28,0.0,4778.0,0.0,38386.0,0.0,43164.0,27722.0,27722.0,27722.0,False,4,15970,4,2854,38324,38324
Madera,MIXED,Age Group,5-11,15750.0,0.0,15750.0,2023-03-28,0.0,665.0,0.0,4077.0,0.0,4742.0,11008.0,0.0,11008.0,False,0,527,0,202,4058,4058
Madera,MIXED,Age Group,50-64,24912.0,24912.0,24912.0,2023-03-28,0.0,1636.0,0.0,18617.0,0.0,20253.0,4659.0,4659.0,4659.0,False,0,11211,0,3239,18611,18611
Madera,MIXED,Age Group,65+,24667.0,24667.0,24667.0,2023-03-28,0.0,1748.0,0.0,19249.0,0.0,20997.0,3670.0,3670.0,3670.0,False,0,14285,0,5894,19249,19249
Madera,MIXED,Age Group,Under 5,10508.0,0.0,0.0,2023-03-28,,,,,,,,,,True,0,3,0,3,74,74
Marin,MIXED,Age Group,12-17,19971.0,19971.0,19971.0,2023-03-28,1.0,1149.0,0.0,18687.0,1.0,19842.0,129.0,129.0,129.0,False,9,12827,9,5628,18671,18671
Marin,MIXED,Age Group,18-49,89471.0,89471.0,89471.0,2023-03-28,0.0,8684.0,0.0,83716.0,0.0,92402.0,0.0,0.0,0.0,False,17,56977,17,22995,83681,83681
Marin,MIXED,Age Group,5-11,17918.0,0.0,17918.0,2023-03-28,0.0,1152.0,1.0,14346.0,0.0,15498.0,2420.0,0.0,2420.0,False,7,7081,7,4107,14286,14286
Marin,MIXED,Age Group,50-64,57543.0,57543.0,57543.0,2023-03-28,0.0,3373.0,0.0,53323.0,0.0,56696.0,847.0,847.0,847.0,False,5,44428,5,25318,53318,53318
Marin,MIXED,Age Group,65+,64165.0,64165.0,64165.0,2023-03-28,0.0,3843.0,0.0,59854.0,0.0,63697.0,468.0,468.0,468.0,False,6,53639,6,38889,59851,59851
Marin,MIXED,Age Group,Under 5,9097.0,0.0,0.0,2023-03-28,3.0,1384.0,6.0,3640.0,3.0,5024.0,4073.0,0.0,0.0,False,7,553,7,553,2828,2828
Mariposa,MIXED,Age Group,12-17,940.0,940.0,940.0,2023-03-28,0.0,45.0,0.0,358.0,0.0,404.0,536.0,536.0,536.0,False,0,146,0,37,358,358
Mariposa,MIXED,Age Group,18-49,5581.0,5581.0,5581.0,2023-03-28,0.0,591.0,0.0,2833.0,0.0,3424.0,2157.0,2157.0,2157.0,False,0,1321,0,475,2833,2833
Mariposa,MIXED,Age Group,5-11,983.0,0.0,983.0,2023-03-28,0.0,88.0,0.0,163.0,0.0,251.0,732.0,0.0,732.0,False,0,44,0,15,163,163
Mariposa,MIXED,Age Group,50-64,3872.0,3872.0,3872.0,2023-03-28,0.0,323.0,0.0,2322.0,0.0,2645.0,1227.0,1227.0,1227.0,False,0,1388,0,604,2321,2321
Mariposa,MIXED,Age Group,65+,5415.0,5415.0,5415.0,2023-03-28,0.0,452.0,0.0,3490.0,0.0,3942.0,1473.0,1473.0,1473.0,False,0,2506,0,1482,3490,3490
Mariposa,MIXED,Age Group,Under 5,780.0,0.0,0.0,2023-03-28,,,,,,,,,,True,0,0,0,0,1,1
Mendocino,MIXED,Age Group,12-17,6465.0,6465.0,6465.0,2023-03-28,0.0,381.0,0.0,3645.0,0.0,4028.0,2437.0,2437.0,2437.0,False,0,1310,0,413,3642,3642
Mendocino,MIXED,Age Group,18-49,33260.0,33260.0,33260.0,2023-03-28,1.0,3497.0,0.0,23217.0,1.0,26714.0,6546.0,6546.0,6546.0,False,4,11063,4,2648,23206,23206
Mendocino,MIXED,Age Group,5-11,7344.0,0.0,7344.0,2023-03-28,0.0,337.0,0.0,1936.0,0.0,2273.0,5071.0,0.0,5071.0,False,0,361,0,206,1928,1928
Mendocino,MIXED,Age Group,50-64,16107.0,16107.0,16107.0,2023-03-28,1.0,1404.0,0.0,13030.0,1.0,14434.0,1673.0,1673.0,1673.0,False,1,8834,1,3565,13026,13026
Mendocino,MIXED,Age Group,65+,20465.0,20465.0,20465.0,2023-03-28,0.0,1550.0,0.0,18610.0,0.0,20160.0,305.0,305.0,305.0,False,4,15098,4,9131,18608,18608
Mendocino,MIXED,Age Group,Under 5,4656.0,0.0,0.0,2023-03-28,,,,,,,,,,True,0,3,0,3,25,25
Merced,MIXED,Age Group,12-17,28890.0,28890.0,28890.0,2023-03-28,0.0,2244.0,0.0,14706.0,0.0,16956.0,11934.0,11934.0,11934.0,False,2,3608,2,724,14697,14697
Merced,MIXED,Age Group,18-49,129509.0,129509.0,129509.0,2023-03-28,0.0,11260.0,0.0,77949.0,0.0,89210.0,40299.0,40299.0,40299.0,False,2,32926,2,5887,77872,77872
Merced,MIXED,Age Group,5-11,30244.0,0.0,30244.0,2023-03-28,0.0,1697.0,0.0,6453.0,0.0,8152.0,22092.0,0.0,22092.0,False,0,530,0,85,6426,6426
Merced,MIXED,Age Group,50-64,43289.0,43289.0,43289.0,2023-03-28,0.0,3653.0,0.0,32675.0,0.0,36328.0,6961.0,6961.0,6961.0,False,2,19176,2,5520,32672,32672
Merced,MIXED,Age Group,65+,33576.0,33576.0,33576.0,2023-03-28,0.0,2448.0,0.0,28661.0,0.0,31109.0,2467.0,2467.0,2467.0,False,2,20620,2,8553,28659,28659
Merced,MIXED,Age Group,Under 5,20293.0,0.0,0.0,2023-03-28,,,,,,,,,,True,0,1,0,1,20,20
Modoc,MIXED,Age Group,12-17,652.0,652.0,652.0,2023-03-28,0.0,12.0,0.0,151.0,0.0,165.0,487.0,487.0,487.0,False,0,38,0,12,151,151
Modoc,MIXED,Age Group,18-49,3170.0,3170.0,3170.0,2023-03-28,0.0,106.0,0.0,1024.0,0.0,1130.0,2040.0,2040.0,2040.0,False,0,396,0,94,1022,1022
Modoc,MIXED,Age Group,5-11,592.0,0.0,592.0,2023-03-28,,,,,,,,,,True,0,9,0,6,41,41
Modoc,MIXED,Age Group,50-64,1810.0,1810.0,1810.0,2023-03-28,0.0,48.0,0.0,940.0,0.0,988.0,822.0,822.0,822.0,False,0,533,0,163,939,939
Modoc,MIXED,Age Group,65+,2671.0,2671.0,2671.0,2023-03-28,0.0,98.0,0.0,1585.0,0.0,1683.0,988.0,988.0,988.0,False,0,1084,0,513,1585,1585
Modoc,MIXED,Age Group,Under 5,489.0,0.0,0.0,2023-03-28,,,,,,,,,,True,0,1,0,1,7,7
Mono,MIXED,Age Group,12-17,1074.0,1074.0,1074.0,2023-03-28,0.0,81.0,0.0,705.0,0.0,787.0,287.0,287.0,287.0,False,0,274,0,76,704,704
Mono,MIXED,Age Group,18-49,5416.0,5416.0,5416.0,2023-03-28,0.0,560.0,0.0,4262.0,0.0,4822.0,594.0,594.0,594.0,False,0,2081,0,615,4260,4260
Mono,MIXED,Age Group,5-11,993.0,0.0,993.0,2023-03-28,0.0,62.0,1.0,410.0,0.0,472.0,521.0,0.0,521.0,False,2,66,2,49,408,408
Mono,MIXED,Age Group,50-64,3147.0,3147.0,3147.0,2023-03-28,0.0,182.0,0.0,2047.0,0.0,2229.0,918.0,918.0,918.0,False,0,1398,0,605,2047,2047
Mono,MIXED,Age Group,65+,2558.0,2558.0,2558.0,2023-03-28,0.0,132.0,0.0,1687.0,0.0,1819.0,739.0,739.0,739.0,False,0,1316,0,793,1686,1686
Mono,MIXED,Age Group,Under 5,650.0,0.0,0.0,2023-03-28,,,,,,,,,,True,0,0,0,0,52,52
Monterey,MIXED,Age Group,12-17,39793.0,39793.0,39793.0,2023-03-28,1.0,2612.0,2.0,29264.0,1.0,31884.0,7909.0,7909.0,7909.0,False,12,11275,12,3724,29203,29203
Monterey,MIXED,Age Group,18-49,191617.0,191617.0,191617.0,2023-03-28,0.0,19618.0,0.0,155541.0,0.0,175165.0,16452.0,16452.0,16452.0,False,15,74791,15,19011,155454,155454
Monterey,MIXED,Age Group,5-11,44520.0,0.0,44520.0,2023-03-28,3.0,2467.0,1.0,18027.0,3.0,20494.0,24026.0,0.0,24026.0,False,7,4031,7,2342,17901,17901
Monterey,MIXED,Age Group,50-64,73175.0,73175.0,73175.0,2023-03-28,0.0,6106.0,0.0,62751.0,0.0,68857.0,4318.0,4318.0,4318.0,False,12,44122,12,18110,62740,62740
Monterey,MIXED,Age Group,65+,67646.0,67646.0,67646.0,2023-03-28,0.0,5507.0,0.0,58176.0,0.0,63683.0,3963.0,3963.0,3963.0,False,5,47764,5,28704,58175,58175
Monterey,MIXED,Age Group,Under 5,28430.0,0.0,0.0,2023-03-28,6.0,1738.0,0.0,1383.0,6.0,3121.0,25309.0,0.0,0.0,False,0,26,0,26,365,365
Napa,MIXED,Age Group,12-17,10536.0,10536.0,10536.0,2023-03-28,1.0,669.0,0.0,8201.0,1.0,8875.0,1661.0,1661.0,1661.0,False,2,4131,2,1483,8195,8195
Napa,MIXED,Age Group,18-49,56475.0,56475.0,56475.0,2023-03-28,2.0,6054.0,1.0,45759.0,2.0,51816.0,4659.0,4659.0,4659.0,False,10,26981,10,8456,45726,45726
Napa,MIXED,Age Group,5-11,10228.0,0.0,10228.0,2023-03-28,1.0,570.0,0.0,5291.0,1.0,5861.0,4367.0,0.0,4367.0,False,8,1782,8,972,5274,5274
Napa,MIXED,Age Group,50-64,27435.0,27435.0,27435.0,2023-03-28,0.0,2347.0,0.0,24331.0,0.0,26678.0,757.0,757.0,757.0,False,5,18376,5,8830,24326,24326
Napa,MIXED,Age Group,65+,28618.0,28618.0,28618.0,2023-03-28,0.0,2197.0,0.0,27120.0,0.0,29317.0,0.0,0.0,0.0,False,6,23003,6,15169,27116,27116
Napa,MIXED,Age Group,Under 5,6077.0,0.0,0.0,2023-03-28,3.0,334.0,0.0,754.0,3.0,1088.0,4989.0,0.0,0.0,False,3,72,3,72,519,519
Nevada,MIXED,Age Group,12-17,5576.0,5576.0,5576.0,2023-03-28,0.0,320.0,0.0,3277.0,0.0,3598.0,1978.0,1978.0,1978.0,False,0,1252,0,437,3276,3276
Nevada,MIXED,Age Group,18-49,34085.0,34085.0,34085.0,2023-03-28,0.0,2974.0,0.0,20350.0,0.0,23324.0,10761.0,10761.0,10761.0,False,2,9833,2,3023,20344,20344
Nevada,MIXED,Age Group,5-11,5687.0,0.0,5687.0,2023-03-28,0.0,279.0,0.0,1906.0,0.0,2185.0,3502.0,0.0,3502.0,False,2,472,2,267,1902,1902
Nevada,MIXED,Age Group,50-64,19621.0,19621.0,19621.0,2023-03-28,0.0,1405.0,0.0,14774.0,0.0,16179.0,3442.0,3442.0,3442.0,False,1,9790,1,4602,14773,14773
Nevada,MIXED,Age Group,65+,29138.0,29138.0,29138.0,2023-03-28,0.0,2173.0,0.0,23929.0,0.0,26102.0,3036.0,3036.0,3036.0,False,4,19021,4,11906,23929,23929
Nevada,MIXED,Age Group,Under 5,3910.0,0.0,0.0,2023-03-28,0.0,207.0,0.0,298.0,0.0,505.0,3405.0,0.0,0.0,False,1,30,1,30,185,185
Orange,MIXED,Age Group,12-17,250993.0,250993.0,250993.0,2023-03-28,1.0,14851.0,1.0,167576.0,1.0,182480.0,68513.0,68513.0,68513.0,False,14,69534,14,20795,167450,167450
Orange,MIXED,Age Group,18-49,1328917.0,1328917.0,1328917.0,2023-03-28,12.0,109175.0,7.0,1066730.0,13.0,1175926.0,152991.0,152991.0,152991.0,False,98,597841,98,169870,1066160,1066160
Orange,MIXED,Age Group,5-11,272183.0,0.0,272183.0,2023-03-28,10.0,13477.0,1.0,97644.0,10.0,111157.0,161026.0,0.0,161026.0,False,24,26065,24,13707,97332,97332
Orange,MIXED,Age Group,50-64,646140.0,646140.0,646140.0,2023-03-28,6.0,43118.0,0.0,542384.0,6.0,585502.0,60638.0,60638.0,60638.0,False,57,373783,57,146009,542281,542281
Orange,MIXED,Age Group,65+,531607.0,531607.0,531607.0,2023-03-28,5.0,39500.0,1.0,483386.0,5.0,522886.0,8721.0,8721.0,8721.0,False,74,387287,74,209828,483337,483337
Orange,MIXED,Age Group,Under 5,179432.0,0.0,0.0,2023-03-28,15.0,6624.0,23.0,12416.0,15.0,19048.0,160384.0,0.0,0.0,False,10,1054,10,1054,7438,7438
Placer,MIXED,Age Group,12-17,27685.0,27685.0,27685.0,2023-03-28,0.0,1097.0,0.0,19077.0,0.0,20182.0,7503.0,7503.0,7503.0,False,1,8132,1,2848,19067,19067
Placer,MIXED,Age Group,18-49,161387.0,161387.0,161387.0,2023-03-28,3.0,8887.0,0.0,103115.0,3.0,112003.0,49384.0,49384.0,49384.0,False,10,57268,10,16733,103059,103059
Placer,MIXED,Age Group,5-11,26482.0,0.0,26482.0,2023-03-28,0.0,906.0,0.0,12287.0,0.0,13194.0,13288.0,0.0,13288.0,False,1,3806,1,2075,12264,12264
Placer,MIXED,Age Group,50-64,76937.0,76937.0,76937.0,2023-03-28,1.0,4020.0,0.0,61956.0,1.0,65976.0,10961.0,10961.0,10961.0,False,8,42551,8,18144,61944,61944
Placer,MIXED,Age Group,65+,85295.0,85295.0,85295.0,2023-03-28,2.0,4911.0,0.0,76432.0,2.0,81343.0,3952.0,3952.0,3952.0,False,13,62342,13,37681,76427,76427
Placer,MIXED,Age Group,Under 5,18590.0,0.0,0.0,2023-03-28,1.0,760.0,1.0,1452.0,1.0,2213.0,16377.0,0.0,0.0,False,1,109,1,109,739,739
Plumas,MIXED,Age Group,12-17,1189.0,1189.0,1189.0,2023-03-28,0.0,48.0,0.0,413.0,0.0,461.0,728.0,728.0,728.0,False,0,126,0,44,413,413
Plumas,MIXED,Age Group,18-49,6077.0,6077.0,6077.0,2023-03-28,0.0,372.0,0.0,2806.0,0.0,3178.0,2899.0,2899.0,2899.0,False,0,1203,0,300,2804,2804
Plumas,MIXED,Age Group,5-11,1096.0,0.0,1096.0,2023-03-28,0.0,44.0,0.0,161.0,0.0,205.0,891.0,0.0,891.0,False,0,29,0,14,160,160
Plumas,MIXED,Age Group,50-64,3728.0,3728.0,3728.0,2023-03-28,0.0,222.0,0.0,2640.0,0.0,2862.0,866.0,866.0,866.0,False,0,1571,0,589,2640,2640
Plumas,MIXED,Age Group,65+,6184.0,6184.0,6184.0,2023-03-28,0.0,298.0,0.0,4445.0,0.0,4743.0,1441.0,1441.0,1441.0,False,0,3246,0,1685,4445,4445
Plumas,MIXED,Age Group,Under 5,850.0,0.0,0.0,2023-03-28,,,,,,,,,,True,0,3,0,3,7,7
Riverside,MIXED,Age Group,12-17,215020.0,215020.0,215020.0,2023-03-28,0.0,12381.0,0.0,116074.0,0.0,128493.0,86527.0,86527.0,86527.0,False,10,34679,10,8465,116004,116004
Riverside,MIXED,Age Group,18-49,1047428.0,1047428.0,1047428.0,2023-03-28,6.0,78592.0,10.0,654084.0,8.0,732689.0,314739.0,314739.0,314739.0,False,60,298603,60,64847,653621,653621
Riverside,MIXED,Age Group,5-11,226400.0,0.0,226400.0,2023-03-28,4.0,9396.0,1.0,53172.0,4.0,62588.0,163812.0,0.0,163812.0,False,1,9550,1,4753,53041,53041
Riverside,MIXED,Age Group,50-64,445401.0,445401.0,445401.0,2023-03-28,2.0,33187.0,0.0,338887.0,2.0,372074.0,73327.0,73327.0,73327.0,False,66,211860,66,74047,338802,338802
Riverside,MIXED,Age Group,65+,396909.0,396909.0,396909.0,2023-03-28,4.0,33542.0,0.0,328158.0,4.0,361700.0,35209.0,35209.0,35209.0,False,59,245784,59,123361,328106,328106
Riverside,MIXED,Age Group,Under 5,146813.0,0.0,0.0,2023-03-28,8.0,3326.0,5.0,2824.0,8.0,6152.0,140661.0,0.0,0.0,False,2,156,2,156,1261,1261
Sacramento,MIXED,Age Group,12-17,127281.0,127281.0,127281.0,2023-03-28,1.0,6983.0,0.0,80698.0,1.0,87728.0,39553.0,39553.0,39553.0,False,21,32814,21,11633,80601,80601
Sacramento,MIXED,Age Group,18-49,683358.0,683358.0,683358.0,2023-03-28,6.0,44135.0,4.0,492631.0,6.0,536785.0,146573.0,146573.0,146573.0,False,70,277737,70,91296,492154,492154
Sacramento,MIXED,Age Group,5-11,136724.0,0.0,136724.0,2023-03-28,6.0,6304.0,4.0,54662.0,6.0,60973.0,75751.0,0.0,75751.0,False,12,15329,12,9006,54404,54404
Sacramento,MIXED,Age Group,50-64,281015.0,281015.0,281015.0,2023-03-28,4.0,16299.0,3.0,229807.0,4.0,246106.0,34909.0,34909.0,34909.0,False,40,163440,40,73196,229721,229721
Sacramento,MIXED,Age Group,65+,235049.0,235049.0,235049.0,2023-03-28,8.0,15282.0,1.0,217426.0,8.0,232708.0,2341.0,2341.0,2341.0,False,42,178183,42,107105,217387,217387
Sacramento,MIXED,Age Group,Under 5,95110.0,0.0,0.0,2023-03-28,12.0,4591.0,24.0,6891.0,12.0,11484.0,83626.0,0.0,0.0,False,2,507,2,507,3597,3597
San Benito,MIXED,Age Group,12-17,5019.0,5019.0,5019.0,2023-03-28,0.0,266.0,0.0,3999.0,0.0,4265.0,754.0,754.0,754.0,False,0,1640,0,480,3995,3995
San Benito,MIXED,Age Group,18-49,27248.0,27248.0,27248.0,2023-03-28,0.0,1943.0,0.0,20785.0,0.0,22730.0,4518.0,4518.0,4518.0,False,3,11132,3,2834,20776,20776
San Benito,MIXED,Age Group,5-11,5053.0,0.0,5053.0,2023-03-28,0.0,212.0,0.0,2405.0,0.0,2617.0,2436.0,0.0,2436.0,False,0,600,0,285,2395,2395
San Benito,MIXED,Age Group,50-64,11755.0,11755.0,11755.0,2023-03-28,0.0,799.0,0.0,9992.0,0.0,10791.0,964.0,964.0,964.0,False,0,6928,0,2802,9990,9990
San Benito,MIXED,Age Group,65+,9150.0,9150.0,9150.0,2023-03-28,0.0,736.0,0.0,7757.0,0.0,8493.0,657.0,657.0,657.0,False,0,6239,0,3472,7755,7755
San Benito,MIXED,Age Group,Under 5,3494.0,0.0,0.0,2023-03-28,,,,,,,,,,True,0,10,0,10,79,79
San Bernardino,MIXED,Age Group,12-17,204583.0,204583.0,204583.0,2023-03-28,5.0,9128.0,1.0,100345.0,5.0,109512.0,95071.0,95071.0,95071.0,False,14,30210,14,7707,100254,100254
San Bernardino,MIXED,Age Group,18-49,967274.0,967274.0,967274.0,2023-03-28,8.0,62564.0,4.0,598749.0,9.0,661323.0,305951.0,305951.0,305951.0,False,50,277002,50,63075,598265,598265
San Bernardino,MIXED,Age Group,5-11,222031.0,0.0,222031.0,2023-03-28,3.0,7137.0,1.0,46806.0,3.0,53944.0,168087.0,0.0,168087.0,False,6,9146,6,4781,46616,46616
San Bernardino,MIXED,Age Group,50-64,381023.0,381023.0,381023.0,2023-03-28,4.0,24532.0,0.0,291570.0,4.0,316102.0,64921.0,64921.0,64921.0,False,50,180861,50,61846,291474,291474
San Bernardino,MIXED,Age Group,65+,281805.0,281805.0,281805.0,2023-03-28,9.0,21546.0,0.0,234058.0,9.0,255604.0,26201.0,26201.0,26201.0,False,55,173423,55,83879,234021,234021
San Bernardino,MIXED,Age Group,Under 5,143624.0,0.0,0.0,2023-03-28,5.0,3037.0,6.0,3229.0,5.0,6274.0,137350.0,0.0,0.0,False,0,181,0,181,1483,1483
San Diego,MIXED,Age Group,12-17,276569.0,276569.0,276569.0,2023-03-28,4.0,24133.0,1.0,190241.0,4.0,214429.0,62140.0,62140.0,62140.0,False,48,83422,48,27352,190064,190064
San Diego,MIXED,Age Group,18-49,1415252.0,1415252.0,1415252.0,2023-03-28,78.0,217932.0,11.0,1195500.0,78.0,1413487.0,1765.0,1765.0,1765.0,False,155,656851,155,184629,1194792,1194792
San Diego,MIXED,Age Group,5-11,321617.0,0.0,321617.0,2023-03-28,17.0,28821.0,14.0,129535.0,17.0,158367.0,163250.0,0.0,163250.0,False,43,35847,43,18487,128936,128936
San Diego,MIXED,Age Group,50-64,598529.0,598529.0,598529.0,2023-03-28,11.0,62476.0,1.0,532077.0,11.0,594553.0,3976.0,3976.0,3976.0,False,101,372174,101,151655,531961,531961
San Diego,MIXED,Age Group,65+,537469.0,537469.0,537469.0,2023-03-28,8.0,46098.0,0.0,493466.0,8.0,539564.0,0.0,0.0,0.0,False,108,396171,108,216428,493399,493399
San Diego,MIXED,Age Group,Under 5,194391.0,0.0,0.0,2023-03-28,44.0,15644.0,33.0,18169.0,44.0,33821.0,160570.0,0.0,0.0,False,6,1521,6,1521,10129,10129
San Francisco,MIXED,Age Group,12-17,40198.0,40198.0,40198.0,2023-03-28,1.0,2829.0,1.0,34986.0,1.0,37826.0,2372.0,2372.0,2372.0,False,14,24312,14,10918,34956,34956
San Francisco,MIXED,Age Group,18-49,432220.0,432220.0,432220.0,2023-03-28,3.0,48771.0,1.0,389632.0,3.0,438409.0,0.0,0.0,0.0,False,59,295739,59,138011,389419,389419
San Francisco,MIXED,Age Group,5-11,55918.0,0.0,55918.0,2023-03-28,1.0,2980.0,0.0,33098.0,1.0,36078.0,19840.0,0.0,19840.0,False,12,17918,12,9887,33004,33004
San Francisco,MIXED,Age Group,50-64,164698.0,164698.0,164698.0,2023-03-28,4.0,10959.0,1.0,150013.0,4.0,160972.0,3726.0,3726.0,3726.0,False,27,127432,27,72264,149967,149967
San Francisco,MIXED,Age Group,65+,160005.0,160005.0,160005.0,2023-03-28,3.0,9134.0,0.0,140801.0,3.0,149935.0,10070.0,10070.0,10070.0,False,38,124882,38,82175,140789,140789
San Francisco,MIXED,Age Group,Under 5,39390.0,0.0,0.0,2023-03-28,6.0,5525.0,13.0,10396.0,6.0,15926.0,23464.0,0.0,0.0,False,5,1884,5,1884,7202,7202
San Joaquin,MIXED,Age Group,12-17,72008.0,72008.0,72008.0,2023-03-28,0.0,5110.0,0.0,43476.0,0.0,48613.0,23395.0,23395.0,23395.0,False,1,14683,1,4130,43428,43428
San Joaquin,MIXED,Age Group,18-49,332959.0,332959.0,332959.0,2023-03-28,0.0,26391.0,1.0,237320.0,0.0,263714.0,69245.0,69245.0,69245.0,False,27,118576,27,27212,237114,237114
San Joaquin,MIXED,Age Group,5-11,76385.0,0.0,76385.0,2023-03-28,0.0,4428.0,0.0,24386.0,0.0,28817.0,47568.0,0.0,47568.0,False,0,3897,0,388,24304,24304
San Joaquin,MIXED,Age Group,50-64,139248.0,139248.0,139248.0,2023-03-28,1.0,8910.0,0.0,109593.0,1.0,118503.0,20745.0,20745.0,20745.0,False,9,72089,9,25510,109547,109547
San Joaquin,MIXED,Age Group,65+,106103.0,106103.0,106103.0,2023-03-28,0.0,7101.0,0.0,97383.0,0.0,104484.0,1619.0,1619.0,1619.0,False,26,75299,26,37471,97367,97367
San Joaquin,MIXED,Age Group,Under 5,48647.0,0.0,0.0,2023-03-28,,,,,,,,,,True,0,10,0,10,174,174
San Luis Obispo,MIXED,Age Group,12-17,19440.0,19440.0,19440.0,2023-03-28,0.0,1078.0,0.0,10339.0,0.0,11429.0,8011.0,8011.0,8011.0,False,0,4257,0,1529,10328,10328
San Luis Obispo,MIXED,Age Group,18-49,112864.0,112864.0,112864.0,2023-03-28,3.0,8855.0,1.0,71852.0,3.0,80712.0,32152.0,32152.0,32152.0,False,5,38857,5,11379,71821,71821
San Luis Obispo,MIXED,Age Group,5-11,18188.0,0.0,18188.0,2023-03-28,0.0,898.0,0.0,6353.0,0.0,7251.0,10937.0,0.0,10937.0,False,1,1910,1,1111,6330,6330
San Luis Obispo,MIXED,Age Group,50-64,50974.0,50974.0,50974.0,2023-03-28,1.0,3438.0,0.0,39585.0,1.0,43023.0,7951.0,7951.0,7951.0,False,5,27360,5,12144,39581,39581
San Luis Obispo,MIXED,Age Group,65+,65339.0,65339.0,65339.0,2023-03-28,1.0,3735.0,0.0,56603.0,1.0,60338.0,5001.0,5001.0,5001.0,False,8,46122,8,28526,56600,56600
San Luis Obispo,MIXED,Age Group,Under 5,11769.0,0.0,0.0,2023-03-28,1.0,553.0,0.0,893.0,1.0,1448.0,10321.0,0.0,0.0,False,0,49,0,49,264,264
San Mateo,MIXED,Age Group,12-17,54965.0,54965.0,54965.0,2023-03-28,0.0,3210.0,1.0,47888.0,0.0,51112.0,3853.0,3853.0,3853.0,False,12,32170,12,15233,47844,47844
San Mateo,MIXED,Age Group,18-49,309919.0,309919.0,309919.0,2023-03-28,7.0,30697.0,1.0,298543.0,7.0,329243.0,0.0,0.0,0.0,False,51,212830,51,93136,298417,298417
San Mateo,MIXED,Age Group,5-11,63237.0,0.0,63237.0,2023-03-28,6.0,3045.0,1.0,41336.0,6.0,44381.0,18856.0,0.0,18856.0,False,7,20785,7,12938,41194,41194
San Mateo,MIXED,Age Group,50-64,162707.0,162707.0,162707.0,2023-03-28,4.0,10498.0,0.0,141648.0,4.0,152146.0,10561.0,10561.0,10561.0,False,24,116751,24,64283,141627,141627
San Mateo,MIXED,Age Group,65+,145088.0,145088.0,145088.0,2023-03-28,1.0,9966.0,1.0,129724.0,1.0,139690.0,5398.0,5398.0,5398.0,False,28,114214,28,76629,129705,129705
San Mateo,MIXED,Age Group,Under 5,39074.0,0.0,0.0,2023-03-28,25.0,3947.0,24.0,11528.0,25.0,15479.0,23595.0,0.0,0.0,False,10,1528,10,1528,7088,7088
Santa Barbara,MIXED,Age Group,12-17,35944.0,35944.0,35944.0,2023-03-28,0.0,2432.0,1.0,22804.0,0.0,25242.0,10702.0,10702.0,10702.0,False,3,8785,3,2607,22768,22768
Santa Barbara,MIXED,Age Group,18-49,203226.0,203226.0,203226.0,2023-03-28,0.0,21018.0,1.0,147381.0,0.0,168404.0,34822.0,34822.0,34822.0,False,20,77076,20,21741,147288,147288
Santa Barbara,MIXED,Age Group,5-11,39516.0,0.0,39516.0,2023-03-28,3.0,2284.0,0.0,12753.0,3.0,15038.0,24478.0,0.0,24478.0,False,5,2961,5,1703,12696,12696
Santa Barbara,MIXED,Age Group,50-64,75640.0,75640.0,75640.0,2023-03-28,1.0,6018.0,0.0,63609.0,1.0,69627.0,6013.0,6013.0,6013.0,False,9,44672,9,18739,63602,63602
Santa Barbara,MIXED,Age Group,65+,72806.0,72806.0,72806.0,2023-03-28,0.0,6034.0,0.0,69775.0,0.0,75809.0,0.0,0.0,0.0,False,13,56733,13,34062,69768,69768
Santa Barbara,MIXED,Age Group,Under 5,26366.0,0.0,0.0,2023-03-28,1.0,1183.0,0.0,1475.0,1.0,2660.0,23706.0,0.0,0.0,False,0,52,0,52,466,466
Santa Clara,MIXED,Age Group,12-17,155760.0,155760.0,155760.0,2023-03-28,2.0,6091.0,0.0,125355.0,2.0,131465.0,24295.0,24295.0,24295.0,False,17,79090,17,30679,125281,125281
Santa Clara,MIXED,Age Group,18-49,849199.0,849199.0,849199.0,2023-03-28,20.0,71915.0,2.0,808673.0,20.0,880611.0,0.0,0.0,0.0,False,123,575413,123,215093,808318,808318
Santa Clara,MIXED,Age Group,5-11,168153.0,0.0,168153.0,2023-03-28,3.0,7684.0,3.0,101281.0,3.0,108969.0,59184.0,0.0,59184.0,False,20,40333,20,18390,100938,100938
Santa Clara,MIXED,Age Group,50-64,387030.0,387030.0,387030.0,2023-03-28,4.0,27378.0,0.0,351322.0,4.0,378700.0,8330.0,8330.0,8330.0,False,64,282148,64,139889,351243,351243
Santa Clara,MIXED,Age Group,65+,313603.0,313603.0,313603.0,2023-03-28,7.0,23229.0,3.0,279470.0,7.0,302699.0,10904.0,10904.0,10904.0,False,53,240744,53,150559,279441,279441
Santa Clara,MIXED,Age Group,Under 5,101082.0,0.0,0.0,2023-03-28,14.0,9470.0,44.0,22082.0,14.0,31556.0,69526.0,0.0,0.0,False,13,1753,13,1753,12719,12719
Santa Cruz,MIXED,Age Group,12-17,22159.0,22159.0,22159.0,2023-03-28,0.0,1001.0,0.0,15438.0,0.0,16444.0,5715.0,5715.0,5715.0,False,3,8126,3,3087,15419,15419
Santa Cruz,MIXED,Age Group,18-49,114109.0,114109.0,114109.0,2023-03-28,1.0,9125.0,0.0,91777.0,1.0,100904.0,13205.0,13205.0,13205.0,False,10,57958,10,20738,91729,91729
Santa Cruz,MIXED,Age Group,5-11,22722.0,0.0,22722.0,2023-03-28,1.0,1344.0,2.0,10370.0,1.0,11714.0,11008.0,0.0,11008.0,False,2,3310,2,2048,10301,10301
Santa Cruz,MIXED,Age Group,50-64,51797.0,51797.0,51797.0,2023-03-28,0.0,3099.0,0.0,45404.0,0.0,48503.0,3294.0,3294.0,3294.0,False,8,35349,8,18181,45398,45398
Santa Cruz,MIXED,Age Group,65+,51494.0,51494.0,51494.0,2023-03-28,0.0,3421.0,0.0,47536.0,0.0,50957.0,537.0,537.0,537.0,False,4,40864,4,27407,47528,47528
Santa Cruz,MIXED,Age Group,Under 5,12742.0,0.0,0.0,2023-03-28,2.0,749.0,2.0,1822.0,2.0,2572.0,10170.0,0.0,0.0,False,0,185,0,185,1441,1441
Shasta,MIXED,Age Group,12-17,13149.0,13149.0,13149.0,2023-03-28,0.0,429.0,0.0,3922.0,0.0,4357.0,8792.0,8792.0,8792.0,False,0,1051,0,286,3920,3920
Shasta,MIXED,Age Group,18-49,68656.0,68656.0,68656.0,2023-03-28,0.0,3875.0,1.0,29244.0,0.0,33120.0,35536.0,35536.0,35536.0,False,1,12567,1,2913,29223,29223
Shasta,MIXED,Age Group,5-11,14526.0,0.0,14526.0,2023-03-28,0.0,239.0,0.0,1650.0,0.0,1890.0,12636.0,0.0,12636.0,False,0,251,0,139,1641,1641
Shasta,MIXED,Age Group,50-64,32608.0,32608.0,32608.0,2023-03-28,0.0,2186.0,0.0,20893.0,0.0,23079.0,9529.0,9529.0,9529.0,False,1,12167,1,4268,20888,20888
Shasta,MIXED,Age Group,65+,37463.0,37463.0,37463.0,2023-03-28,2.0,3732.0,0.0,29671.0,2.0,33403.0,4060.0,4060.0,4060.0,False,6,21518,6,10936,29666,29666
Shasta,MIXED,Age Group,Under 5,10049.0,0.0,0.0,2023-03-28,,,,,,,,,,True,0,5,0,5,56,56
Sierra,MIXED,Age Group,12-17,154.0,154.0,154.0,2023-03-28,,,,,,,,,,True,0,12,0,6,56,56
Sierra,MIXED,Age Group,18-49,934.0,934.0,934.0,2023-03-28,0.0,36.0,0.0,427.0,0.0,463.0,471.0,471.0,471.0,False,0,180,0,53,427,427
Sierra,MIXED,Age Group,5-11,149.0,0.0,149.0,2023-03-28,,,,,,,,,,True,0,7,0,6,32,32
Sierra,MIXED,Age Group,50-64,670.0,670.0,670.0,2023-03-28,0.0,26.0,0.0,407.0,0.0,433.0,237.0,237.0,237.0,False,0,218,0,75,407,407
Sierra,MIXED,Age Group,65+,1056.0,1056.0,1056.0,2023-03-28,0.0,43.0,0.0,655.0,0.0,698.0,358.0,358.0,358.0,False,0,451,0,225,655,655
Sierra,MIXED,Age Group,Under 5,135.0,0.0,0.0,2023-03-28,,,,,,,,,,True,0,2,0,2,2,2
Siskiyou,MIXED,Age Group,12-17,3028.0,3028.0,3028.0,2023-03-28,0.0,104.0,0.0,921.0,0.0,1028.0,2000.0,2000.0,2000.0,False,0,248,0,76,919,919
Siskiyou,MIXED,Age Group,18-49,14922.0,14922.0,14922.0,2023-03-28,0.0,1028.0,0.0,6454.0,0.0,7482.0,7440.0,7440.0,7440.0,False,0,2613,0,628,6446,6446
Siskiyou,MIXED,Age Group,5-11,3090.0,0.0,3090.0,2023-03-28,0.0,75.0,0.0,375.0,0.0,450.0,2640.0,0.0,2640.0,False,0,72,0,36,373,373
Siskiyou,MIXED,Age Group,50-64,8041.0,8041.0,8041.0,2023-03-28,0.0,670.0,0.0,5289.0,0.0,5959.0,2082.0,2082.0,2082.0,False,0,3047,0,1239,5289,5289
Siskiyou,MIXED,Age Group,65+,11991.0,11991.0,11991.0,2023-03-28,0.0,869.0,0.0,8675.0,0.0,9544.0,2447.0,2447.0,2447.0,False,0,6370,0,3351,8675,8675
Siskiyou,MIXED,Age Group,Under 5,2243.0,0.0,0.0,2023-03-28,,,,,,,,,,True,0,1,0,1,23,23
Solano,MIXED,Age Group,12-17,36912.0,36912.0,36912.0,2023-03-28,0.0,2643.0,0.0,22182.0,0.0,24830.0,12082.0,12082.0,12082.0,False,1,8931,1,2792,22170,22170
Solano,MIXED,Age Group,18-49,184205.0,184205.0,184205.0,2023-03-28,1.0,17337.0,0.0,133453.0,1.0,150791.0,33414.0,33414.0,33414.0,False,22,72986,22,21894,133368,133368
Solano,MIXED,Age Group,5-11,36790.0,0.0,36790.0,2023-03-28,0.0,1639.0,0.0,13007.0,0.0,14646.0,22144.0,0.0,22144.0,False,0,3470,0,1882,12977,12977
Solano,MIXED,Age Group,50-64,84246.0,84246.0,84246.0,2023-03-28,0.0,7046.0,1.0,71285.0,0.0,78331.0,5915.0,5915.0,5915.0,False,10,50755,10,22596,71272,71272
Solano,MIXED,Age Group,65+,78679.0,78679.0,78679.0,2023-03-28,1.0,7026.0,0.0,70318.0,1.0,77344.0,1335.0,1335.0,1335.0,False,17,57470,17,35059,70311,70311
Solano,MIXED,Age Group,Under 5,24494.0,0.0,0.0,2023-03-28,3.0,905.0,1.0,1662.0,3.0,2568.0,21926.0,0.0,0.0,False,2,100,2,100,754,754
Sonoma,MIXED,Age Group,12-17,34575.0,34575.0,34575.0,2023-03-28,3.0,1856.0,1.0,26716.0,3.0,28578.0,5997.0,5997.0,5997.0,False,4,12910,4,4141,26684,26684
Sonoma,MIXED,Age Group,18-49,198918.0,198918.0,198918.0,2023-03-28,4.0,14100.0,2.0,161937.0,4.0,176041.0,22877.0,22877.0,22877.0,False,28,96627,28,28563,161842,161842
Sonoma,MIXED,Age Group,5-11,34278.0,0.0,34278.0,2023-03-28,1.0,2055.0,0.0,17704.0,1.0,19759.0,14519.0,0.0,14519.0,False,8,5337,8,3069,17630,17630
Sonoma,MIXED,Age Group,50-64,101647.0,101647.0,101647.0,2023-03-28,0.0,5157.0,1.0,87053.0,0.0,92210.0,9437.0,9437.0,9437.0,False,18,67137,18,31734,87043,87043
Sonoma,MIXED,Age Group,65+,110975.0,110975.0,110975.0,2023-03-28,2.0,6067.0,0.0,102351.0,2.0,108418.0,2557.0,2557.0,2557.0,False,26,88849,26,60794,102344,102344
Sonoma,MIXED,Age Group,Under 5,20486.0,0.0,0.0,2023-03-28,7.0,1209.0,4.0,2788.0,7.0,4000.0,16486.0,0.0,0.0,False,2,266,2,266,1928,1928
Stanislaus,MIXED,Age Group,12-17,50399.0,50399.0,50399.0,2023-03-28,1.0,2920.0,0.0,26486.0,1.0,29417.0,20982.0,20982.0,20982.0,False,1,7287,1,1702,26464,26464
Stanislaus,MIXED,Age Group,18-49,246429.0,246429.0,246429.0,2023-03-28,1.0,15453.0,0.0,153616.0,1.0,169070.0,77359.0,77359.0,77359.0,False,15,68527,15,14152,153470,153470
Stanislaus,MIXED,Age Group,5-11,56256.0,0.0,56256.0,2023-03-28,0.0,2493.0,0.0,11328.0,0.0,13828.0,42428.0,0.0,42428.0,False,0,1329,0,111,11273,11273
Stanislaus,MIXED,Age Group,50-64,94576.0,94576.0,94576.0,2023-03-28,0.0,5660.0,0.0,73337.0,0.0,78997.0,15579.0,15579.0,15579.0,False,13,43881,13,14506,73317,73317
Stanislaus,MIXED,Age Group,65+,77562.0,77562.0,77562.0,2023-03-28,0.0,5213.0,0.0,68936.0,0.0,74149.0,3413.0,3413.0,3413.0,False,9,50221,9,24054,68931,68931
Stanislaus,MIXED,Age Group,Under 5,36729.0,0.0,0.0,2023-03-28,,,,,,,,,,True,0,1,0,1,19,19
Statewide,MIXED,Age Group,12-17,3199686.0,3199686.0,3199686.0,2023-03-28,39.0,223030.0,16.0,2152934.0,39.0,2376776.0,822910.0,822910.0,822910.0,False,332,906911,332,305166,2151237,2151237
Statewide,MIXED,Age Group,18-49,17103751.0,17103751.0,17103751.0,2023-03-28,288.0,1763194.0,89.0,13444108.0,293.0,15207666.0,1896085.0,1896085.0,1896085.0,False,1632,7511975,1631,2355372,13435634,13435634
Statewide,MIXED,Age Group,5-11,3507810.0,0.0,3507810.0,2023-03-28,98.0,195453.0,58.0,1324863.0,98.0,1520495.0,1987315.0,0.0,1987315.0,False,317,390040,317,208578,1320038,1320038
Statewide,MIXED,Age Group,50-64,7427514.0,7427514.0,7427514.0,2023-03-28,96.0,606494.0,14.0,6268474.0,96.0,6874968.0,552546.0,552546.0,552546.0,False,1063,4383280,1063,1860417,6266977,6266977
Statewide,MIXED,Age Group,65+,6474841.0,6474841.0,6474841.0,2023-03-28,96.0,538768.0,6.0,5705467.0,96.0,6244235.0,230606.0,230606.0,230606.0,False,1187,4572367,1187,2585977,5704728,5704728
Statewide,MIXED,Age Group,Under 5,2239667.0,0.0,0.0,2023-03-28,277.0,115212.0,327.0,184162.0,277.0,299612.0,1940055.0,0.0,0.0,False,122,18417,122,18417,103708,103708
Sutter,MIXED,Age Group,12-17,8677.0,8677.0,8677.0,2023-03-28,0.0,372.0,1.0,4476.0,0.0,4851.0,3826.0,3826.0,3826.0,False,0,1040,0,256,4470,4470
Sutter,MIXED,Age Group,18-49,41923.0,41923.0,41923.0,2023-03-28,0.0,2402.0,0.0,25916.0,0.0,28320.0,13603.0,13603.0,13603.0,False,3,11169,3,1944,25894,25894
Sutter,MIXED,Age Group,5-11,8969.0,0.0,8969.0,2023-03-28,0.0,266.0,0.0,1976.0,0.0,2242.0,6727.0,0.0,6727.0,False,0,200,0,90,1957,1957
Sutter,MIXED,Age Group,50-64,17567.0,17567.0,17567.0,2023-03-28,0.0,1073.0,0.0,13367.0,0.0,14440.0,3127.0,3127.0,3127.0,False,0,7808,0,2161,13361,13361
Sutter,MIXED,Age Group,65+,15705.0,15705.0,15705.0,2023-03-28,1.0,1084.0,0.0,13644.0,1.0,14728.0,977.0,977.0,977.0,False,0,9991,0,4310,13643,13643
Sutter,MIXED,Age Group,Under 5,6369.0,0.0,0.0,2023-03-28,,,,,,,,,,True,0,4,0,4,24,24
Tehama,MIXED,Age Group,12-17,5299.0,5299.0,5299.0,2023-03-28,0.0,147.0,0.0,1640.0,0.0,1788.0,3511.0,3511.0,3511.0,False,0,344,0,76,1638,1638
Tehama,MIXED,Age Group,18-49,24685.0,24685.0,24685.0,2023-03-28,0.0,1277.0,0.0,10021.0,0.0,11298.0,13387.0,13387.0,13387.0,False,3,3805,3,759,10011,10011
Tehama,MIXED,Age Group,5-11,5533.0,0.0,5533.0,2023-03-28,0.0,138.0,0.0,607.0,0.0,745.0,4788.0,0.0,4788.0,False,0,72,0,34,604,604
Tehama,MIXED,Age Group,50-64,11886.0,11886.0,11886.0,2023-03-28,0.0,621.0,0.0,7141.0,0.0,7762.0,4124.0,4124.0,4124.0,False,0,3987,0,1318,7136,7136
Tehama,MIXED,Age Group,65+,12714.0,12714.0,12714.0,2023-03-28,1.0,820.0,0.0,9191.0,1.0,10011.0,2703.0,2703.0,2703.0,False,1,6509,1,3226,9187,9187
Tehama,MIXED,Age Group,Under 5,3833.0,0.0,0.0,2023-03-28,,,,,,,,,,True,0,2,0,2,27,27
Trinity,MIXED,Age Group,12-17,791.0,791.0,791.0,2023-03-28,0.0,63.0,0.0,219.0,0.0,282.0,509.0,509.0,509.0,False,0,71,0,20,219,219
Trinity,MIXED,Age Group,18-49,4065.0,4065.0,4065.0,2023-03-28,0.0,288.0,1.0,1801.0,0.0,2089.0,1976.0,1976.0,1976.0,False,0,764,0,190,1800,1800
Trinity,MIXED,Age Group,5-11,853.0,0.0,853.0,2023-03-28,,,,,,,,,,True,0,17,0,9,115,115
Trinity,MIXED,Age Group,50-64,2628.0,2628.0,2628.0,2023-03-28,0.0,195.0,0.0,1503.0,0.0,1698.0,930.0,930.0,930.0,False,0,884,0,326,1503,1503
Trinity,MIXED,Age Group,65+,4209.0,4209.0,4209.0,2023-03-28,0.0,281.0,0.0,2390.0,0.0,2671.0,1538.0,1538.0,1538.0,False,0,1824,0,1040,2390,2390
Trinity,MIXED,Age Group,Under 5,634.0,0.0,0.0,2023-03-28,,,,,,,,,,True,0,2,0,2,6,6
Tulare,MIXED,Age Group,12-17,50139.0,50139.0,50139.0,2023-03-28,1.0,2564.0,0.0,23840.0,1.0,26407.0,23732.0,23732.0,23732.0,False,1,5712,1,1107,23820,23820
Tulare,MIXED,Age Group,18-49,207959.0,207959.0,207959.0,2023-03-28,3.0,15526.0,0.0,123464.0,3.0,138993.0,68966.0,68966.0,68966.0,False,5,51554,5,8646,123296,123296
Tulare,MIXED,Age Group,5-11,55176.0,0.0,55176.0,2023-03-28,0.0,1978.0,0.0,10619.0,0.0,12598.0,42578.0,0.0,42578.0,False,0,1117,0,463,10598,10598
Tulare,MIXED,Age Group,50-64,73318.0,73318.0,73318.0,2023-03-28,2.0,5643.0,0.0,54751.0,2.0,60394.0,12924.0,12924.0,12924.0,False,4,31993,4,8649,54733,54733
Tulare,MIXED,Age Group,65+,60135.0,60135.0,60135.0,2023-03-28,4.0,4896.0,0.0,47627.0,4.0,52523.0,7612.0,7612.0,7612.0,False,4,34397,4,14234,47616,47616
Tulare,MIXED,Age Group,Under 5,34922.0,0.0,0.0,2023-03-28,,,,,,,,,,True,0,10,0,10,183,183
Tuolumne,MIXED,Age Group,12-17,2952.0,2952.0,2952.0,2023-03-28,0.0,120.0,0.0,1103.0,0.0,1223.0,1729.0,1729.0,1729.0,False,0,354,0,98,1102,1102
Tuolumne,MIXED,Age Group,18-49,18149.0,18149.0,18149.0,2023-03-28,0.0,958.0,0.0,8295.0,0.0,9253.0,8896.0,8896.0,8896.0,False,0,3939,0,1014,8291,8291
Tuolumne,MIXED,Age Group,5-11,3087.0,0.0,3087.0,2023-03-28,0.0,102.0,0.0,500.0,0.0,602.0,2485.0,0.0,2485.0,False,0,81,0,24,500,500
Tuolumne,MIXED,Age Group,50-64,10157.0,10157.0,10157.0,2023-03-28,0.0,503.0,0.0,6898.0,0.0,7401.0,2756.0,2756.0,2756.0,False,0,4246,0,1612,6894,6894
Tuolumne,MIXED,Age Group,65+,15082.0,15082.0,15082.0,2023-03-28,0.0,702.0,0.0,12113.0,0.0,12815.0,2267.0,2267.0,2267.0,False,1,9224,1,4987,12112,12112
Tuolumne,MIXED,Age Group,Under 5,2305.0,0.0,0.0,2023-03-28,,,,,,,,,,True,0,0,0,0,1,1
Ventura,MIXED,Age Group,12-17,68545.0,68545.0,68545.0,2023-03-28,2.0,3777.0,0.0,47114.0,2.0,50899.0,17646.0,17646.0,17646.0,False,5,18622,5,5734,47083,47083
Ventura,MIXED,Age Group,18-49,346804.0,346804.0,346804.0,2023-03-28,2.0,27194.0,3.0,270639.0,2.0,297837.0,48967.0,48967.0,48967.0,False,25,140809,25,38629,270526,270526
Ventura,MIXED,Age Group,5-11,72023.0,0.0,72023.0,2023-03-28,1.0,3395.0,0.0,24807.0,1.0,28202.0,43821.0,0.0,43821.0,False,1,5780,1,3183,24733,24733
Ventura,MIXED,Age Group,50-64,169053.0,169053.0,169053.0,2023-03-28,2.0,10120.0,0.0,142497.0,2.0,152617.0,16436.0,16436.0,16436.0,False,19,98837,19,40430,142482,142482
Ventura,MIXED,Age Group,65+,148209.0,148209.0,148209.0,2023-03-28,2.0,10283.0,0.0,137632.0,2.0,147915.0,294.0,294.0,294.0,False,27,110999,27,63116,137624,137624
Ventura,MIXED,Age Group,Under 5,45420.0,0.0,0.0,2023-03-28,2.0,1834.0,3.0,2146.0,2.0,3980.0,41440.0,0.0,0.0,False,0,130,0,130,1065,1065
Yolo,MIXED,Age Group,12-17,19904.0,19904.0,19904.0,2023-03-28,0.0,919.0,0.0,11467.0,0.0,12392.0,7512.0,7512.0,7512.0,False,0,5602,0,2449,11462,11462
Yolo,MIXED,Age Group,18-49,110776.0,110776.0,110776.0,2023-03-28,2.0,10144.0,0.0,79925.0,2.0,90072.0,20704.0,20704.0,20704.0,False,11,51690,11,20604,79875,79875
Yolo,MIXED,Age Group,5-11,20046.0,0.0,20046.0,2023-03-28,0.0,766.0,1.0,8371.0,0.0,9137.0,10909.0,0.0,10909.0,False,0,3087,0,1852,8336,8336
Yolo,MIXED,Age Group,50-64,33444.0,33444.0,33444.0,2023-03-28,1.0,2281.0,0.0,30829.0,1.0,33110.0,334.0,334.0,334.0,False,4,23066,4,12099,30823,30823
Yolo,MIXED,Age Group,65+,30639.0,30639.0,30639.0,2023-03-28,0.0,1927.0,0.0,29827.0,0.0,31754.0,0.0,0.0,0.0,False,6,25178,6,16647,29825,29825
Yolo,MIXED,Age Group,Under 5,11085.0,0.0,0.0,2023-03-28,0.0,662.0,5.0,1325.0,0.0,1987.0,9098.0,0.0,0.0,False,1,163,1,163,862,862
Yuba,MIXED,Age Group,12-17,7208.0,7208.0,7208.0,2023-03-28,0.0,329.0,0.0,2976.0,0.0,3308.0,3900.0,3900.0,3900.0,False,0,737,0,191,2972,2972
Yuba,MIXED,Age Group,18-49,33335.0,33335.0,33335.0,2023-03-28,1.0,1940.0,1.0,18076.0,2.0,20017.0,13318.0,13318.0,13318.0,False,2,7455,2,1473,18049,18049
Yuba,MIXED,Age Group,5-11,8000.0,0.0,8000.0,2023-03-28,0.0,215.0,0.0,1478.0,0.0,1693.0,6307.0,0.0,6307.0,False,0,201,0,97,1466,1466
Yuba,MIXED,Age Group,50-64,13385.0,13385.0,13385.0,2023-03-28,1.0,791.0,0.0,8975.0,1.0,9766.0,3619.0,3619.0,3619.0,False,1,5256,1,1761,8974,8974
Yuba,MIXED,Age Group,65+,10515.0,10515.0,10515.0,2023-03-28,0.0,745.0,0.0,8436.0,0.0,9181.0,1334.0,1334.0,1334.0,False,1,6049,1,2841,8436,8436
Yuba,MIXED,Age Group,Under 5,5680.0,0.0,0.0,2023-03-28,,,,,,,,,,True,0,2,0,2,34,34
